{"Year": [1970.0, 1970.5, 1971.0, 1971.5, 1972.0, 1972.5, 1973.0, 1973.5, 1974.0, 1974.5, 1975.0, 1975.5, 1976.0, 1976.5, 1977.0, 1977.5, 1978.0, 1978.5, 1979.0, 1979.5, 1980.0, 1980.5, 1981.0, 1981.5, 1982.0, 1982.5, 1983.0, 1983.5, 1984.0, 1984.5, 1985.0, 1985.5, 1986.0, 1986.5, 1987.0, 1987.5, 1988.0, 1988.5, 1989.0, 1989.5, 1990.0, 1990.5, 1991.0, 1991.5, 1992.0, 1992.5, 1993.0, 1993.5, 1994.0, 1994.5, 1995.0, 1995.5, 1996.0, 1996.5, 1997.0, 1997.5, 1998.0, 1998.5, 1999.0, 1999.5, 2000.0, 2000.5, 2001.0, 2001.5, 2002.0, 2002.5, 2003.0, 2003.5, 2004.0, 2004.5, 2005.0, 2005.5, 2006.0, 2006.5, 2007.0, 2007.5, 2008.0, 2008.5, 2009.0, 2009.5, 2010.0, 2010.5, 2011.0, 2011.5, 2012.0, 2012.5, 2013.0, 2013.5, 2014.0, 2014.5, 2015.0, 2015.5, 2016.0, 2016.5, 2017.0, 2017.5, 2018.0, 2018.5, 2019.0, 2019.5, 2020.0, 2020.5, 2021.0, 2021.5, 2022.0, 2022.5, 2023.0, 2023.5, 2024.0, 2024.5, 2025.0, 2025.5, 2026.0, 2026.5, 2027.0, 2027.5, 2028.0, 2028.5, 2029.0, 2029.5, 2030.0, 2030.5, 2031.0, 2031.5, 2032.0, 2032.5, 2033.0, 2033.5, 2034.0, 2034.5, 2035.0, 2035.5, 2036.0], "N": [42314414.13579804, 42838788.246403016, 43369148.36377213, 43905514.71078914, 44447906.53680951, 44996340.73375707, 45550822.612744935, 46111369.73646781, 46678001.810831144, 47250736.78879218, 47829590.87036, 48414578.50259551, 49005712.37961141, 49603003.44257228, 50206460.87969446, 50816092.12624615, 51431902.86454735, 52053897.023969896, 52682076.78093745, 53316442.55892548, 53956993.02846128, 54603725.10712398, 55256633.9595445, 55915712.99740562, 56580953.879441924, 57252346.51143981, 57929879.04623752, 58613537.88372509, 59303307.6708444, 59999171.30158913, 60701109.917004816, 61409102.90518879, 62123127.9012902, 62843160.78751004, 63569175.69310109, 64301144.99436802, 65039039.31466724, 65782827.524407014, 66532476.74104746, 67287952.32910047, 68049217.90012978, 68816235.31275097, 69588964.67263138, 70367364.33249024, 71151390.89209855, 71940999.19827917, 72736142.34490675, 73536766.5672867, 74342781.26446815, 75154126.76255518, 75970748.9581222, 76792590.22358295, 77619589.40719073, 78451681.83303821, 79288799.30105752, 80130870.0870202, 80977818.94253726, 81829567.0950591, 82686032.2478756, 83547128.5801161, 84412766.74674927, 85282853.87858331, 86157293.58226585, 87035985.9402839, 87918827.51096396, 88805711.32847196, 89696526.90281324, 90591160.2198326, 91489493.74121422, 92391406.40448183, 93296773.62299848, 94205467.28596671, 95117355.75842851, 96032303.88126527, 96950172.97119786, 97870820.82078652, 98794101.69843097, 99719866.34837039, 100647961.99068333, 101578232.32128786, 102510517.51194139, 103444654.21024083, 104380475.53962253, 105317811.09936224, 106256486.96457514, 107196325.68621595, 108137146.29107866, 109078764.28179683, 110020991.63684338, 110963636.8105307, 111906504.73301065, 112849396.81027442, 113792110.92415276, 114734441.43231575, 115676179.16827299, 116617111.44137345, 117557022.03680561, 118495691.21559732, 119432895.71461588, 120368408.74656805, 121302000.0, 122233435.63929734, 123162478.30468513, 124088887.11222787, 125012417.6538295, 125932821.99723335, 126849848.68602222, 127763242.73961838, 128672745.65328345, 129578095.39811854, 130479026.42106426, 131375269.64490049, 132266552.46824671, 133152598.76556179, 134033128.88714395, 134907859.65913093, 135776504.38349995, 136638772.83806753, 137494371.27648973, 138343002.42826203, 139184365.4987193, 140018156.16903594, 140844066.59622565, 141661785.41314167, 142470997.72847667, 143271385.12676275, 144062625.66837132, 144844393.88951346, 145616360.80223954, 146378193.89443934, 147129557.12984216, 147870110.9480167, 148599512.26437107], "RateAgeing": [0.0, 0.0, 0.0, 0.0, 0.0, 0.0, 0.0, 0.0, 0.0, 0.0, 0.0, 0.0, 0.0, 0.0, 0.0, 0.0, 0.0, 0.0, 0.0, 0.0, 0.0, 0.0, 0.0, 0.0, 0.0, 0.0, 0.0, 0.0, 0.0, 0.0, 0.0, 0.0, 0.0, 0.0, 0.0, 0.0, 0.0, 0.0, 0.0, 0.0, 0.0, 0.0, 0.0, 0.0, 0.0, 0.0, 0.0, 0.0, 0.0, 0.0, 0.0, 0.0, 0.0, 0.0, 0.0, 0.0, 0.0, 0.0, 0.0, 0.0, 0.0, 0.0, 0.0, 0.0, 0.0, 0.0, 0.0, 0.0, 0.0, 0.0, 0.0, 0.0, 0.0, 0.0, 0.0, 0.0, 0.0, 0.0, 0.0, 0.0, 0.0, 0.0, 0.0, 0.0, 0.0, 0.0, 0.0, 0.0, 0.0, 0.0, 0.0, 0.0, 0.0, 0.0, 0.0, 0.0, 0.0, 0.0, 0.0, 0.0, 0.0, 0.0, 0.0, 0.0, 0.0, 0.0, 0.0, 0.0, 0.0, 0.0, 0.0, 0.0, 0.0, 0.0, 0.0, 0.0, 0.0, 0.0, 0.0, 0.0, 0.0, 0.0, 0.0, 0.0, 0.0, 0.0, 0.0, 0.0, 0.0, 0.0, 0.0, 0.0, 0.0], "RateDeath": [0.021217555661049898, 0.02096512679058665, 0.02071570110935318, 0.020469242887896137, 0.020225716821841565, 0.019985088026837648, 0.019747322033557658, 0.01951238478276228, 0.0192802426204208, 0.01905086229289021, 0.018824210942151767, 0.01860025610110416, 0.01837896568891271, 0.018160308006413883, 0.017944251731574507, 0.01773076591500494, 0.017519819975525718, 0.017311383695786862, 0.017105427217939354, 0.016901921039358083, 0.016700836008415695, 0.016502143320306698, 0.016305814512921284, 0.0161118214627682, 0.01592013638094616, 0.01573073180916317, 0.015543580615803186, 0.015358655992039649, 0.015175931447995152, 0.014995380808946869, 0.014816978211577115, 0.014640698100268483, 0.014466515223443114, 0.014294404629945447, 0.01412434166546808, 0.013956301969020094, 0.013790261469437433, 0.013626196381934763, 0.013464083204698404, 0.013303898715519739, 0.01314561996846873, 0.012989224290606964, 0.012834689278739844, 0.012681992796207383, 0.012531112969713213, 0.01238202818619129, 0.012234717089709891, 0.012089158578412461, 0.011945331801494808, 0.011803216156218316, 0.011662791284958651, 0.011524037072289604, 0.01138693364210161, 0.011251461354754569, 0.011117600804264513, 0.010985332815523776, 0.010854638441554203, 0.01072549896079307, 0.010597895874411265, 0.010471810903663397, 0.010347225987269422, 0.010224123278827412, 0.010102485144257125, 0.009982294159273968, 0.009863533106893033, 0.009746184974962806, 0.009630232953728238, 0.009515660433422793, 0.00940245100188916, 0.009290588442228251, 0.009180056730476185, 0.009070840033308915, 0.008962922705774135, 0.008856289289050204, 0.008750924508231714, 0.0086468132701414, 0.008543940661168101, 0.008442291945130425, 0.008341852561165838, 0.008242608121644861, 0.008144544410110099, 0.008047647379239763, 0.007951903148835445, 0.007857298003833823, 0.007763818392342008, 0.007671450923696298, 0.0075801823665439865, 0.00748999964694803, 0.00740088984651423, 0.007312840200540729, 0.0072258380961895, 0.007139871070679591, 0.007054926809501881, 0.006970993144655055, 0.006888058052902586, 0.006806109654050435, 0.006725136209245251, 0.006645126119292824, 0.006566067922996527, 0.006487950295515543, 0.00641076204674261, 0.00633449211970108, 0.006259129588961037, 0.006184663659074261, 0.00611108366302782, 0.006038379060716049, 0.005966539437430714, 0.0058955545023691375, 0.00582541408716007, 0.005756108144407109, 0.005687626746249435, 0.005619960082939679, 0.005553098461438704, 0.005487032304027112, 0.005421752146933259, 0.005357248638977606, 0.005293512540233188, 0.005230534720702023, 0.005168306159007266, 0.005106817941100929, 0.005046061258986976, 0.004986027409459589, 0.004926707792856478, 0.004868093911826995, 0.004810177370114919, 0.0047529498713557205, 0.004696403217888128, 0.004640529309579843, 0.004585320142667218, 0.004530767808608744, 0.004476864492952178, 0.004423602474215143, 0.004370974122779053],