{"Year": [1970.0, 1970.5, 1971.0, 1971.5, 1972.0, 1972.5, 1973.0, 1973.5, 1974.0, 1974.5, 1975.0, 1975.5, 1976.0, 1976.5, 1977.0, 1977.5, 1978.0, 1978.5, 1979.0, 1979.5, 1980.0, 1980.5, 1981.0, 1981.5, 1982.0, 1982.5, 1983.0, 1983.5, 1984.0, 1984.5, 1985.0, 1985.5, 1986.0, 1986.5, 1987.0, 1987.5, 1988.0, 1988.5, 1989.0, 1989.5, 1990.0, 1990.5, 1991.0, 1991.5, 1992.0, 1992.5, 1993.0, 1993.5, 1994.0, 1994.5, 1995.0, 1995.5, 1996.0, 1996.5, 1997.0, 1997.5, 1998.0, 1998.5, 1999.0, 1999.5, 2000.0, 2000.5, 2001.0, 2001.5, 2002.0, 2002.5, 2003.0, 2003.5, 2004.0, 2004.5, 2005.0, 2005.5, 2006.0, 2006.5, 2007.0, 2007.5, 2008.0, 2008.5, 2009.0, 2009.5, 2010.0, 2010.5, 2011.0, 2011.5, 2012.0, 2012.5, 2013.0, 2013.5, 2014.0, 2014.5, 2015.0, 2015.5, 2016.0, 2016.5, 2017.0, 2017.5, 2018.0, 2018.5, 2019.0, 2019.5, 2020.0, 2020.5, 2021.0, 2021.5, 2022.0, 2022.5, 2023.0, 2023.5, 2024.0, 2024.5, 2025.0, 2025.5, 2026.0, 2026.5, 2027.0, 2027.5, 2028.0, 2028.5, 2029.0, 2029.5, 2030.0, 2030.5, 2031.0, 2031.5, 2032.0, 2032.5, 2033.0, 2033.5, 2034.0, 2034.5, 2035.0, 2035.5, 2036.0], "N": [31878.748540919376, 32354.665832380524, 32831.10134318717, 33307.93981517045, 33785.06638144921, 34262.36952074905, 34739.74696533185, 35217.08189967525, 35694.25690585697, 36171.156014093795, 36647.664702741575, 37123.66989829524, 37599.05997538877, 38073.72475679521, 38547.55551342667, 39020.44496433433, 39492.28727670844, 39962.97806587831, 40432.414395312306, 40900.49477661786, 41367.11916954148, 41832.18898196874, 42295.60706992427, 42757.277737571756, 43217.10673721398, 43675.00126929275, 44130.86998238898, 44584.622973222606, 45036.17178665266, 45485.42941567722, 45932.31030143346, 46376.730333197585, 46818.60684838487, 47257.85863254967, 47694.4059193854, 48128.170390724525, 48559.07517653859, 48987.0448549382, 49412.00545217304, 49833.88444263184, 50252.610748842395, 50668.11474147159, 51080.32823932532, 51489.18450934862, 51894.61826662552, 52296.56395581842, 52694.894147187064, 53089.52842121099, 53480.42575024206, 53867.54616239472, 54250.85074154607, 54630.30162733585, 55005.862015166436, 55377.49615620281, 55745.169357372644, 56108.84798136619, 56468.499446636364, 56824.092227398716, 57175.59585363142, 57522.980911075305, 57866.2190412338, 58205.28294137302, 58540.146364521665, 58870.78411947111, 59197.17207077533, 59519.28713875096, 59837.10729947726, 60150.611584796134, 60459.78008231211, 60764.59393539235, 61065.03534316668, 61361.08756052752, 61652.734898129944, 61939.962722391676, 62222.75745549303, 62501.10657537702, 62774.99861574925, 63044.423166077955, 63309.370871594045, 63569.833433291016, 63825.80360792503, 64077.27520801489, 64324.243101842025, 64566.70321345048, 64804.652522646946, 65038.08906500077, 65267.011931843925, 65491.421270271, 65711.31828313923, 65926.7052290685, 66137.5854224413, 66343.9632334028, 66545.84408786075, 66743.23446748558, 66936.14190971032, 67124.57500773069, 67308.54341050498, 67488.05782275414, 67663.13000496179, 67833.7727733741, 68000.0, 68161.82661261094, 68319.26859474105, 68472.34298568711, 68621.0678805085, 68765.4624300273, 68905.54684082816, 69041.34237525836, 69172.87135142785, 69300.15714320923, 69423.22418023771, 69542.09794791111, 69656.80498738994, 69767.3728955973, 69873.83032521895, 69976.20698470327, 70074.5336382613, 70168.84210586669, 70259.16526325574, 70345.53704192735, 70427.99242914311, 70506.56746792722, 70581.29925706651, 70652.22595111043, 70719.38676037114, 70782.8219509233, 70842.57284460435, 70898.68181901428, 70951.19230751574, 71000.148799234, 71045.59683905698, 71087.58302763522, 71126.15502138194], "RateAgeing": [0.0, 0.0, 0.0, 0.0, 0.0, 0.0, 0.0, 0.0, 0.0, 0.0, 0.0, 0.0, 0.0, 0.0, 0.0, 0.0, 0.0, 0.0, 0.0, 0.0, 0.0, 0.0, 0.0, 0.0, 0.0, 0.0, 0.0, 0.0, 0.0, 0.0, 0.0, 0.0, 0.0, 0.0, 0.0, 0.0, 0.0, 0.0, 0.0, 0.0, 0.0, 0.0, 0.0, 0.0, 0.0, 0.0, 0.0, 0.0, 0.0, 0.0, 0.0, 0.0, 0.0, 0.0, 0.0, 0.0, 0.0, 0.0, 0.0, 0.0, 0.0, 0.0, 0.0, 0.0, 0.0, 0.0, 0.0, 0.0, 0.0, 0.0, 0.0, 0.0, 0.0, 0.0, 0.0, 0.0, 0.0, 0.0, 0.0, 0.0, 0.0, 0.0, 0.0, 0.0, 0.0, 0.0, 0.0, 0.0, 0.0, 0.0, 0.0, 0.0, 0.0, 0.0, 0.0, 0.0, 0.0, 0.0, 0.0, 0.0, 0.0, 0.0, 0.0, 0.0, 0.0, 0.0, 0.0, 0.0, 0.0, 0.0, 0.0, 0.0, 0.0, 0.0, 0.0, 0.0, 0.0, 0.0, 0.0, 0.0, 0.0, 0.0, 0.0, 0.0, 0.0, 0.0, 0.0, 0.0, 0.0, 0.0, 0.0, 0.0, 0.0], "RateDeath": [0.0061237728750253, 0.0061237728750253, 0.0061237728750253, 0.0061237728750253, 0.0061237728750253, 0.0061237728750253, 0.0061237728750253, 0.0061237728750253, 0.0061237728750253, 0.0061237728750253, 0.0061237728750253, 0.0061237728750253, 0.0061237728750253, 0.0061237728750253, 0.0061237728750253, 0.0061237728750253, 0.0061237728750253, 0.0061237728750253, 0.0061237728750253, 0.0061237728750253, 0.0061237728750253, 0.0061237728750253, 0.0061237728750253, 0.0061237728750253, 0.0061237728750253, 0.0061237728750253, 0.0061237728750253, 0.0061237728750253, 0.0061237728750253, 0.0061237728750253, 0.0061237728750253, 0.0061237728750253, 0.0061237728750253, 0.0061237728750253, 0.0061237728750253, 0.0061237728750253, 0.0061237728750253, 0.0061237728750253, 0.0061237728750253, 0.0061237728750253, 0.0061237728750253, 0.0061237728750253, 0.0061237728750253, 0.0061237728750253, 0.0061237728750253, 0.0061237728750253, 0.0061237728750253, 0.0061237728750253, 0.0061237728750253, 0.0061237728750253, 0.0061237728750253, 0.0061237728750253, 0.0061237728750253, 0.0061237728750253, 0.0061237728750253, 0.0061237728750253, 0.0061237728750253, 0.0061237728750253, 0.0061237728750253, 0.0061237728750253, 0.0061237728750253, 0.0061237728750253, 0.0061237728750253, 0.0061237728750253, 0.0061237728750253, 0.0061237728750253, 0.0061237728750253, 0.0061237728750253, 0.0061237728750253, 0.0061237728750253, 0.0061237728750253, 0.0061237728750253, 0.0061237728750253, 0.0061237728750253, 0.0061237728750253, 0.0061237728750253, 0.0061237728750253, 0.0061237728750253, 0.0061237728750253, 0.0061237728750253, 0.0061237728750253, 0.0061237728750253, 0.0061237728750253, 0.0061237728750253, 0.0061237728750253, 0.0061237728750253, 0.0061237728750253, 0.0061237728750253, 0.0061237728750253, 0.0061237728750253, 0.0061237728750253, 0.0061237728750253, 0.0061237728750253, 0.0061237728750253, 0.0061237728750253, 0.0061237728750253, 0.0061237728750253, 0.0061237728750253, 0.0061237728750253, 0.0061237728750253, 0.0061237728750253, 0.0061237728750253, 0.0061237728750253, 0.0061237728750253, 0.0061237728750253, 0.0061237728750253, 0.0061237728750253, 0.0061237728750253, 0.0061237728750253, 0.0061237728750253, 0.0061237728750253, 0.0061237728750253, 0.0061237728750253, 0.0061237728750253, 0.0061237728750253, 0.0061237728750253, 0.0061237728750253, 0.0061237728750253, 0.0061237728750253, 0.0061237728750253, 0.0061237728750253, 0.0061237728750253, 0.0061237728750253, 0.0061237728750253, 0.0061237728750253, 0.0061237728750253, 0.0061237728750253, 0.0061237728750253, 0.0061237728750253, 0.0061237728750253, 0.0061237728750253, 0.0061237728750253, 0.0061237728750253],