{"Year": [1970.0, 1970.5, 1971.0, 1971.5, 1972.0, 1972.5, 1973.0, 1973.5, 1974.0, 1974.5, 1975.0, 1975.5, 1976.0, 1976.5, 1977.0, 1977.5, 1978.0, 1978.5, 1979.0, 1979.5, 1980.0, 1980.5, 1981.0, 1981.5, 1982.0, 1982.5, 1983.0, 1983.5, 1984.0, 1984.5, 1985.0, 1985.5, 1986.0, 1986.5, 1987.0, 1987.5, 1988.0, 1988.5, 1989.0, 1989.5, 1990.0, 1990.5, 1991.0, 1991.5, 1992.0, 1992.5, 1993.0, 1993.5, 1994.0, 1994.5, 1995.0, 1995.5, 1996.0, 1996.5, 1997.0, 1997.5, 1998.0, 1998.5, 1999.0, 1999.5, 2000.0, 2000.5, 2001.0, 2001.5, 2002.0, 2002.5, 2003.0, 2003.5, 2004.0, 2004.5, 2005.0, 2005.5, 2006.0, 2006.5, 2007.0, 2007.5, 2008.0, 2008.5, 2009.0, 2009.5, 2010.0, 2010.5, 2011.0, 2011.5, 2012.0, 2012.5, 2013.0, 2013.5, 2014.0, 2014.5, 2015.0, 2015.5, 2016.0, 2016.5, 2017.0, 2017.5, 2018.0, 2018.5, 2019.0, 2019.5, 2020.0, 2020.5, 2021.0, 2021.5, 2022.0, 2022.5, 2023.0, 2023.5, 2024.0, 2024.5, 2025.0, 2025.5, 2026.0, 2026.5, 2027.0, 2027.5, 2028.0, 2028.5, 2029.0, 2029.5, 2030.0, 2030.5, 2031.0, 2031.5, 2032.0, 2032.5, 2033.0, 2033.5, 2034.0, 2034.5, 2035.0, 2035.5, 2036.0], "N": [11290094.988120927, 11500897.382468928, 11712712.925277764, 11925489.359605206, 12139174.244345188, 12353717.655147413, 12569071.742162868, 12785181.064635467, 13001990.276874864, 13219444.460710594, 13437489.125492087, 13656070.208088638, 13875134.07288945, 14094627.511803586, 14314497.744260017, 14534692.417207582, 14755159.605115011, 14975847.809970917, 15196705.961283797, 15417683.416082034, 15638729.958913894, 15859795.801847527, 16080831.58447097, 16301788.373892142, 16522617.664738847, 16743271.379158774, 16963701.866819493, 17183861.90490847, 17403704.698133036, 17623183.878720425, 17842253.506417744, 18060868.06849199, 18278982.479730044, 18496552.082438663, 18713532.646444507, 18929880.369094096, 19145551.875253856, 19360504.217310086, 19574694.875168975, 19788081.756256588, 20000623.195518885, 20212277.955421697, 20423005.225950763, 20632764.28551037, 20841490.23592332, 21049134.52047305, 21255667.105973493, 21461058.3996484, 21665279.24913133, 21868300.94246568, 22070095.208104663, 22270634.214911304, 22469890.572158456, 22667837.32952879, 22864447.977114797, 23059696.445418786, 23253557.105352893, 23446004.768239062, 23637014.685809076, 23826562.55020451, 24014624.493976798, 24201177.090087153, 24386197.351906635, 24569662.733216118, 24751551.128206294, 24931840.87147768, 25110510.738040596, 25287539.943315208, 25462908.143131487, 25636595.433729224, 25808582.35175804, 25978849.87427736, 26147379.418756444, 26314152.843074363, 26479152.445520017, 26642360.964792117, 26803761.579999197, 26963337.91065962, 27121074.016701557, 27276954.398462996, 27430963.996691763, 27583088.192545496, 27733312.807591643, 27881624.103807483, 28028008.783580124, 28172453.989706464, 28314947.305393253, 28455476.75425705, 28594030.80032422, 28730598.34803097, 28865168.742223315, 28997731.7681571, 29128277.651497975, 29256797.058321424, 29383281.09511274, 29507721.308767047, 29630109.686589282, 29750438.656294204, 29868701.086006396, 29984890.28426025, 30098999.999999996, 30211024.42257967, 30320958.181763127, 30428796.347724054, 30534534.431045957, 30638168.38272214, 30739694.594155755, 30839109.897159766, 30936411.563956946, 31031597.30717991, 31124665.279871065, 31215614.07548266, 31304442.72787676, 31391150.711325236, 31475737.940509807, 31558204.770521987, 31638551.99686312, 31716780.855444368, 31792893.022586714, 31866890.615020964, 31938776.18988774, 32008552.74473749, 32076223.717530474, 32141792.986636788, 32205264.870836314, 32266644.129318792, 32325935.96168377, 32383146.0079406, 32438280.348508485, 32491345.504216414, 32542348.43630322, 32591296.54641755, 32638197.67661787], "RateAgeing": [0.0, 0.0, 0.0, 0.0, 0.0, 0.0, 0.0, 0.0, 0.0, 0.0, 0.0, 0.0, 0.0, 0.0, 0.0, 0.0, 0.0, 0.0, 0.0, 0.0, 0.0, 0.0, 0.0, 0.0, 0.0, 0.0, 0.0, 0.0, 0.0, 0.0, 0.0, 0.0, 0.0, 0.0, 0.0, 0.0, 0.0, 0.0, 0.0, 0.0, 0.0, 0.0, 0.0, 0.0, 0.0, 0.0, 0.0, 0.0, 0.0, 0.0, 0.0, 0.0, 0.0, 0.0, 0.0, 0.0, 0.0, 0.0, 0.0, 0.0, 0.0, 0.0, 0.0, 0.0, 0.0, 0.0, 0.0, 0.0, 0.0, 0.0, 0.0, 0.0, 0.0, 0.0, 0.0, 0.0, 0.0, 0.0, 0.0, 0.0, 0.0, 0.0, 0.0, 0.0, 0.0, 0.0, 0.0, 0.0, 0.0, 0.0, 0.0, 0.0, 0.0, 0.0, 0.0, 0.0, 0.0, 0.0, 0.0, 0.0, 0.0, 0.0, 0.0, 0.0, 0.0, 0.0, 0.0, 0.0, 0.0, 0.0, 0.0, 0.0, 0.0, 0.0, 0.0, 0.0, 0.0, 0.0, 0.0, 0.0, 0.0, 0.0, 0.0, 0.0, 0.0, 0.0, 0.0, 0.0, 0.0, 0.0, 0.0, 0.0, 0.0], "RateDeath": [0.012237335832104332, 0.012157397424296593, 0.012077981201148204, 0.01199908375157273, 0.011920701686766103, 0.011842831640061073, 0.01176547026678259, 0.011688614244104148, 0.011612260270905077, 0.011536405067628727, 0.011461045376141631, 0.011386177959593543, 0.011311799602278414, 0.011237907109496277, 0.01116449730741602, 0.01109156704293907, 0.011019113183563956, 0.01094713261725176, 0.010875622252292464, 0.010804579017172128, 0.010733999860440992, 0.010663881750582386, 0.010594221675882535, 0.01052501664430119, 0.010456263683343127, 0.010387959839930454, 0.01032010218027579, 0.010252687789756234, 0.010185713772788194, 0.010119177252703003, 0.010053075371623364, 0.0099874052903406, 0.009922164188192703, 0.009857349262943186, 0.009792957730660707, 0.009728986825599513, 0.009665433800080626, 0.009602295924373845, 0.00953957048658048, 0.00947725479251688, 0.009415346165598713, 0.009353841946725998, 0.009292739494168893, 0.009232036183454225, 0.00917172940725277, 0.009111816575267254, 0.0090522951141211, 0.008993162467247897, 0.008934416094781588, 0.008876053473447377, 0.00881807209645335, 0.00876046947338281, 0.008703243130087294, 0.008646390608580317, 0.008589909466931788, 0.008533797279163131, 0.008478051635143077, 0.008422670140484154, 0.008367650416439831, 0.008312990099802355, 0.00825868684280124, 0.008204738313002438, 0.008151142193208134, 0.008097896181357244, 0.008044997990426518, 0.007992445348332315, 0.00794023599783301, 0.007888367696432039, 0.007836838216281592, 0.007785645344086904, 0.007734786881011202, 0.0076842606425812565, 0.007634064458593553, 0.0075841961730210815, 0.007534653643920726, 0.007485434743341266, 0.0074365373572319775, 0.007387959385351829, 0.007339698741179273, 0.007291753351822622, 0.007244121157931018, 0.007196800113605984, 0.00714978818631353, 0.0071030833567968755, 0.007056683618989699, 0.007010586979929987, 0.006964791459674423, 0.006919295091213351, 0.006874095920386282, 0.006829192005797966, 0.006784581418735, 0.0067402622430829924, 0.006696232575244251, 0.006652490524056032, 0.0066090342107093004, 0.006565861768668038, 0.006522971343589071, 0.0064803610932424194, 0.006438029187432171, 0.006395973807917872, 0.0063541931483364275, 0.006312685414124518, 0.006271448822441517, 0.006230481602092912, 0.006189781993454234, 0.006149348248395473, 0.006109178630205995, 0.006069271413519947, 0.006029624884242146, 0.005990237339474458, 0.005951107087442654, 0.005912232447423748, 0.005873611749673801, 0.005835243335356203, 0.0057971255564704316, 0.005759256775781252, 0.005721635366748406, 0.005684259713456749, 0.005647128210546832, 0.005610239263145961, 0.005573591286799689, 0.005537182707403757, 0.005501011961136488, 0.005465077494391617, 0.005429377763711557, 0.005393911235721108, 0.005358676387061596, 0.005323671704325438, 0.00528889568399114, 0.005254346832358719, 0.005220023665485545, 0.0051859247091226, 0.005152048498651159],