{"Year": [1970.0, 1970.5, 1971.0, 1971.5, 1972.0, 1972.5, 1973.0, 1973.5, 1974.0, 1974.5, 1975.0, 1975.5, 1976.0, 1976.5, 1977.0, 1977.5, 1978.0, 1978.5, 1979.0, 1979.5, 1980.0, 1980.5, 1981.0, 1981.5, 1982.0, 1982.5, 1983.0, 1983.5, 1984.0, 1984.5, 1985.0, 1985.5, 1986.0, 1986.5, 1987.0, 1987.5, 1988.0, 1988.5, 1989.0, 1989.5, 1990.0, 1990.5, 1991.0, 1991.5, 1992.0, 1992.5, 1993.0, 1993.5, 1994.0, 1994.5, 1995.0, 1995.5, 1996.0, 1996.5, 1997.0, 1997.5, 1998.0, 1998.5, 1999.0, 1999.5, 2000.0, 2000.5, 2001.0, 2001.5, 2002.0, 2002.5, 2003.0, 2003.5, 2004.0, 2004.5, 2005.0, 2005.5, 2006.0, 2006.5, 2007.0, 2007.5, 2008.0, 2008.5, 2009.0, 2009.5, 2010.0, 2010.5, 2011.0, 2011.5, 2012.0, 2012.5, 2013.0, 2013.5, 2014.0, 2014.5, 2015.0, 2015.5, 2016.0, 2016.5, 2017.0, 2017.5, 2018.0, 2018.5, 2019.0, 2019.5, 2020.0, 2020.5, 2021.0, 2021.5, 2022.0, 2022.5, 2023.0, 2023.5, 2024.0, 2024.5, 2025.0, 2025.5, 2026.0, 2026.5, 2027.0, 2027.5, 2028.0, 2028.5, 2029.0, 2029.5, 2030.0, 2030.5, 2031.0, 2031.5, 2032.0, 2032.5, 2033.0, 2033.5, 2034.0, 2034.5, 2035.0, 2035.5, 2036.0], "N": [44112199.46874425, 44743394.94582645, 45376222.60911035, 46010564.07513342, 46646300.60522949, 47283315.66973034, 47921501.907200105, 48560736.87288484, 49200896.26094219, 49841856.32004967, 50483493.85340453, 51125686.218723856, 51768311.328244515, 52411247.64872316, 53054374.20143629, 53697570.56218014, 54340716.86127076, 54983693.78354404, 55626382.56835562, 56268665.009580955, 56910423.45561528, 57551540.80937366, 58191900.528290935, 58831386.62432176, 59469883.66394056, 60107276.76814157, 60743451.612438835, 61378294.42686619, 62011691.99597726, 62643531.65884547, 63273701.30906405, 63902089.39474603, 64528584.91852421, 65153077.43755124, 65775457.06349951, 66395614.462561235, 67013440.85544843, 67628828.0173929, 68241668.27814627, 68851854.52197993, 69459280.18768507, 70063839.26857269, 70665426.31247361, 71263936.4217384, 71859265.25323744, 72451309.01836097, 73039963.24435148, 73625126.17896475, 74206702.57903478, 74784598.4163684, 75358720.74370027, 75928977.69469298, 76495278.48393698, 77057533.4069506, 77615653.84017998, 78169552.24099924, 78719142.14771032, 79264338.17954303, 79805056.03665508, 80341212.50013204, 80872725.43198736, 81399513.77516235, 81921497.55352625, 82438597.8718761, 82950736.91593687, 83457837.95236139, 83959825.32873034, 84456624.47355233, 84948161.89626381, 85434365.18722908, 85915163.01774038, 86390485.14001781, 86860262.38720928, 87324426.67339064, 87782910.99356562, 88235649.42366579, 88682577.12055062, 89123630.32200742, 89558746.34675144, 89987863.59442574, 90410921.54560131, 90827860.76177694, 91238622.88537942, 91643150.63976327, 92041387.829211, 92433279.33893295, 92818771.13506731, 93197810.2646802, 93570344.8557656, 93936324.11724533, 94295698.33896911, 94648418.89171456, 94994438.22718711, 95333709.87802015, 95666188.4577749, 95991829.66094045, 96310590.26293378, 96622428.12009974, 96927302.16971104, 97225172.42996831, 97516000.0, 97799747.05986248, 98076376.87054, 98345853.77394462, 98608143.19291635, 98863211.63122304, 99111026.67356044, 99351556.98555215, 99584772.31374963, 99810643.48563226, 100029142.40960728, 100240242.07500976, 100443916.55210276, 100640140.99207708, 100828891.62705149, 101010145.7700726, 101183881.81511489, 101350079.23708072, 101508718.59180035, 101659781.51603189, 101803250.72746132, 101939110.02470253, 102067344.28729723, 102187939.4757151, 102300882.63135359, 102406161.87653807, 102503766.4145218, 102593686.52948587, 102675913.58653933, 102750440.03171903, 102817259.39198972, 102876366.27524401, 102927756.37030244], "RateAgeing": [0.0, 0.0, 0.0, 0.0, 0.0, 0.0, 0.0, 0.0, 0.0, 0.0, 0.0, 0.0, 0.0, 0.0, 0.0, 0.0, 0.0, 0.0, 0.0, 0.0, 0.0, 0.0, 0.0, 0.0, 0.0, 0.0, 0.0, 0.0, 0.0, 0.0, 0.0, 0.0, 0.0, 0.0, 0.0, 0.0, 0.0, 0.0, 0.0, 0.0, 0.0, 0.0, 0.0, 0.0, 0.0, 0.0, 0.0, 0.0, 0.0, 0.0, 0.0, 0.0, 0.0, 0.0, 0.0, 0.0, 0.0, 0.0, 0.0, 0.0, 0.0, 0.0, 0.0, 0.0, 0.0, 0.0, 0.0, 0.0, 0.0, 0.0, 0.0, 0.0, 0.0, 0.0, 0.0, 0.0, 0.0, 0.0, 0.0, 0.0, 0.0, 0.0, 0.0, 0.0, 0.0, 0.0, 0.0, 0.0, 0.0, 0.0, 0.0, 0.0, 0.0, 0.0, 0.0, 0.0, 0.0, 0.0, 0.0, 0.0, 0.0, 0.0, 0.0, 0.0, 0.0, 0.0, 0.0, 0.0, 0.0, 0.0, 0.0, 0.0, 0.0, 0.0, 0.0, 0.0, 0.0, 0.0, 0.0, 0.0, 0.0, 0.0, 0.0, 0.0, 0.0, 0.0, 0.0, 0.0, 0.0, 0.0, 0.0, 0.0, 0.0], "RateDeath": [0.01072735247028384, 0.01066449663616966, 0.010602009099442285, 0.010539887702100525, 0.010478130298787774, 0.010416734756717927, 0.010355698955601718, 0.010295020787573508, 0.010234698157118478, 0.010174728981000266, 0.010115111188189026, 0.010055842719789898, 0.009996921528971909, 0.009938345580897281, 0.009880112852651168, 0.009822221333171784, 0.009764669023180959, 0.009707453935115084, 0.009650574093056485, 0.009594027532665172, 0.00953781230111101, 0.009481926457006275, 0.0094263680703386, 0.009371135222404335, 0.009316226005742282, 0.009261638524067814, 0.009207370892207394, 0.009153421236033465, 0.009099787692399736, 0.009046468409076828, 0.008993461544688313, 0.008940765268647123, 0.008888377761092331, 0.008836297212826291, 0.008784521825252183, 0.008733049810311868, 0.00868187939042416, 0.008631008798423429, 0.008580436277498571, 0.008530160081132339, 0.008480178473041028, 0.00843048972711451, 0.008381092127356627, 0.00833198396782592, 0.008283163552576729, 0.008234629195600607, 0.008186379220768114, 0.008138411961770911, 0.008090725762064226, 0.008043318974809645, 0.007996189962818234, 0.007949337098494004, 0.007902758763777698, 0.007856453350090916, 0.0078104192582805565, 0.007764654898563595, 0.00771915869047218, 0.00767392906279905, 0.007628964453543273, 0.007584263309856304, 0.007539824087988357, 0.00749564525323509, 0.007451725279884606, 0.007408062651164764, 0.007364655859190791, 0.007321503404913217, 0.007278603798066097, 0.00723595555711555, 0.007193557209208594, 0.007151407290122272, 0.007109504344213103, 0.007067846924366798, 0.007026433591948284, 0.006985262916752026, 0.006944333476952636, 0.006903643859055764, 0.006863192657849292, 0.006822978476354794, 0.0067829999257792975, 0.006743255625467329, 0.006703744202853219, 0.0066644642934137075, 0.0066254145406208255, 0.006586593595895035, 0.006548000118558668, 0.0065096327757896205, 0.006471490242575321, 0.006433571201666982, 0.006395874343534094, 0.006358398366319215, 0.006321141975793, 0.0062841038853095115, 0.0062472828157617835, 0.006210677495537649, 0.006174286660475819, 0.006138109053822236, 0.006102143426186658, 0.006066388535499526, 0.006030843146969054, 0.0059955060330386025, 0.005960375973344266, 0.005925451754672743, 0.0058907321709194315, 0.005856216023046778, 0.005821902119042866, 0.0057877892738802525, 0.005753876309475044, 0.005720162054646208, 0.0056866453450751305, 0.0056533250232654025, 0.005620199938502849, 0.00558726894681579, 0.005554530910935527, 0.005521984700257075, 0.005489629190800115, 0.005457463265170174, 0.0054254858125200416, 0.005393695728511401, 0.005362091915276697, 0.005330673281381215, 0.005299438741785395, 0.005268387217807352, 0.005237517637085631, 0.005206828933542169, 0.005176320047345481, 0.005145989924874054, 0.005115837518679967, 0.005085861787452711, 0.0050560616959832334, 0.0050264362151281805, 0.004996984321774362, 0.004967704998803415, 0.004938597235056679],