{"Year": [1970.0, 1970.5, 1971.0, 1971.5, 1972.0, 1972.5, 1973.0, 1973.5, 1974.0, 1974.5, 1975.0, 1975.5, 1976.0, 1976.5, 1977.0, 1977.5, 1978.0, 1978.5, 1979.0, 1979.5, 1980.0, 1980.5, 1981.0, 1981.5, 1982.0, 1982.5, 1983.0, 1983.5, 1984.0, 1984.5, 1985.0, 1985.5, 1986.0, 1986.5, 1987.0, 1987.5, 1988.0, 1988.5, 1989.0, 1989.5, 1990.0, 1990.5, 1991.0, 1991.5, 1992.0, 1992.5, 1993.0, 1993.5, 1994.0, 1994.5, 1995.0, 1995.5, 1996.0, 1996.5, 1997.0, 1997.5, 1998.0, 1998.5, 1999.0, 1999.5, 2000.0, 2000.5, 2001.0, 2001.5, 2002.0, 2002.5, 2003.0, 2003.5, 2004.0, 2004.5, 2005.0, 2005.5, 2006.0, 2006.5, 2007.0, 2007.5, 2008.0, 2008.5, 2009.0, 2009.5, 2010.0, 2010.5, 2011.0, 2011.5, 2012.0, 2012.5, 2013.0, 2013.5, 2014.0, 2014.5, 2015.0, 2015.5, 2016.0, 2016.5, 2017.0, 2017.5, 2018.0, 2018.5, 2019.0, 2019.5, 2020.0, 2020.5, 2021.0, 2021.5, 2022.0, 2022.5, 2023.0, 2023.5, 2024.0, 2024.5, 2025.0, 2025.5, 2026.0, 2026.5, 2027.0, 2027.5, 2028.0, 2028.5, 2029.0, 2029.5, 2030.0, 2030.5, 2031.0, 2031.5, 2032.0, 2032.5, 2033.0, 2033.5, 2034.0, 2034.5, 2035.0, 2035.5, 2036.0], "N": [4652932.007322897, 4712989.831921626, 4773359.337552359, 4834035.653152651, 4895013.84870514, 4956288.996127517, 5017856.481964394, 5079711.1412815545, 5141847.657132148, 5204260.6829882385, 5266944.842740805, 5329894.730699738, 5393104.911593842, 5456569.920570838, 5520284.263197357, 5584242.415458946, 5648438.823760063, 5712867.904924084, 5777524.046193297, 5842401.6052289, 5907494.910111008, 5972798.259338653, 6038305.921829773, 6104012.136921225, 6169911.11436878, 6235997.034347119, 6302264.047449839, 6368706.274689453, 6435317.807497383, 6502092.707723965, 6569025.007638455, 6636108.7099290155, 6703337.787702724, 6770706.184485578, 6838207.814222478, 6905836.56127725, 6973586.280432623, 7041450.796890245, 7109423.906270678, 7177499.374613399, 7245670.938376792, 7313932.304438162, 7382277.150093723, 7450699.123058608, 7519191.841466856, 7587748.893871426, 7656363.839244188, 7725016.17551904, 7793676.8306900365, 7862343.777141407, 7931015.326419666, 7999689.574425214, 8068364.401412339, 8137037.47198922, 8205706.2351179235, 8274367.924114406, 8343019.556648511, 8411657.934743972, 8480279.644778412, 8548881.05748334, 8617458.327944156, 8686007.39560015, 8754523.984244494, 8823003.602024259, 8891441.541440396, 8959832.87934775, 9028172.476955052, 9096454.979824923, 9164674.817873873, 9232826.205372298, 9300903.140944486, 9368899.407568613, 9436808.572576743, 9504623.987654828, 9572338.788842712, 9639945.896534124, 9707438.015476683, 9774807.634771898, 9842047.027875165, 9909148.252595771, 9976103.15109689, 10042903.349895582, 10109540.259862801, 10176005.076223388, 10242288.778556073, 10308382.130793473, 10374275.681222092, 10439959.76248233, 10505424.491568469, 10570659.769828679, 10635655.282965029, 10700400.501033464, 10764884.678443823, 10829096.853959834, 10893025.850699117, 10956660.276133176, 11019988.522087405, 11082998.764741084, 11145678.964627389, 11208016.866633376, 11270000.0, 11331615.678322094, 11392850.999548383, 11453692.84598149, 11514127.884277912, 11574142.565448044, 11633723.12485617, 11692855.582220457, 11751525.741612963, 11809719.191459643, 11867421.304540325, 11924617.23798874, 11981291.933292499, 12037430.116293104, 12093016.297185952, 12148034.770520316, 12202469.61519937, 12256304.694480171, 12309523.655973665, 12362109.931644687, 12414046.737811962, 12465317.0751481, 12515903.728679603, 12565789.267786866, 12614956.046204163, 12663386.202019664, 12711061.65767542, 12757964.119967386, 12804075.080045389, 12849375.813413156, 12893847.37992829, 12937470.623802302, 12980226.173600573], "RateAgeing": [0.0, 0.0, 0.0, 0.0, 0.0, 0.0, 0.0, 0.0, 0.0, 0.0, 0.0, 0.0, 0.0, 0.0, 0.0, 0.0, 0.0, 0.0, 0.0, 0.0, 0.0, 0.0, 0.0, 0.0, 0.0, 0.0, 0.0, 0.0, 0.0, 0.0, 0.0, 0.0, 0.0, 0.0, 0.0, 0.0, 0.0, 0.0, 0.0, 0.0, 0.0, 0.0, 0.0, 0.0, 0.0, 0.0, 0.0, 0.0, 0.0, 0.0, 0.0, 0.0, 0.0, 0.0, 0.0, 0.0, 0.0, 0.0, 0.0, 0.0, 0.0, 0.0, 0.0, 0.0, 0.0, 0.0, 0.0, 0.0, 0.0, 0.0, 0.0, 0.0, 0.0, 0.0, 0.0, 0.0, 0.0, 0.0, 0.0, 0.0, 0.0, 0.0, 0.0, 0.0, 0.0, 0.0, 0.0, 0.0, 0.0, 0.0, 0.0, 0.0, 0.0, 0.0, 0.0, 0.0, 0.0, 0.0, 0.0, 0.0, 0.0, 0.0, 0.0, 0.0, 0.0, 0.0, 0.0, 0.0, 0.0, 0.0, 0.0, 0.0, 0.0, 0.0, 0.0, 0.0, 0.0, 0.0, 0.0, 0.0, 0.0, 0.0, 0.0, 0.0, 0.0, 0.0, 0.0, 0.0, 0.0, 0.0, 0.0, 0.0, 0.0], "RateDeath": [0.007164196065978782, 0.007157613877791715, 0.0071510377370663505, 0.007144467638246513, 0.007137903575781128, 0.007131345544124229, 0.007124793537734939, 0.007118247551077474, 0.007111707578621135, 0.007105173614840305, 0.007098645654214444, 0.007092123691228085, 0.0070856077203708245, 0.007079097736137328, 0.007072593733027312, 0.007066095705545551, 0.007059603648201868, 0.00705311755551113, 0.00704663742199324, 0.007040163242173144, 0.007033695010580808, 0.007027232721751233, 0.007020776370224433, 0.007014325950545444, 0.007007881457264312, 0.00700144288493609, 0.006995010228120835, 0.0069885834813836, 0.006982162639294433, 0.006975747696428367, 0.006969338647365427, 0.006962935486690611, 0.0069565382089938925, 0.00695014680887022, 0.006943761280919504, 0.006937381619746616, 0.006931007819961389, 0.0069246398761786026, 0.006918277783017989, 0.006911921535104218, 0.006905571127066903, 0.00689922655354059, 0.006892887809164755, 0.0068865548885837955, 0.006880227786447036, 0.006873906497408712, 0.006867591016127972, 0.006861281337268871, 0.006854977455500369, 0.006848679365496319, 0.006842387061935471, 0.006836100539501463, 0.006829819792882818, 0.006823544816772938, 0.006817275605870104, 0.006811012154877462, 0.00680475445850303, 0.006798502511459686, 0.006792256308465162, 0.006786015844242049, 0.006779781113517785, 0.006773552111024651, 0.006767328831499767, 0.00676111126968509, 0.0067548994203274065, 0.006748693278178333, 0.006742492837994304, 0.006736298094536574, 0.006730109042571208, 0.006723925676869082, 0.006717747992205876, 0.00671157598336207, 0.0067054096451229376, 0.006699248972278547, 0.006693093959623749, 0.0066869446019581814, 0.006680800894086256, 0.006674662830817159, 0.006668530406964846, 0.006662403617348039, 0.006656282456790216, 0.006650166920119616, 0.006644057002169228, 0.006637952697776785, 0.006631854001784768, 0.006625760909040394, 0.006619673414395613, 0.006613591512707106, 0.0066075151988362795, 0.006601444467649264, 0.0065953793140169, 0.006589319732814747, 0.006583265718923071, 0.0065772172672268385, 0.006571174372615719, 0.0065651370299840755, 0.006559105234230964, 0.006553078980260124, 0.00654705826297998, 0.006541043077303633, 0.0065350334181488575, 0.006529029280438098, 0.006523030659098462, 0.006517037549061722, 0.006511049945264306, 0.0065050678426472885, 0.0064990912361563985, 0.006493120120742006, 0.006487154491359122, 0.00648119434296739, 0.006475239670531086, 0.006469290469019113, 0.006463346733404996, 0.0064574084586668775, 0.0064514756397875146, 0.006445548271754273, 0.006439626349559126, 0.006433709868198647, 0.006427798822674004, 0.006421893207990961, 0.00641599301915987, 0.006410098251195665, 0.006404208899117863, 0.006398324957950555, 0.006392446422722405, 0.006386573288466643, 0.0063807055502210636, 0.006374843203028019, 0.006368986241934417, 0.006363134661991719, 0.006357288458255926, 0.006351447625787589, 0.006345612159651791],