{"Year": [1970.0, 1970.5, 1971.0, 1971.5, 1972.0, 1972.5, 1973.0, 1973.5, 1974.0, 1974.5, 1975.0, 1975.5, 1976.0, 1976.5, 1977.0, 1977.5, 1978.0, 1978.5, 1979.0, 1979.5, 1980.0, 1980.5, 1981.0, 1981.5, 1982.0, 1982.5, 1983.0, 1983.5, 1984.0, 1984.5, 1985.0, 1985.5, 1986.0, 1986.5, 1987.0, 1987.5, 1988.0, 1988.5, 1989.0, 1989.5, 1990.0, 1990.5, 1991.0, 1991.5, 1992.0, 1992.5, 1993.0, 1993.5, 1994.0, 1994.5, 1995.0, 1995.5, 1996.0, 1996.5, 1997.0, 1997.5, 1998.0, 1998.5, 1999.0, 1999.5, 2000.0, 2000.5, 2001.0, 2001.5, 2002.0, 2002.5, 2003.0, 2003.5, 2004.0, 2004.5, 2005.0, 2005.5, 2006.0, 2006.5, 2007.0, 2007.5, 2008.0, 2008.5, 2009.0, 2009.5, 2010.0, 2010.5, 2011.0, 2011.5, 2012.0, 2012.5, 2013.0, 2013.5, 2014.0, 2014.5, 2015.0, 2015.5, 2016.0, 2016.5, 2017.0, 2017.5, 2018.0, 2018.5, 2019.0, 2019.5, 2020.0, 2020.5, 2021.0, 2021.5, 2022.0, 2022.5, 2023.0, 2023.5, 2024.0, 2024.5, 2025.0, 2025.5, 2026.0, 2026.5, 2027.0, 2027.5, 2028.0, 2028.5, 2029.0, 2029.5, 2030.0, 2030.5, 2031.0, 2031.5, 2032.0, 2032.5, 2033.0, 2033.5, 2034.0, 2034.5, 2035.0, 2035.5, 2036.0], "N": [77870116.7944794, 78966290.5673538, 80074606.23798048, 81195072.45522632, 82327694.43723515, 83472467.23756507, 84629354.94954337, 85798359.73161477, 86979485.41323209, 88172730.13797703, 89378086.36356027, 90595540.86182138, 91825074.71872884, 93066663.3343801, 94320276.42300157, 95585878.01294848, 96863426.44670509, 98152874.38088451, 99454168.78622885, 100767250.94760913, 102092056.46402524, 103428515.24860609, 104776551.52860947, 106136083.84542207, 107507025.05455954, 108889282.3256665, 110282757.14251642, 111687345.30301173, 113102936.91918384, 114529416.41719301, 115966662.53732847, 117414548.33400837, 118872941.17577977, 120341702.74531871, 121820689.0394301, 123309750.36904784, 124808731.35923465, 126317470.94918232, 127835802.39221147, 129363553.25577171, 130900545.42144151, 132446595.08492832, 134001512.75606853, 135565103.25882736, 137137165.73129913, 138717493.6257069, 140305933.7033839, 141902490.79377654, 143506927.92328125, 145118972.16362694, 146738340.83593395, 148364741.51071408, 149997872.00787044, 151637420.3966976, 153283064.99588156, 154934474.3734997, 156591307.34702078, 158253212.98330498, 159919830.59860387, 161590789.75856054, 163265710.2782093, 164944202.22197604, 166625865.90367788, 168310291.88652351, 169997060.98311293, 171685744.25543755, 173375903.0148803, 175067088.8222153, 176758843.48760822, 178450699.07061622, 180142177.88018763, 181832792.47466236, 183522045.66177168, 185209430.4986383, 186894430.29177624, 188576518.59709102, 190255159.2198795, 191929806.21483004, 193599903.88602224, 195264886.7869273, 196924179.7204077, 198577197.73871732, 200223346.14350155, 201862020.48579708, 203492606.56603205, 205114480.434026, 206727008.38898984, 208329546.97952598, 209921443.00362816, 211502033.5086815, 213070645.79146263, 214626597.39813954, 216169196.12427145, 217697740.0148093, 219211517.3640952, 220709806.7158628, 222191876.86323708, 223656986.8487344, 225104385.96426263, 226533313.75112095, 227943000.0, 229332664.75098178, 230701518.29353976, 232048761.16653877, 233373584.158235, 234675168.30627617, 235952684.89770126, 237205295.4689408, 238432151.80581662, 239632395.94354203, 240805160.16672158, 241949567.00935146, 243064729.25481918, 244149749.9359036, 245203722.33477497, 246225729.98299506, 247214846.66151688, 248170136.40068507, 249090653.48023543, 249975442.42929536, 250823538.02638355, 251633965.2994102, 252405739.5256768, 253137866.23187628, 253829341.19409302, 254479150.4378028, 255086270.23787266, 255649667.11856133, 256168297.85351872, 256641109.4657862, 257067039.22779655, 257445014.66137394, 257773953.53773394], "RateAgeing": [0.0, 0.0, 0.0, 0.0, 0.0, 0.0, 0.0, 0.0, 0.0, 0.0, 0.0, 0.0, 0.0, 0.0, 0.0, 0.0, 0.0, 0.0, 0.0, 0.0, 0.0, 0.0, 0.0, 0.0, 0.0, 0.0, 0.0, 0.0, 0.0, 0.0, 0.0, 0.0, 0.0, 0.0, 0.0, 0.0, 0.0, 0.0, 0.0, 0.0, 0.0, 0.0, 0.0, 0.0, 0.0, 0.0, 0.0, 0.0, 0.0, 0.0, 0.0, 0.0, 0.0, 0.0, 0.0, 0.0, 0.0, 0.0, 0.0, 0.0, 0.0, 0.0, 0.0, 0.0, 0.0, 0.0, 0.0, 0.0, 0.0, 0.0, 0.0, 0.0, 0.0, 0.0, 0.0, 0.0, 0.0, 0.0, 0.0, 0.0, 0.0, 0.0, 0.0, 0.0, 0.0, 0.0, 0.0, 0.0, 0.0, 0.0, 0.0, 0.0, 0.0, 0.0, 0.0, 0.0, 0.0, 0.0, 0.0, 0.0, 0.0, 0.0, 0.0, 0.0, 0.0, 0.0, 0.0, 0.0, 0.0, 0.0, 0.0, 0.0, 0.0, 0.0, 0.0, 0.0, 0.0, 0.0, 0.0, 0.0, 0.0, 0.0, 0.0, 0.0, 0.0, 0.0, 0.0, 0.0, 0.0, 0.0, 0.0, 0.0, 0.0], "RateDeath": [0.025917142214340206, 0.02559469641454532, 0.025276262295241495, 0.0249617899454658, 0.02465123007521806, 0.02434453400773523, 0.024041653671861833, 0.02374254159451536, 0.023447150893245415, 0.023155435268885388, 0.022867348998295598, 0.022582846927196712, 0.022301884463092305, 0.022024417568279497, 0.021750402752946537, 0.021479797068356277, 0.02121255810011441, 0.02094864396152153, 0.02068801328700782, 0.020430625225649517, 0.020176439434765943, 0.01992541607359627, 0.01967751579705491, 0.019432699749564644, 0.019190929558966424, 0.01895216733050497, 0.018716375640889214, 0.01848351753242659, 0.018253556507230363, 0.018026456521498976, 0.017802181979866587, 0.01758069772982393, 0.017361969056208494, 0.017145961675763377, 0.016932641731763728, 0.016721975788710104, 0.016513930827087835, 0.016308474238191567, 0.016105573819014243, 0.01590519776719962, 0.015707314676057616, 0.015511893529641675, 0.015318903697887352, 0.015128314931811397, 0.014940097358770579, 0.014754221477779472, 0.014570658154886522, 0.014389378618607607, 0.014210354455416456, 0.014033557605291123, 0.013858960357315923, 0.013686535345338032, 0.013516255543678161, 0.013348094262894591, 0.013182025145599897, 0.013018022162329718, 0.01285605960746295, 0.012696112095192655, 0.012538154555547147, 0.012382162230460536, 0.012228110669892189, 0.012075975727994464, 0.011925733559328109, 0.011777360615124771, 0.011630833639595986, 0.01148612966628809, 0.0113432260144825, 0.011202100285640754, 0.011062730359893795, 0.010925094392574938, 0.010789170810795954, 0.010654938310065767, 0.010522375850951223, 0.010391462655779378, 0.01026217820538085, 0.010134502235873658, 0.01000841473548709, 0.009883895941425089, 0.009760926336768646, 0.009639486647416751, 0.009519557839065397, 0.009401121114224156, 0.009284157909269893, 0.009168649891537132, 0.009054578956444598, 0.008941927224657547, 0.00883067703928537, 0.008720810963114087, 0.008612311775873242, 0.00850516247153683, 0.0083993462556578, 0.008294846542735702, 0.0081916469536171, 0.008089731312928334, 0.007989083646540192, 0.00788968817906417, 0.007791529331379838, 0.007694591718192996, 0.007598860145624203, 0.007504319608827304, 0.007410955289637595, 0.007318752554249233, 0.007227696950921564, 0.007137774207713964, 0.00704897023024888, 0.006961271099502693, 0.006874663069624067, 0.006789132565779443, 0.006704666182025335, 0.006621250679207101, 0.006538872982883852, 0.006457520181279185, 0.006377179523257404, 0.006297838416324922, 0.006219484424656533, 0.006142105267146236, 0.0060656888154823055, 0.005990223092246319, 0.005915696269035833, 0.005842096664610409, 0.005769412743060717, 0.005697633112000403, 0.005626746520780471, 0.005556741858725861, 0.005487608153393982, 0.005419334568854905, 0.0053519104039929455, 0.005285325090829397, 0.005219568192866107, 0.005154629403449678, 0.005090498544156021, 0.005027165563194992, 0.004964620533834894],