{"Year": [1970.0, 1970.5, 1971.0, 1971.5, 1972.0, 1972.5, 1973.0, 1973.5, 1974.0, 1974.5, 1975.0, 1975.5, 1976.0, 1976.5, 1977.0, 1977.5, 1978.0, 1978.5, 1979.0, 1979.5, 1980.0, 1980.5, 1981.0, 1981.5, 1982.0, 1982.5, 1983.0, 1983.5, 1984.0, 1984.5, 1985.0, 1985.5, 1986.0, 1986.5, 1987.0, 1987.5, 1988.0, 1988.5, 1989.0, 1989.5, 1990.0, 1990.5, 1991.0, 1991.5, 1992.0, 1992.5, 1993.0, 1993.5, 1994.0, 1994.5, 1995.0, 1995.5, 1996.0, 1996.5, 1997.0, 1997.5, 1998.0, 1998.5, 1999.0, 1999.5, 2000.0, 2000.5, 2001.0, 2001.5, 2002.0, 2002.5, 2003.0, 2003.5, 2004.0, 2004.5, 2005.0, 2005.5, 2006.0, 2006.5, 2007.0, 2007.5, 2008.0, 2008.5, 2009.0, 2009.5, 2010.0, 2010.5, 2011.0, 2011.5, 2012.0, 2012.5, 2013.0, 2013.5, 2014.0, 2014.5, 2015.0, 2015.5, 2016.0, 2016.5, 2017.0, 2017.5, 2018.0, 2018.5, 2019.0, 2019.5, 2020.0, 2020.5, 2021.0, 2021.5, 2022.0, 2022.5, 2023.0, 2023.5, 2024.0, 2024.5, 2025.0, 2025.5, 2026.0, 2026.5, 2027.0, 2027.5, 2028.0, 2028.5, 2029.0, 2029.5, 2030.0, 2030.5, 2031.0, 2031.5, 2032.0, 2032.5, 2033.0, 2033.5, 2034.0, 2034.5, 2035.0, 2035.5, 2036.0], "N": [1181059.8654710024, 1189088.5312303393, 1197163.1248738824, 1205283.6984113131, 1213450.2976263145, 1221662.962048889, 1229921.6261469438, 1238226.1526454685, 1246576.6246461326, 1254973.1176773838, 1263415.692922455, 1271904.3972193622, 1280439.2630609078, 1289020.3085946774, 1297647.5376230422, 1306320.939603158, 1315040.4896469647, 1323806.148521188, 1332617.862647337, 1341475.5641017058, 1350379.1706153746, 1359328.5855742057, 1368323.6980188487, 1377364.3826447357, 1386450.4998020853, 1395581.8954958997, 1404758.401385966, 1413979.8347868554, 1423245.9986679254, 1432556.6816533166, 1441911.658021955, 1451310.6877075513, 1460753.5162986002, 1470239.875038382, 1479769.4808249613, 1489342.0362111875, 1498957.2294046942, 1508614.7342679, 1518314.2103180084, 1528055.3027270075, 1537837.64232167, 1547660.845583553, 1557524.5146489984, 1567428.2373091334, 1577371.587009869, 1587354.1228519017, 1597375.3895907116, 1607434.917636565, 1617532.2230545112, 1627666.8075643857, 1637838.1585408072, 1648045.7490131806, 1658289.0376656945, 1668566.6563796739, 1678873.7755575923, 1689209.7652770684, 1699574.6501329185, 1709968.3784206957, 1720390.822136689, 1730841.7769779249, 1741320.9623421666, 1751828.021327913, 1762362.5207344007, 1772923.951061602, 1783511.7265102265, 1794125.1849817196, 1804763.5880782644, 1815426.1211027799, 1826111.8930589217, 1836819.9366510825, 1847549.208284391, 1858298.5880647134, 1869066.8797986517, 1879852.8109935448, 1890655.0328574677, 1901472.1202992334, 1912302.57192839, 1923144.8100552235, 1933997.1806907556, 1944857.9535467445, 1955725.3220356863, 1966597.4032708122, 1977472.238066091, 1988347.790936228, 1999221.9500966643, 2010092.5274635784, 2020957.258653886, 2031813.802985238, 2042659.7434760227, 2053492.5868453654, 2064309.7635131269, 2075108.6275999057, 2085886.4569270364, 2096640.4530165903, 2107367.7410913757, 2118065.370074936, 2128730.312591554, 2139359.4649662464, 2149949.6472247685, 2160497.60309361, 2171000.0, 2181453.4290719023, 2191854.405138017, 2202199.366727783, 2212484.6760713737, 2222706.6190997, 2232861.405444409, 2242945.168437885, 2252953.965113249, 2262883.776204358, 2272730.5061458056, 2282489.983072922, 2292157.9588217754, 2301730.108929169, 2311202.032632643, 2320569.2528704745, 2329827.2162816776, 2338971.2932060016, 2347996.7776839337, 2356898.887456698, 2365672.763966254, 2374313.4723552978, 2382816.0014672647, 2391175.263846323, 2399386.095737379, 2407443.2570860777, 2415341.431538798, 2423075.226442655, 2430639.1728455033, 2438027.7254959326, 2445235.262843269, 2452256.087037575, 2459084.423929651], "RateAgeing": [0.0, 0.0, 0.0, 0.0, 0.0, 0.0, 0.0, 0.0, 0.0, 0.0, 0.0, 0.0, 0.0, 0.0, 0.0, 0.0, 0.0, 0.0, 0.0, 0.0, 0.0, 0.0, 0.0, 0.0, 0.0, 0.0, 0.0, 0.0, 0.0, 0.0, 0.0, 0.0, 0.0, 0.0, 0.0, 0.0, 0.0, 0.0, 0.0, 0.0, 0.0, 0.0, 0.0, 0.0, 0.0, 0.0, 0.0, 0.0, 0.0, 0.0, 0.0, 0.0, 0.0, 0.0, 0.0, 0.0, 0.0, 0.0, 0.0, 0.0, 0.0, 0.0, 0.0, 0.0, 0.0, 0.0, 0.0, 0.0, 0.0, 0.0, 0.0, 0.0, 0.0, 0.0, 0.0, 0.0, 0.0, 0.0, 0.0, 0.0, 0.0, 0.0, 0.0, 0.0, 0.0, 0.0, 0.0, 0.0, 0.0, 0.0, 0.0, 0.0, 0.0, 0.0, 0.0, 0.0, 0.0, 0.0, 0.0, 0.0, 0.0, 0.0, 0.0, 0.0, 0.0, 0.0, 0.0, 0.0, 0.0, 0.0, 0.0, 0.0, 0.0, 0.0, 0.0, 0.0, 0.0, 0.0, 0.0, 0.0, 0.0, 0.0, 0.0, 0.0, 0.0, 0.0, 0.0, 0.0, 0.0, 0.0, 0.0, 0.0, 0.0], "RateDeath": [0.0017928287398345153, 0.0018075108867313563, 0.001822313271235232, 0.0018372368780169976, 0.0018522826998113476, 0.0018674517374828532, 0.0018827450000925407, 0.001898163504965016, 0.001913708277756137, 0.0019293803525212425, 0.0019451807717839379, 0.0019611105866054464, 0.0019771708566545254, 0.0019933626502779554, 0.0020096870445716116, 0.0020261451254521105, 0.002042737987729046, 0.00205946673517782, 0.0020763324806130643, 0.002093336345962667, 0.0021104794623424037, 0.002127762970131183, 0.002145188019046903, 0.0021627557682229325, 0.0021804673862852193, 0.002198324051430026, 0.002216326951502307, 0.002234477284074725, 0.0022527762565273126, 0.0022712250861277924, 0.0022898250001125477, 0.0023085772357682604, 0.0023274830405142183, 0.002346543671985293, 0.0023657603981155984, 0.0023851344972228385, 0.0024046672580933393, 0.0024243599800677813, 0.0024442139731276334, 0.002464230557982294, 0.0024844110661569455, 0.00250475684008113, 0.002525269233178049, 0.002545949609954592, 0.00256679934609211, 0.002587819828537923, 0.0026090124555975826, 0.002630378637027889, 0.00265191979413067, 0.0026736373598473264, 0.0026955327788541553, 0.0027176075076584465, 0.0027398630146953777, 0.0027623007804256907, 0.0027849222974341767, 0.002807729070528963, 0.0028307226168416146, 0.0028539044659280557, 0.0028772761598703195, 0.002900839253379125, 0.002924595313897302, 0.002948545921704056, 0.0029726926700200922, 0.002997037165113598, 0.0030215810264070933, 0.003046325886585156, 0.0030712733917030296, 0.003096425201296123, 0.0031217829884904015, 0.003147348440113687, 0.0031731232568078674, 0.003199109153142024, 0.0032253078577264872, 0.0032517211133278267, 0.00327835067698478, 0.003305198320125135, 0.0033322658286835645, 0.003359555003220432, 0.003387067659041563, 0.0034148056263190057, 0.003442770750212771, 0.0034709648909935784, 0.0034993899241666016, 0.00352804774059623, 0.0035569402466318505, 0.0035860693642346592, 0.003615437031105514, 0.003645045200813832, 0.0036748958429275425, 0.003704990943144105, 0.0037353325034226, 0.0037659225421169027, 0.0037967630941099445, 0.003827856210949076, 0.0038592039609825378, 0.003890808429497053, 0.003922671718856535, 0.003954795948641948, 0.003987183255792296, 0.004019835794746782, 0.0040527557375881155, 0.004085945274187009, 0.004119406612347844, 0.004153141977955544, 0.004187153615123637, 0.004221443786343537, 0.004256014772635052, 0.0042908688736981145, 0.00432600840806576, 0.004361435713258365, 0.004397153145939135, 0.004433163082070873, 0.004469467917074034, 0.004506070065986069, 0.004542971963622077, 0.004580176064736769, 0.004617684844187766, 0.004655500797100223, 0.004693626439032813, 0.00473206430614506, 0.004770816955366052, 0.0048098869645645265, 0.004849276932720357, 0.004888989480097433, 0.004929027248417974, 0.004969392901038249, 0.0050100891231257515, 0.005051118621837819, 0.005092484126501715, 0.005134188388796189, 0.005176234182934518, 0.0052186243058490525, 0.005261361577377272],