{"Year": [1970.0, 1970.5, 1971.0, 1971.5, 1972.0, 1972.5, 1973.0, 1973.5, 1974.0, 1974.5, 1975.0, 1975.5, 1976.0, 1976.5, 1977.0, 1977.5, 1978.0, 1978.5, 1979.0, 1979.5, 1980.0, 1980.5, 1981.0, 1981.5, 1982.0, 1982.5, 1983.0, 1983.5, 1984.0, 1984.5, 1985.0, 1985.5, 1986.0, 1986.5, 1987.0, 1987.5, 1988.0, 1988.5, 1989.0, 1989.5, 1990.0, 1990.5, 1991.0, 1991.5, 1992.0, 1992.5, 1993.0, 1993.5, 1994.0, 1994.5, 1995.0, 1995.5, 1996.0, 1996.5, 1997.0, 1997.5, 1998.0, 1998.5, 1999.0, 1999.5, 2000.0, 2000.5, 2001.0, 2001.5, 2002.0, 2002.5, 2003.0, 2003.5, 2004.0, 2004.5, 2005.0, 2005.5, 2006.0, 2006.5, 2007.0, 2007.5, 2008.0, 2008.5, 2009.0, 2009.5, 2010.0, 2010.5, 2011.0, 2011.5, 2012.0, 2012.5, 2013.0, 2013.5, 2014.0, 2014.5, 2015.0, 2015.5, 2016.0, 2016.5, 2017.0, 2017.5, 2018.0, 2018.5, 2019.0, 2019.5, 2020.0, 2020.5, 2021.0, 2021.5, 2022.0, 2022.5, 2023.0, 2023.5, 2024.0, 2024.5, 2025.0, 2025.5, 2026.0, 2026.5, 2027.0, 2027.5, 2028.0, 2028.5, 2029.0, 2029.5, 2030.0, 2030.5, 2031.0, 2031.5, 2032.0, 2032.5, 2033.0, 2033.5, 2034.0, 2034.5, 2035.0, 2035.5, 2036.0], "N": [53280586.82686443, 53986666.122603916, 54695369.86443439, 55406616.526582405, 56120324.273013905, 56836411.38309685, 57554798.01785044, 58275400.81477414, 58998135.70458831, 59722918.62596721, 60449665.52553901, 61178292.35788577, 61908715.08554346, 62640849.67900193, 63374612.11670496, 64109918.38505021, 64846684.47838925, 65584826.39902753, 66324260.15722441, 67064901.77119316, 67806667.26710097, 68549472.67906888, 69293234.04917185, 70037867.42743874, 70783288.87185235, 71529414.4483493, 72276160.2308202, 73023442.30110948, 73771176.74901551, 74519279.67229056, 75267667.17664081, 76016255.3757263, 76764960.391161, 77513698.35251278, 78262385.39730342, 79010937.67100857, 79759271.32705778, 80507302.52683455, 81254947.43967621, 82002122.24287406, 82748743.12167324, 83494726.26927282, 84239987.88682577, 84984444.18343896, 85728011.37617315, 86470605.690043, 87212142.15172899, 87952358.00754127, 88691070.08660036, 89428234.2496473, 90163804.32718882, 90897732.1194972, 91629967.39661036, 92360457.89833185, 93089149.33423086, 93815985.38364215, 94540907.69566613, 95263855.88916881, 95984767.55278185, 96703578.24490248, 97420221.4936936, 98134628.79708369, 98846729.6227669, 99556451.40820293, 100263719.56061713, 100968457.45700051, 101670586.44410963, 102370025.8384667, 103066692.92635956, 103760502.96384166, 104451369.17673206, 105139202.76061544, 105823912.8808421, 106505406.672528, 107183589.24055465, 107858363.6595692, 108529630.97398447, 109197290.19797882, 109861238.3154963, 110521370.28024653, 111177579.01570475, 111829755.41511188, 112477788.34147437, 113121564.62756434, 113760969.07591954, 114395884.45884329, 115026191.5184046, 115651768.96643801, 116272493.4845438, 116888239.72408773, 117498880.30620125, 118104285.82178144, 118704324.83149096, 119298863.86575817, 119887767.42477693, 120470897.97850679, 121048115.96667293, 121619279.79876612, 122184245.85404277, 122742868.48152484, 123295000.0, 123840490.69802153, 124379188.83390826, 124910940.63574468, 125435590.30138092, 125952979.99843271, 126462949.86428139, 126965338.0060739, 127459980.50072287, 127946711.39490648, 128425362.70506853, 128895764.41741852, 129357744.48793146, 129811128.84234804, 130255741.37617457, 130691403.95468296, 131117936.41291076, 131535156.5556611, 131942880.15750279, 132340920.96277016, 132729090.68556327, 133107199.00974773, 133475053.58895482, 133832460.04658139, 134179221.97578992, 134515140.9395085, 134840016.4704309, 135153646.07101643, 135455825.21349007, 135746347.3398424, 136025003.8618296, 136291584.16097352, 136545875.58856156], "RateAgeing": [0.0, 0.0, 0.0, 0.0, 0.0, 0.0, 0.0, 0.0, 0.0, 0.0, 0.0, 0.0, 0.0, 0.0, 0.0, 0.0, 0.0, 0.0, 0.0, 0.0, 0.0, 0.0, 0.0, 0.0, 0.0, 0.0, 0.0, 0.0, 0.0, 0.0, 0.0, 0.0, 0.0, 0.0, 0.0, 0.0, 0.0, 0.0, 0.0, 0.0, 0.0, 0.0, 0.0, 0.0, 0.0, 0.0, 0.0, 0.0, 0.0, 0.0, 0.0, 0.0, 0.0, 0.0, 0.0, 0.0, 0.0, 0.0, 0.0, 0.0, 0.0, 0.0, 0.0, 0.0, 0.0, 0.0, 0.0, 0.0, 0.0, 0.0, 0.0, 0.0, 0.0, 0.0, 0.0, 0.0, 0.0, 0.0, 0.0, 0.0, 0.0, 0.0, 0.0, 0.0, 0.0, 0.0, 0.0, 0.0, 0.0, 0.0, 0.0, 0.0, 0.0, 0.0, 0.0, 0.0, 0.0, 0.0, 0.0, 0.0, 0.0, 0.0, 0.0, 0.0, 0.0, 0.0, 0.0, 0.0, 0.0, 0.0, 0.0, 0.0, 0.0, 0.0, 0.0, 0.0, 0.0, 0.0, 0.0, 0.0, 0.0, 0.0, 0.0, 0.0, 0.0, 0.0, 0.0, 0.0, 0.0, 0.0, 0.0, 0.0, 0.0], "RateDeath": [0.012898915046713621, 0.012802554796662946, 0.01270691439768162, 0.01261198847218333, 0.012517771682754558, 0.01242425873185449, 0.012331444361517133, 0.01223932335305569, 0.012147890526769109, 0.012057140741650868, 0.011967068895099894, 0.011877669922633657, 0.011788938797603418, 0.011700870530911595, 0.011613460170731225, 0.01152670280222756, 0.011440593547281698, 0.011355127564216319, 0.011270300047523435, 0.0111861062275942, 0.01110254137045073, 0.011019600777479915, 0.010937279785169238, 0.01085557376484456, 0.01077447812240985, 0.010693988298088894, 0.010614099766168885, 0.010534808034745985, 0.010456108645472728, 0.010377997173307363, 0.010300469226265036, 0.010223520445170843, 0.01014714650341472, 0.010071343106708189, 0.00999610599284288, 0.009921430931450892, 0.009847313723766926, 0.009773750202392205, 0.009700736231060152, 0.009628267704403814, 0.009556340547725037, 0.009484950716765356, 0.009414094197478589, 0.009343767005805149, 0.009273965187448028, 0.009204684817650459, 0.009135922000975237, 0.009067672871085685, 0.008999933590528275, 0.008932700350516843, 0.008865969370718442, 0.008799736899040777, 0.008733999211421246, 0.00866875261161754, 0.008603993430999806, 0.008539718028344391, 0.008475922789629086, 0.008412604127829935, 0.00834975848271953, 0.008287382320666845, 0.00822547213443855, 0.008164024443001797, 0.008103035791328499, 0.008042502750201068, 0.007982421916019585, 0.007922789910610448, 0.007863603381036404, 0.00780485899940804, 0.007746553462696653, 0.00768868349254854, 0.007631245835100657, 0.007574237260797672, 0.007517654564210367, 0.007461494563855418, 0.007405754102016495, 0.007350430044566721, 0.007295519280792453, 0.0072410187232183655, 0.007186925307433857, 0.007133235991920743, 0.007079947757882247, 0.007027057609073254, 0.006974562571631844, 0.006922459693912081, 0.0068707460463180514, 0.006819418721139134, 0.006768474832386519, 0.006717911515630926, 0.006667725927841553, 0.00661791524722622, 0.0065684766730727, 0.006519407425591256, 0.006470704745758331, 0.006422365895161417, 0.00637438815584509, 0.006326768830158176, 0.006279505240602078, 0.006232594729680223, 0.006186034659748642, 0.006139822412867662, 0.006093955390654704, 0.006048431014138188, 0.00600324672361252, 0.0059583999784941725, 0.005913888257178826, 0.005869709056899599, 0.005825859893586312, 0.005782338301725825, 0.0057391418342234, 0.005696268062265118, 0.005653714575181304, 0.005611478980310988, 0.005569558902867372, 0.005527951985804296, 0.005486655889683721, 0.0054456682925441745, 0.005404986889770203, 0.005364609393962789, 0.0053245335348107315, 0.005284757058962998, 0.0052452777299020256, 0.005206093327817962, 0.0051672016494838605, 0.0051286005081317915, 0.0050902877333298905, 0.005052261170860318, 0.005014518682598141, 0.004977058146391101, 0.004939877455940304, 0.004902974520681778, 0.004866347265668935, 0.0048299936314558966, 0.004793911573981704],