{"Year": [1970.0, 1970.5, 1971.0, 1971.5, 1972.0, 1972.5, 1973.0, 1973.5, 1974.0, 1974.5, 1975.0, 1975.5, 1976.0, 1976.5, 1977.0, 1977.5, 1978.0, 1978.5, 1979.0, 1979.5, 1980.0, 1980.5, 1981.0, 1981.5, 1982.0, 1982.5, 1983.0, 1983.5, 1984.0, 1984.5, 1985.0, 1985.5, 1986.0, 1986.5, 1987.0, 1987.5, 1988.0, 1988.5, 1989.0, 1989.5, 1990.0, 1990.5, 1991.0, 1991.5, 1992.0, 1992.5, 1993.0, 1993.5, 1994.0, 1994.5, 1995.0, 1995.5, 1996.0, 1996.5, 1997.0, 1997.5, 1998.0, 1998.5, 1999.0, 1999.5, 2000.0, 2000.5, 2001.0, 2001.5, 2002.0, 2002.5, 2003.0, 2003.5, 2004.0, 2004.5, 2005.0, 2005.5, 2006.0, 2006.5, 2007.0, 2007.5, 2008.0, 2008.5, 2009.0, 2009.5, 2010.0, 2010.5, 2011.0, 2011.5, 2012.0, 2012.5, 2013.0, 2013.5, 2014.0, 2014.5, 2015.0, 2015.5, 2016.0, 2016.5, 2017.0, 2017.5, 2018.0, 2018.5, 2019.0, 2019.5, 2020.0, 2020.5, 2021.0, 2021.5, 2022.0, 2022.5, 2023.0, 2023.5, 2024.0, 2024.5, 2025.0, 2025.5, 2026.0, 2026.5, 2027.0, 2027.5, 2028.0, 2028.5, 2029.0, 2029.5, 2030.0, 2030.5, 2031.0, 2031.5, 2032.0, 2032.5, 2033.0, 2033.5, 2034.0, 2034.5, 2035.0, 2035.5, 2036.0], "N": [23278011.097153615, 23713537.98510801, 24153658.557135563, 24598344.819620766, 25047567.02806939, 25501293.56569039, 25959490.875322808, 26422123.89353396, 26889155.77667963, 27360547.887451965, 27836259.794879425, 28316249.274326835, 28800472.307495356, 29288883.082422495, 29781433.993482098, 30278075.641384363, 30778756.833175827, 31283424.582239375, 31792024.108294226, 32304498.83739596, 32820790.401936486, 33340838.64064407, 33864581.5985833, 34391955.527155146, 34922894.884096876, 35457332.33348213, 35995198.7457209, 36536423.19755949, 37080932.97208059, 37628653.55870319, 38179508.653182656, 38733420.15761068, 39290308.18041532, 39850091.03636094, 40412685.246548295, 40978005.53841445, 41545964.845732816, 42116474.308613166, 42689443.27350162, 43264779.29318061, 43842388.12676893, 44422173.73972174, 45004038.303830504, 45587883.1196541, 46173684.163605295, 46761376.61981448, 47350840.786212415, 47941956.39934142, 48534602.63435541, 49128658.10501986, 49724000.86371183, 50320508.40141992, 50918057.64774435, 51516524.970896855, 52115786.17770081, 52715716.51359112, 53316190.662614256, 53917082.74742829, 54518266.32930286, 55119614.408119164, 55720999.42236997, 56322293.24915965, 56923367.204204105, 57524092.04183085, 58124337.95497894, 58723974.57519904, 59322870.97265334, 59920895.65611564, 60517916.57297131, 61113801.10921726, 61708416.08946201, 62301627.77692563, 62893301.8734398, 63483303.51944772, 64071497.294004194, 64657747.21477559, 65241916.73803986, 65823868.75868651, 66403465.61021665, 66980569.06474291, 67555040.33298954, 68126740.06429236, 68695528.34659873, 69261264.70646763, 69823808.10906956, 70383016.95818664, 70938749.09621252, 71490861.80415247, 72039211.80162328, 72583655.24685337, 73124047.73668267, 73660244.30656275, 74192099.4305567, 74719467.02133922, 75242200.43019654, 75760152.4470265, 76273175.3003385, 76781120.65725352, 77283839.62350412, 77781182.74343437, 78273000.0, 78759140.81476828, 79239454.04791802, 79713787.99823964, 80181990.40313515, 80643908.43861806, 81099388.71931355, 81548277.2984583, 81990419.66790055, 82425660.7581002, 82853844.93812864, 83274816.01566888, 83688417.23701549, 84094491.28707457, 84492880.28936389, 84883425.80601269, 85265968.83776183, 85640349.82396378, 86006408.6425825, 86363989.66428941, 86713029.7990567, 87053422.46021192, 87385029.94663371, 87707716.04732725, 88021346.04142433, 88325786.6981833, 88620906.27698903, 88906574.52735303, 89182662.68891338, 89449043.49143465, 89705591.15480809, 89952181.38905145, 90188691.39430907], "RateAgeing": [0.0, 0.0, 0.0, 0.0, 0.0, 0.0, 0.0, 0.0, 0.0, 0.0, 0.0, 0.0, 0.0, 0.0, 0.0, 0.0, 0.0, 0.0, 0.0, 0.0, 0.0, 0.0, 0.0, 0.0, 0.0, 0.0, 0.0, 0.0, 0.0, 0.0, 0.0, 0.0, 0.0, 0.0, 0.0, 0.0, 0.0, 0.0, 0.0, 0.0, 0.0, 0.0, 0.0, 0.0, 0.0, 0.0, 0.0, 0.0, 0.0, 0.0, 0.0, 0.0, 0.0, 0.0, 0.0, 0.0, 0.0, 0.0, 0.0, 0.0, 0.0, 0.0, 0.0, 0.0, 0.0, 0.0, 0.0, 0.0, 0.0, 0.0, 0.0, 0.0, 0.0, 0.0, 0.0, 0.0, 0.0, 0.0, 0.0, 0.0, 0.0, 0.0, 0.0, 0.0, 0.0, 0.0, 0.0, 0.0, 0.0, 0.0, 0.0, 0.0, 0.0, 0.0, 0.0, 0.0, 0.0, 0.0, 0.0, 0.0, 0.0, 0.0, 0.0, 0.0, 0.0, 0.0, 0.0, 0.0, 0.0, 0.0, 0.0, 0.0, 0.0, 0.0, 0.0, 0.0, 0.0, 0.0, 0.0, 0.0, 0.0, 0.0, 0.0, 0.0, 0.0, 0.0, 0.0, 0.0, 0.0, 0.0, 0.0, 0.0, 0.0], "RateDeath": [0.0176105438731805, 0.017428900259679796, 0.01724913020571043, 0.01707121438647892, 0.016895133676516995, 0.01672086914762566, 0.016548402066840464, 0.016377713894417736, 0.016208786281841657, 0.0160416010698518, 0.015876140286491088, 0.015712386145173847, 0.015550321042773787, 0.01538992755773173, 0.015231188448182834, 0.015074086650103135, 0.014918605275475215, 0.014764727610472778, 0.014612437113663975, 0.014461717414233232, 0.01431255231022143, 0.01416492576678425, 0.014018821914468458, 0.013874225047505996, 0.013731119622125641, 0.013589490254882092, 0.013449321721002305, 0.01331059895274886, 0.013173307037800222, 0.013037431217647706, 0.01290295688600898, 0.01276986958725793, 0.012638155014870714, 0.012507799009887858, 0.012378787559392194, 0.012251106795002523, 0.01212474299138279, 0.011999682564766656, 0.01187591207149728, 0.011753418206582145, 0.01163218780226284, 0.011512207826599532, 0.01139346538207008, 0.011275947704183588, 0.01115964216010825, 0.011044536247313365, 0.010930617592225333, 0.010817873948897548, 0.01070629319769398, 0.01059586334398635, 0.01048657251686474, 0.0103784089678615, 0.010271361069688324, 0.010165417314986349, 0.010060566315089134, 0.009956796798798425, 0.009854097611172521, 0.009752457712327151, 0.009651866176248717, 0.009552312189619775, 0.009453785050656634, 0.009356274167958945, 0.009259769059371153, 0.009164259350855694, 0.009069734775377812, 0.008976185171801878, 0.008883600483799109, 0.00879197075876652, 0.008701286146757066, 0.00861153689942078, 0.008522713368956873, 0.008434806007076601, 0.008347805363976866, 0.008261702087324373, 0.008176486921250297, 0.008092150705355284, 0.008008684373724748, 0.0079260789539543, 0.007844325566185242, 0.007763415422150008, 0.007683339824227448, 0.007604090164507854, 0.007525657923867639, 0.00744803467105355, 0.00737121206177633, 0.0072951818378137355, 0.007219935826122793, 0.007145465937961226, 0.007071764168017931, 0.006998822593552429, 0.0069266333735432, 0.006855188747844782, 0.006784481036353587, 0.0067145026381823045, 0.0066452460308428305, 0.006576703769437619, 0.006508868485859373, 0.006441732887998998, 0.006375289758961715, 0.006309531956291269, 0.006244452411202131, 0.006180044127819621, 0.006116300182427876, 0.006053213722725563, 0.005990777967089282, 0.005928986203844553, 0.005867831790544333, 0.005807308153254971, 0.005747408785849527, 0.005688127249308382, 0.005629457171027058, 0.0055713922441311845, 0.005513926226798524, 0.005457052941587992, 0.005400766274775603, 0.005345060175697256, 0.0052899286560983095, 0.0052353657894898585, 0.005181365710511653, 0.005127922614301588, 0.005075030755871694, 0.005022684449490568, 0.0049708780680721805, 0.004919606042570963, 0.004868862861383164, 0.004818643069754361, 0.004768941269193092, 0.004719752116890528, 0.00467107032514614, 0.004622890660799282, 0.004575207944666644, 0.004528017050985501, 0.004481312906862708],