{"Year": [1970.0, 1970.5, 1971.0, 1971.5, 1972.0, 1972.5, 1973.0, 1973.5, 1974.0, 1974.5, 1975.0, 1975.5, 1976.0, 1976.5, 1977.0, 1977.5, 1978.0, 1978.5, 1979.0, 1979.5, 1980.0, 1980.5, 1981.0, 1981.5, 1982.0, 1982.5, 1983.0, 1983.5, 1984.0, 1984.5, 1985.0, 1985.5, 1986.0, 1986.5, 1987.0, 1987.5, 1988.0, 1988.5, 1989.0, 1989.5, 1990.0, 1990.5, 1991.0, 1991.5, 1992.0, 1992.5, 1993.0, 1993.5, 1994.0, 1994.5, 1995.0, 1995.5, 1996.0, 1996.5, 1997.0, 1997.5, 1998.0, 1998.5, 1999.0, 1999.5, 2000.0, 2000.5, 2001.0, 2001.5, 2002.0, 2002.5, 2003.0, 2003.5, 2004.0, 2004.5, 2005.0, 2005.5, 2006.0, 2006.5, 2007.0, 2007.5, 2008.0, 2008.5, 2009.0, 2009.5, 2010.0, 2010.5, 2011.0, 2011.5, 2012.0, 2012.5, 2013.0, 2013.5, 2014.0, 2014.5, 2015.0, 2015.5, 2016.0, 2016.5, 2017.0, 2017.5, 2018.0, 2018.5, 2019.0, 2019.5, 2020.0, 2020.5, 2021.0, 2021.5, 2022.0, 2022.5, 2023.0, 2023.5, 2024.0, 2024.5, 2025.0, 2025.5, 2026.0, 2026.5, 2027.0, 2027.5, 2028.0, 2028.5, 2029.0, 2029.5, 2030.0, 2030.5, 2031.0, 2031.5, 2032.0, 2032.5, 2033.0, 2033.5, 2034.0, 2034.5, 2035.0, 2035.5, 2036.0], "N": [709466.4226908925, 712961.9406153626, 716487.3563119174, 720042.7731828986, 723628.2936698387, 727244.0192334134, 730890.021886217, 734566.2138755193, 738272.7067530986, 742009.6505936743, 745777.1888647609, 749575.4584266685, 753404.5895325019, 757264.7058281614, 761155.9243523423, 765078.3555365351, 769032.1032050253, 773017.2645748939, 777033.9302560167, 781082.1842510648, 785162.1039555046, 789273.7601575974, 793417.2170383999, 797592.5321717637, 801799.7565243357, 806038.9344555581, 810310.1037176679, 814613.2954556975, 818948.5342074744, 823315.8379036215, 827715.2178675563, 832146.6788154921, 836610.2188564368, 841105.8294921936, 845633.4956173614, 850193.1955193335, 854784.9008782988, 859408.5767672408, 864064.1816519393, 868751.667390968, 873470.9792356963, 878222.0558302889, 883004.8292117056, 887819.2248097013, 892665.1614468256, 897542.5513384241, 902451.300092637, 907391.3067103998, 912362.4635854431, 917364.6565042926, 922397.7646462695, 927461.6605834897, 932556.2102808647, 937681.2730961007, 942836.7017796994, 948022.3424749576, 953238.0340557572, 958479.6034697338, 963743.7496948135, 969031.2433036619, 974342.7706690794, 979678.9339640002, 985040.2511614936, 990427.1560347625, 995839.9981571446, 1001279.042902112, 1006744.4714432709, 1012236.380754362, 1017754.7836092605, 1023299.6085819757, 1028870.7000466513, 1034467.8181775657, 1040090.6389491314, 1045738.7541358952, 1051411.6713125382, 1057108.8138538762, 1062829.5209348595, 1068573.0475305717, 1074338.5644162323, 1080125.1581671939, 1085931.831158944, 1091757.5015671044, 1097601.0033674312, 1103461.0863358153, 1109336.4160482814, 1115225.5738809884, 1121127.0570102306, 1127039.2784124357, 1132960.5668641657, 1138889.1669421177, 1144823.239023123, 1150760.8592841465, 1156700.0197022883, 1162638.6280547827, 1168574.5079189981, 1174505.3986724373, 1180428.9554927377, 1186342.7493576712, 1192244.2670451433, 1198130.9111331946, 1204000.0, 1209848.7678238682, 1215674.364583243, 1221473.856056702, 1227244.2238229578, 1232982.3652608565, 1238685.0935493794, 1244349.1376676413, 1249971.1423948922, 1255547.668310516, 1261075.191794031, 1266550.1050250903, 1271968.7159834807, 1277327.2484491237, 1282621.8420020752, 1287848.5520225253, 1293003.3496907987, 1298082.1219873542, 1303080.6716927853, 1307994.7173878192, 1312819.8934533186, 1317551.7500702792, 1322185.7532198324, 1326717.284683243, 1331141.6420419102, 1335454.038677368, 1339649.6037712852, 1343723.3823054635, 1347670.3350618402, 1351485.3386224872, 1355163.185369609, 1358698.5834855465, 1362086.156952774], "RateAgeing": [0.0, 0.0, 0.0, 0.0, 0.0, 0.0, 0.0, 0.0, 0.0, 0.0, 0.0, 0.0, 0.0, 0.0, 0.0, 0.0, 0.0, 0.0, 0.0, 0.0, 0.0, 0.0, 0.0, 0.0, 0.0, 0.0, 0.0, 0.0, 0.0, 0.0, 0.0, 0.0, 0.0, 0.0, 0.0, 0.0, 0.0, 0.0, 0.0, 0.0, 0.0, 0.0, 0.0, 0.0, 0.0, 0.0, 0.0, 0.0, 0.0, 0.0, 0.0, 0.0, 0.0, 0.0, 0.0, 0.0, 0.0, 0.0, 0.0, 0.0, 0.0, 0.0, 0.0, 0.0, 0.0, 0.0, 0.0, 0.0, 0.0, 0.0, 0.0, 0.0, 0.0, 0.0, 0.0, 0.0, 0.0, 0.0, 0.0, 0.0, 0.0, 0.0, 0.0, 0.0, 0.0, 0.0, 0.0, 0.0, 0.0, 0.0, 0.0, 0.0, 0.0, 0.0, 0.0, 0.0, 0.0, 0.0, 0.0, 0.0, 0.0, 0.0, 0.0, 0.0, 0.0, 0.0, 0.0, 0.0, 0.0, 0.0, 0.0, 0.0, 0.0, 0.0, 0.0, 0.0, 0.0, 0.0, 0.0, 0.0, 0.0, 0.0, 0.0, 0.0, 0.0, 0.0, 0.0, 0.0, 0.0, 0.0, 0.0, 0.0, 0.0], "RateDeath": [0.008589374558076792, 0.008532238316025925, 0.008475482142411199, 0.008419103509029652, 0.008363099904495854, 0.008307468834130024, 0.008252207819846912, 0.008197314400045414, 0.008142786129498912, 0.008088620579246364, 0.00803481533648409, 0.007981368004458304, 0.007928276202358352, 0.007875537565210656, 0.007823149743773362, 0.007771110404431701, 0.007719417229094028, 0.007668067915088574, 0.007617060175060868, 0.007566391736871844, 0.007516060343496636, 0.007466063752924028, 0.007416399738056597, 0.007367066086611496, 0.007318060601021914, 0.007269381098339182, 0.0072210254101355365, 0.007172991382407522, 0.00712527687548005, 0.007077879763911078, 0.007030797936396934, 0.006984029295678273, 0.00693757175844665, 0.00689142325525172, 0.006845581730409055, 0.006800045141908576, 0.006754811461323584, 0.006709878673720413, 0.006665244777568669, 0.006620907784652075, 0.006576865719979901, 0.0065331166216989955, 0.006489658541006389, 0.006446489542062486, 0.006403607701904832, 0.006361011110362463, 0.006318697869970803, 0.006276666095887152, 0.006234913915806724, 0.0061934394698792425, 0.006152240910626095, 0.006111316402858037, 0.006070664123593444, 0.006030282261977109, 0.005990169019199567, 0.005950322608416986, 0.005910741254671555, 0.005871423194812425, 0.005832366677417172, 0.005793569962713777, 0.005755031322503126, 0.0057167490400820324, 0.005678721410166762, 0.005640946738817074, 0.005603423343360763, 0.005566149552318705, 0.005529123705330399, 0.005492344153080012, 0.005455809257222902, 0.005419517390312649, 0.005383466935728548, 0.005347656287603606, 0.005312083850753004, 0.005276748040603042, 0.0052416472831205525, 0.005206780014742784, 0.005172144682307756, 0.005137739742985073, 0.005103563664207194, 0.005069614923601169, 0.0050358920089208226, 0.005002393417979395, 0.004969117658582622, 0.004936063248462268, 0.004903228715210098, 0.004870612596212287, 0.004838213438584273, 0.004806029799106035, 0.004774060244157801, 0.004742303349656196, 0.0047107577009908, 0.004679421892961134, 0.004648294529714069, 0.004617374224681648, 0.004586659600519315, 0.004556149289044567, 0.004525841931176008, 0.0044957361768728065, 0.004465830685074559, 0.004436124123641554, 0.0044066151692954275, 0.0043773025075602235, 0.0043481848327038344, 0.004319260847679842, 0.004290529264069741, 0.00426198880202554, 0.00423363819021276, 0.004205476165753793, 0.004177501474171656, 0.004149712869334104, 0.004122109113398125, 0.004094688976754796, 0.0040674512379745165, 0.004040394683752595, 0.004013518108855201, 0.003986820316065684, 0.003960300116131238, 0.003933956327709929, 0.003907787777318072, 0.0038817932992779567, 0.003855971735665922, 0.0038303219362607792, 0.003804842758492574, 0.0037795330673916906, 0.0037543917355382928, 0.003729417643012106, 0.003704609677342529, 0.003679966733459079, 0.003655487713642166, 0.0036311715274741953, 0.0036070170917909955, 0.003583023330633568, 0.0035591891752001586],