{"Year": [1970.0, 1970.5, 1971.0, 1971.5, 1972.0, 1972.5, 1973.0, 1973.5, 1974.0, 1974.5, 1975.0, 1975.5, 1976.0, 1976.5, 1977.0, 1977.5, 1978.0, 1978.5, 1979.0, 1979.5, 1980.0, 1980.5, 1981.0, 1981.5, 1982.0, 1982.5, 1983.0, 1983.5, 1984.0, 1984.5, 1985.0, 1985.5, 1986.0, 1986.5, 1987.0, 1987.5, 1988.0, 1988.5, 1989.0, 1989.5, 1990.0, 1990.5, 1991.0, 1991.5, 1992.0, 1992.5, 1993.0, 1993.5, 1994.0, 1994.5, 1995.0, 1995.5, 1996.0, 1996.5, 1997.0, 1997.5, 1998.0, 1998.5, 1999.0, 1999.5, 2000.0, 2000.5, 2001.0, 2001.5, 2002.0, 2002.5, 2003.0, 2003.5, 2004.0, 2004.5, 2005.0, 2005.5, 2006.0, 2006.5, 2007.0, 2007.5, 2008.0, 2008.5, 2009.0, 2009.5, 2010.0, 2010.5, 2011.0, 2011.5, 2012.0, 2012.5, 2013.0, 2013.5, 2014.0, 2014.5, 2015.0, 2015.5, 2016.0, 2016.5, 2017.0, 2017.5, 2018.0, 2018.5, 2019.0, 2019.5, 2020.0, 2020.5, 2021.0, 2021.5, 2022.0, 2022.5, 2023.0, 2023.5, 2024.0, 2024.5, 2025.0, 2025.5, 2026.0, 2026.5, 2027.0, 2027.5, 2028.0, 2028.5, 2029.0, 2029.5, 2030.0, 2030.5, 2031.0, 2031.5, 2032.0, 2032.5, 2033.0, 2033.5, 2034.0, 2034.5, 2035.0, 2035.5, 2036.0], "N": [532087588.79160404, 539357594.8353626, 546674609.6864394, 554038099.4494303, 561447516.3456261, 568902296.925694, 576401855.5061816, 583945604.5926961, 591532944.5337338, 599163261.1299437, 606835925.6341257, 614550294.7512311, 622305710.6383629, 630101500.9047757, 637936978.6118757, 645811442.2732202, 653724175.8545185, 661674448.7736312, 669661515.9005704, 677684617.5574999, 685742979.5187346, 693835813.0107415, 701962314.7121385, 710121666.7536956, 718313036.7183341, 726535577.6411266, 734788428.0092973, 743070711.7622224, 751381538.291429, 759720002.440596, 768085184.5055538, 776476150.2342843, 784891950.826921, 793331622.9357488, 801794188.665204, 810278655.5718749, 818784016.6645008, 827309250.4039729, 835853320.7033335, 844415176.927777, 852993753.8946488, 861587971.8734459, 870196736.5858171, 878818939.2055625, 887453456.3586339, 896099150.1231344, 904754888.3078015, 913419733.4113871, 922092549.9724531, 930772116.9270617, 939457196.8938262, 948146536.1739103, 956838864.7510285, 965532896.2914464, 974227328.1439799, 982920841.3399957, 991612100.5934113, 1000299754.3006952, 1008982434.5408663, 1017658757.0754942, 1026327321.3486996, 1034986710.4871534, 1043635491.300078, 1052272214.2792459, 1060895413.5989803, 1069503607.1161556, 1078095296.3701968, 1086668966.583079, 1095223086.6593292, 1103756109.1860247, 1112266470.4327924, 1120752590.3518116, 1129212872.5778117, 1137645704.4280722, 1146049456.9024246, 1154422484.6832497, 1162763126.1354806, 1171069703.3065996, 1179340521.926641, 1187573871.4081886, 1195768024.8463783, 1203921239.018896, 1212031754.3859782, 1220097795.0904121, 1228117568.9575365, 1236089267.4952397, 1244011065.8939617, 1251881123.0266929, 1259697581.4489744, 1267458567.3988976, 1275162190.797106, 1282806545.2467926, 1290389708.0337012, 1297909740.1261265, 1305364686.1749146, 1312752574.5134614, 1320071417.1577141, 1327319209.8061707, 1334493931.839879, 1341593546.322439, 1348616000.0, 1355559223.3012633, 1362421130.33748, 1369199618.9024525, 1375892570.4725337, 1382497850.2066274, 1389013306.9461877, 1395436773.2152197, 1401766065.2202797, 1407998982.8504739, 1414133309.67746, 1420166812.9554458, 1426097243.6211903, 1431922336.294003, 1437639809.2757442, 1443247364.550825, 1448742687.7862072, 1454123448.3314033, 1459387299.2184765, 1464531877.162041, 1469554802.559261, 1474453679.489853, 1479226095.7160819, 1483869622.6827655, 1488381815.5172713, 1492760213.0295177, 1497002337.711974, 1501105695.7396593, 1505067776.9701455, 1508886054.9435532, 1512557986.882555, 1516081013.6923728, 1519452559.9607809], "RateAgeing": [0.0, 0.0, 0.0, 0.0, 0.0, 0.0, 0.0, 0.0, 0.0, 0.0, 0.0, 0.0, 0.0, 0.0, 0.0, 0.0, 0.0, 0.0, 0.0, 0.0, 0.0, 0.0, 0.0, 0.0, 0.0, 0.0, 0.0, 0.0, 0.0, 0.0, 0.0, 0.0, 0.0, 0.0, 0.0, 0.0, 0.0, 0.0, 0.0, 0.0, 0.0, 0.0, 0.0, 0.0, 0.0, 0.0, 0.0, 0.0, 0.0, 0.0, 0.0, 0.0, 0.0, 0.0, 0.0, 0.0, 0.0, 0.0, 0.0, 0.0, 0.0, 0.0, 0.0, 0.0, 0.0, 0.0, 0.0, 0.0, 0.0, 0.0, 0.0, 0.0, 0.0, 0.0, 0.0, 0.0, 0.0, 0.0, 0.0, 0.0, 0.0, 0.0, 0.0, 0.0, 0.0, 0.0, 0.0, 0.0, 0.0, 0.0, 0.0, 0.0, 0.0, 0.0, 0.0, 0.0, 0.0, 0.0, 0.0, 0.0, 0.0, 0.0, 0.0, 0.0, 0.0, 0.0, 0.0, 0.0, 0.0, 0.0, 0.0, 0.0, 0.0, 0.0, 0.0, 0.0, 0.0, 0.0, 0.0, 0.0, 0.0, 0.0, 0.0, 0.0, 0.0, 0.0, 0.0, 0.0, 0.0, 0.0, 0.0, 0.0, 0.0], "RateDeath": [0.01635999332063662, 0.016215558255265546, 0.016072398342499968, 0.015930502324587748, 0.015789859043166387, 0.01565045743838559, 0.01551228654803755, 0.015375335506694858, 0.015239593544856133, 0.015105049988099091, 0.014971694256241156, 0.01483951586250745, 0.014708504412706137, 0.014578649604411065, 0.014449941226151584, 0.014322369156609555, 0.014195923363823432, 0.014070593904399376, 0.013946370922729314, 0.013823244650215942, 0.013701205404504526, 0.013580243588721517, 0.013460349690719867, 0.01334151428233102, 0.013223728018623511, 0.013106981637168091, 0.012991265957309355, 0.012876571879443802, 0.012762890384304268, 0.01265021253225065, 0.012538529462566946, 0.012427832392764446, 0.0123181126178911, 0.012209361509846998, 0.012101570516705858, 0.011994731162042535, 0.011888835044266452, 0.011783873835960915, 0.01167983928322827, 0.011576723205040832, 0.011474517492597557, 0.011373214108686372, 0.011272805087052163, 0.011173282531770311, 0.011074638616625797, 0.010976865584497742, 0.010879955746749425, 0.010783901482623664, 0.010688695238643525, 0.010594329528018353, 0.010500796930055012, 0.010408090089574355, 0.010316201716332818, 0.01022512458444914, 0.010134851531836133, 0.010045375459637473, 0.009956689331669466, 0.009868786173867737, 0.009781659073738807, 0.00969530117981651, 0.009609705701123211, 0.009524865906635782, 0.009440775124756287, 0.009357426742787344, 0.00927481420641212, 0.009192931019178913, 0.009111770741990292, 0.009031326992596731, 0.008951593445094738, 0.008872563829429393, 0.008794231930901284, 0.008716591589677802, 0.008639636700308748, 0.008563361211246208, 0.008487759124368686, 0.00841282449450941, 0.008338551428988834, 0.00826493408715124, 0.008191966679905448, 0.00811964346926958, 0.008047958767919828, 0.007976906938743228, 0.00790648239439436, 0.007836679596855984, 0.007767493057003532, 0.007698917334173469, 0.00763094703573544, 0.007563576816668214, 0.0074968013791393605, 0.007430615472088647, 0.0073650138908151, 0.007299991476567723, 0.007235543116139828, 0.007171663741466942, 0.007108348329228262, 0.007045591900451647, 0.006983389520122065, 0.006921736296793533, 0.006860627382204453, 0.0068000579708963615, 0.0067400232998360374, 0.006680518648040953, 0.006621539336208024, 0.006563080726345638, 0.006505138221408938, 0.00644770726493832, 0.006390783340701127, 0.006334361972336495, 0.006278438723003356, 0.00622300919503152, 0.006168069029575866, 0.006113613906273565, 0.00605963954290434, 0.006006141695053723, 0.0059531161557792815, 0.005900558755279798, 0.005848465360567365, 0.005796831875142375, 0.005745654238671388, 0.00569492842666783, 0.005644650450175518, 0.0055948163554549795, 0.005545422223672544, 0.005496464170592167, 0.005447938346269988, 0.005399840934751578, 0.005352168153771867, 0.00530491625445771, 0.005258081521033083, 0.005211660270526894, 0.005165648852483352, 0.005120043648674906, 0.0050748410728177215],