{"Year": [1970.0, 1970.5, 1971.0, 1971.5, 1972.0, 1972.5, 1973.0, 1973.5, 1974.0, 1974.5, 1975.0, 1975.5, 1976.0, 1976.5, 1977.0, 1977.5, 1978.0, 1978.5, 1979.0, 1979.5, 1980.0, 1980.5, 1981.0, 1981.5, 1982.0, 1982.5, 1983.0, 1983.5, 1984.0, 1984.5, 1985.0, 1985.5, 1986.0, 1986.5, 1987.0, 1987.5, 1988.0, 1988.5, 1989.0, 1989.5, 1990.0, 1990.5, 1991.0, 1991.5, 1992.0, 1992.5, 1993.0, 1993.5, 1994.0, 1994.5, 1995.0, 1995.5, 1996.0, 1996.5, 1997.0, 1997.5, 1998.0, 1998.5, 1999.0, 1999.5, 2000.0, 2000.5, 2001.0, 2001.5, 2002.0, 2002.5, 2003.0, 2003.5, 2004.0, 2004.5, 2005.0, 2005.5, 2006.0, 2006.5, 2007.0, 2007.5, 2008.0, 2008.5, 2009.0, 2009.5, 2010.0, 2010.5, 2011.0, 2011.5, 2012.0, 2012.5, 2013.0, 2013.5, 2014.0, 2014.5, 2015.0, 2015.5, 2016.0, 2016.5, 2017.0, 2017.5, 2018.0, 2018.5, 2019.0, 2019.5, 2020.0, 2020.5, 2021.0, 2021.5, 2022.0, 2022.5, 2023.0, 2023.5, 2024.0, 2024.5, 2025.0, 2025.5, 2026.0, 2026.5, 2027.0, 2027.5, 2028.0, 2028.5, 2029.0, 2029.5, 2030.0, 2030.5, 2031.0, 2031.5, 2032.0, 2032.5, 2033.0, 2033.5, 2034.0, 2034.5, 2035.0, 2035.5, 2036.0], "N": [139044.86717754844, 149953.83896056082, 161211.0209812391, 172794.92242293461, 184683.6395598064, 196854.30424202373, 209283.04812781102, 221946.54105232836, 234822.02178233102, 247887.2980161693, 261120.74638378873, 274501.31244673, 288008.5106981287, 301622.42456271604, 315323.70639681787, 329093.5774883554, 342913.828056845, 356766.8172533983, 370635.47316072165, 384503.13223476923, 398354.40481144405, 412177.99691664195, 425963.58762815077, 439701.4224117186, 453382.3131210538, 466997.6379978252, 480539.3416716619, 493999.9351601533, 507372.49586884916, 520650.6675912595, 533828.6605088548, 546901.2511910658, 559863.7825952835, 572712.1640668592, 585442.8713391045, 598052.9465332917, 610539.9981586529, 622902.201112381, 635138.2966796289, 647247.5925335098, 659229.9627350975, 671085.847733426, 682816.2543654896, 694422.7558562426, 705906.1555656944, 717263.925532093, 728497.5719070666, 739608.9831302573, 750600.020037807, 761472.5158623562, 772228.2762330456, 782869.0791755145, 793396.6751119018, 803812.7868608456, 814119.1096374831, 824317.3110534514, 834409.0311168862, 844395.8822324227, 854279.4492011957, 864061.2892208388, 873742.9318854855, 883325.8791857678, 892811.6055088178, 902201.5576382662, 911497.1547542436, 920699.7884333794, 929810.8226488024, 938831.593770141, 947763.4105635225, 956607.5541915738, 965365.2782134209, 974037.8085846889, 982626.3436575028, 991132.0541804862, 999556.0832987624, 1007899.5465539542, 1016163.531884183, 1024349.09962407, 1032457.2825047355, 1040489.0856537992, 1048445.4865953804, 1056327.4352500967, 1064135.8539350661, 1071871.637363905, 1079535.6526467297, 1087128.7392901562, 1094651.7091972984, 1102105.3466677703, 1109490.4083976857, 1116807.6234796566, 1124057.6934027951, 1131241.292052713, 1138359.0657115192, 1145411.633057825, 1152399.5851667384, 1159323.485509868, 1166183.8699553213, 1172981.2467677055, 1179716.0966081263, 1186388.8725341896, 1193000.0, 1199549.8768561615, 1206038.8733497777, 1212467.3321244507, 1218835.5682202827, 1225143.8690738748, 1231392.494518328, 1237581.6767832413, 1243711.6204947142, 1249782.5026753452, 1255794.4727442313, 1261747.6525169704, 1267642.1362056583, 1273477.9904188903, 1279255.2541617611, 1284973.9388358656, 1290634.0282392963, 1296235.4785666466, 1301778.2184090083, 1307262.148753972, 1312687.1429856292, 1318053.0468845693, 1323359.6786278812, 1328606.828789154, 1333794.260338475, 1338921.708642431, 1343988.8814641086, 1348995.4589630933, 1353941.0936954701, 1358825.4106138232, 1363648.0070672357, 1368408.4528012904, 1373106.2899580703], "RateAgeing": [0.0, 0.0, 0.0, 0.0, 0.0, 0.0, 0.0, 0.0, 0.0, 0.0, 0.0, 0.0, 0.0, 0.0, 0.0, 0.0, 0.0, 0.0, 0.0, 0.0, 0.0, 0.0, 0.0, 0.0, 0.0, 0.0, 0.0, 0.0, 0.0, 0.0, 0.0, 0.0, 0.0, 0.0, 0.0, 0.0, 0.0, 0.0, 0.0, 0.0, 0.0, 0.0, 0.0, 0.0, 0.0, 0.0, 0.0, 0.0, 0.0, 0.0, 0.0, 0.0, 0.0, 0.0, 0.0, 0.0, 0.0, 0.0, 0.0, 0.0, 0.0, 0.0, 0.0, 0.0, 0.0, 0.0, 0.0, 0.0, 0.0, 0.0, 0.0, 0.0, 0.0, 0.0, 0.0, 0.0, 0.0, 0.0, 0.0, 0.0, 0.0, 0.0, 0.0, 0.0, 0.0, 0.0, 0.0, 0.0, 0.0, 0.0, 0.0, 0.0, 0.0, 0.0, 0.0, 0.0, 0.0, 0.0, 0.0, 0.0, 0.0, 0.0, 0.0, 0.0, 0.0, 0.0, 0.0, 0.0, 0.0, 0.0, 0.0, 0.0, 0.0, 0.0, 0.0, 0.0, 0.0, 0.0, 0.0, 0.0, 0.0, 0.0, 0.0, 0.0, 0.0, 0.0, 0.0, 0.0, 0.0, 0.0, 0.0, 0.0, 0.0], "RateDeath": [0.002636991390307946, 0.0026488101621977025, 0.002660681904821264, 0.0026726068555889696, 0.0026845852529752104, 0.0026966173365232013, 0.0027087033468497683, 0.002720843525650162, 0.00273303811570289, 0.002745287360874574, 0.0027575915061248246, 0.0027699507975111393, 0.002782365482193826, 0.002794835808440944, 0.002807362025633268, 0.0028199443842692774, 0.002832583135970164, 0.0028452785334848645, 0.002858030830695115, 0.002870840282620527, 0.002883707145423691, 0.002896631676415293, 0.002909614134059266, 0.0029226547779779566, 0.0029357538689573142, 0.0029489116689521123, 0.002962128441091181, 0.0029754044496826722, 0.0029887399602193444, 0.0030021352393838725, 0.00301559055505418, 0.0030291061763087976, 0.0030426823734322414, 0.003056319417920422, 0.0030700175824860698, 0.003083777141064191, 0.0030975983688175464, 0.003111481542142151, 0.0031254269386728054, 0.003139434837288644, 0.0031535055181187155, 0.0031676392625475816, 0.0031818363532209472, 0.00319609707405131, 0.003210421710223641, 0.0032248105482010846, 0.0032392638757306894, 0.003253781981849162, 0.0032683651568886467, 0.0032830136924825314, 0.003297727881571282, 0.003312508018408296, 0.0033273543985657926, 0.003342267318940718, 0.0033572470777606875, 0.0033722939745899454, 0.0033874083103353583, 0.003402590387252433, 0.003417840508951358, 0.0034331589804030786, 0.0034485461079453925, 0.0034640021992890786, 0.003479527563524049, 0.0034951225111255306, 0.0035107873539602743, 0.0035265224052927896, 0.0035423279797916142, 0.0035582043935356005, 0.003574151964020241, 0.003590171010164016, 0.0036062618523147703, 0.003622424812256123, 0.0036386602132138977, 0.003654968379862589, 0.0036713496383318574, 0.003687804316213045, 0.003704332742565735, 0.0037209352479243233, 0.0037376121643046363, 0.0037543638252105663, 0.0037711905656407406, 0.0037880927220952233, 0.003805070632582243, 0.0038221246366249525, 0.003839255075268217, 0.003856462291085439, 0.0038737466281854034, 0.0038911084322191623, 0.003908548050386947, 0.00392606583144511, 0.0039436621257131, 0.00396133728508047, 0.00397909166301391, 0.003996925614564317, 0.004014839496373898, 0.0040328336666833, 0.004050908485338772, 0.004069064313799367, 0.004087301515144165, 0.0041056204540795335, 0.004124021496946426, 0.004142505011727705, 0.004161071368055499, 0.004179720937218598, 0.004198454092169877, 0.0042172712075337505, 0.004236172659613675, 0.004255158826399662, 0.004274230087575842, 0.004293386824528059, 0.004312629420351498, 0.00433195825985834, 0.004351373729585464, 0.004370876217802176, 0.004390466114517967, 0.004410143811490324, 0.004429909702232553, 0.004449764182021654, 0.0044697076479062285, 0.004489740498714412, 0.004509863135061855, 0.004530075959359736, 0.004550379375822802, 0.00457077379047746, 0.004591259611169889, 0.004611837247574205, 0.004632507111200645, 0.004653269615403801, 0.0046741251753908844, 0.0046950742082300335, 0.004716117132858646, 0.0047372543700917626, 0.004758486342630486],