{"Year": [1970.0, 1970.5, 1971.0, 1971.5, 1972.0, 1972.5, 1973.0, 1973.5, 1974.0, 1974.5, 1975.0, 1975.5, 1976.0, 1976.5, 1977.0, 1977.5, 1978.0, 1978.5, 1979.0, 1979.5, 1980.0, 1980.5, 1981.0, 1981.5, 1982.0, 1982.5, 1983.0, 1983.5, 1984.0, 1984.5, 1985.0, 1985.5, 1986.0, 1986.5, 1987.0, 1987.5, 1988.0, 1988.5, 1989.0, 1989.5, 1990.0, 1990.5, 1991.0, 1991.5, 1992.0, 1992.5, 1993.0, 1993.5, 1994.0, 1994.5, 1995.0, 1995.5, 1996.0, 1996.5, 1997.0, 1997.5, 1998.0, 1998.5, 1999.0, 1999.5, 2000.0, 2000.5, 2001.0, 2001.5, 2002.0, 2002.5, 2003.0, 2003.5, 2004.0, 2004.5, 2005.0, 2005.5, 2006.0, 2006.5, 2007.0, 2007.5, 2008.0, 2008.5, 2009.0, 2009.5, 2010.0, 2010.5, 2011.0, 2011.5, 2012.0, 2012.5, 2013.0, 2013.5, 2014.0, 2014.5, 2015.0, 2015.5, 2016.0, 2016.5, 2017.0, 2017.5, 2018.0, 2018.5, 2019.0, 2019.5, 2020.0, 2020.5, 2021.0, 2021.5, 2022.0, 2022.5, 2023.0, 2023.5, 2024.0, 2024.5, 2025.0, 2025.5, 2026.0, 2026.5, 2027.0, 2027.5, 2028.0, 2028.5, 2029.0, 2029.5, 2030.0, 2030.5, 2031.0, 2031.5, 2032.0, 2032.5, 2033.0, 2033.5, 2034.0, 2034.5, 2035.0, 2035.5, 2036.0], "N": [15513650.98311781, 15671514.276338492, 15830555.024667954, 15990767.521565557, 16152145.74968375, 16314683.330371328, 16478372.16261869, 16643205.111554414, 16809175.499511167, 16976276.23436387, 17144499.809529696, 17313838.30396806, 17484283.382180646, 17655826.294211376, 17828457.87564642, 18002168.547614206, 18176948.316785417, 18352786.775372982, 18529673.101132087, 18707596.057360154, 18886543.992896874, 19066504.842124183, 19247466.124966264, 19429414.94688955, 19612337.998902746, 19796221.557556774, 19981051.48494484, 20166813.228702378, 20353491.822007086, 20541071.88357891, 20729537.617680047, 20918872.814114947, 21109060.848230302, 21300084.680915073, 21491926.858600453, 21684569.5132599, 21877994.362409122, 22072182.709106073, 22267115.441950954, 22462773.03508623, 22659135.54819661, 22856182.626509055, 23053893.500792783, 23252246.987359244, 23451221.488062162, 23650794.990297507, 23850945.067003496, 24051648.87666059, 24252883.163291518, 24454625.554730475, 24656857.129728504, 24859552.544874676, 25062685.17055929, 25266227.82787114, 25470152.78859752, 25674431.77522421, 25879035.960935477, 26083935.969614096, 26289101.87584133, 26494503.204896927, 26700108.932759136, 26905887.4861047, 27111806.742308855, 27317834.02944532, 27523936.126286324, 27730079.262302577, 27936229.117663287, 28142350.82323615, 28348408.960587367, 28554367.561981615, 28760190.11038208, 28965839.539450433, 29171278.23354684, 29376468.027729966, 29581370.20775695, 29785945.510083452, 29990154.1218636, 30193955.680950038, 30397309.275893882, 30600173.445944753, 30802506.181050763, 31004264.92185852, 31205406.559713118, 31405887.43665815, 31605663.3454357, 31804689.529486347, 32002920.682949167, 32200310.95066171, 32396813.928160056, 32592382.661678735, 32786969.6481508, 32980526.835207786, 33173005.621179733, 33364356.85509515, 33554530.83668106, 33743477.316362984, 33931145.49526491, 34117484.02520933, 34302441.008717254, 34485963.99900815, 34668000.0, 34848495.46630928, 35027396.30325094, 35204647.86683843, 35380194.963783726, 35553981.85149725, 35725952.238087945, 35896049.28236323, 36064215.593829036, 36230393.232689776, 36394523.70984837, 36556547.98690619, 36716406.47616316, 36874039.04061765, 37029384.99396656, 37182383.10060524, 37332971.57562759, 37481088.08482593, 37626669.74469115, 37769653.12241258, 37909974.235878065, 38047568.55367394, 38182370.99508502, 38314315.930094644, 38443337.17938461, 38569368.014335245, 38692341.15702532, 38812188.78023216, 38928842.50743152, 39042233.412797704, 39152292.02120347, 39258948.3082201, 39362131.700117335], "RateAgeing": [0.0, 0.0, 0.0, 0.0, 0.0, 0.0, 0.0, 0.0, 0.0, 0.0, 0.0, 0.0, 0.0, 0.0, 0.0, 0.0, 0.0, 0.0, 0.0, 0.0, 0.0, 0.0, 0.0, 0.0, 0.0, 0.0, 0.0, 0.0, 0.0, 0.0, 0.0, 0.0, 0.0, 0.0, 0.0, 0.0, 0.0, 0.0, 0.0, 0.0, 0.0, 0.0, 0.0, 0.0, 0.0, 0.0, 0.0, 0.0, 0.0, 0.0, 0.0, 0.0, 0.0, 0.0, 0.0, 0.0, 0.0, 0.0, 0.0, 0.0, 0.0, 0.0, 0.0, 0.0, 0.0, 0.0, 0.0, 0.0, 0.0, 0.0, 0.0, 0.0, 0.0, 0.0, 0.0, 0.0, 0.0, 0.0, 0.0, 0.0, 0.0, 0.0, 0.0, 0.0, 0.0, 0.0, 0.0, 0.0, 0.0, 0.0, 0.0, 0.0, 0.0, 0.0, 0.0, 0.0, 0.0, 0.0, 0.0, 0.0, 0.0, 0.0, 0.0, 0.0, 0.0, 0.0, 0.0, 0.0, 0.0, 0.0, 0.0, 0.0, 0.0, 0.0, 0.0, 0.0, 0.0, 0.0, 0.0, 0.0, 0.0, 0.0, 0.0, 0.0, 0.0, 0.0, 0.0, 0.0, 0.0, 0.0, 0.0, 0.0, 0.0], "RateDeath": [0.02288883300035166, 0.02263302025299477, 0.022380066548810126, 0.022129939934238157, 0.021882608812842257, 0.021638041941317476, 0.021396208425543777, 0.021157077716683483, 0.020920619607322256, 0.02068680422765326, 0.020455602041703946, 0.020226983843605023, 0.02000092075390113, 0.019777384215902697, 0.019556345992078655, 0.019337778160489396, 0.019121653111259632, 0.01890794354309067, 0.018696622459811643, 0.018487663166969343, 0.0182810392684561, 0.018076724663175395, 0.017874693541744698, 0.017674920383235225, 0.017477379951948046, 0.01728204729422629, 0.01708889773530296, 0.016897906876183946, 0.01670905059056593, 0.016522305021788693, 0.016337646579821494, 0.01615505193828316, 0.015974498031495428, 0.015795962051569266, 0.01561942144552373, 0.015444853912437042, 0.015272237400629489, 0.015101550104877818, 0.01493277046366076, 0.014765877156435346, 0.014600849100943657, 0.014437665450549668, 0.014276305591605875, 0.014116749140849339, 0.013958975942826825, 0.013802966067348755, 0.01364869980697156, 0.013496157674508222, 0.013345320400566615, 0.01319616893111536, 0.013048684425076873, 0.012902848251947353, 0.012758641989443318, 0.012616047421174491, 0.01247504653434265, 0.012335621517466247, 0.012197754758130404, 0.012061428840762096, 0.01192662654443019, 0.011793330840670043, 0.01166152489133247, 0.011531192046456688, 0.011402315842167082, 0.011274879998593453, 0.011148868417814515, 0.01102426518182438, 0.010901054550521767, 0.010779220959721685, 0.01065874901918933, 0.010539623510695975, 0.01042182938609657, 0.010305351765428832, 0.010190175935033591, 0.01007628734569612, 0.009963671610808265, 0.0098523145045511, 0.009742201960097889, 0.00963332006783715, 0.009525655073615566, 0.009419193377000527, 0.009313921529562114, 0.009209826233174258, 0.009106894338334899, 0.009005112842504921, 0.008904468888465649, 0.008804949762694695, 0.008706542893759973, 0.00860923585073165, 0.008513016341611843, 0.008417872211781878, 0.0083237914424669, 0.008230762149217634, 0.008138772580409117, 0.008047811115756228, 0.007957866264845775, 0.007868926665685012, 0.007780981083266378, 0.007694018408148264, 0.00760802765505165, 0.007522997961472424, 0.007438918586309218, 0.007355778908506564, 0.007273568425713229, 0.007192276752955538, 0.007111893621325526, 0.0070324088766837494, 0.006953812478376601, 0.006876094497967953, 0.0067992451179849835, 0.0067232546306780095, 0.006648113436794195, 0.00657381204436495, 0.006500341067506892, 0.0064276912252362, 0.00635585334029623, 0.006284818337998225, 0.006214577245074982, 0.006145121188547338, 0.006076441394603314, 0.006008529187489796, 0.0059413759884165964, 0.0058749733144727685, 0.005809312777555023, 0.005744386083308139, 0.005680185030077196, 0.005616701507871534, 0.005553927497340279, 0.00549185506875933, 0.005430476381029659, 0.0053697836806868085, 0.005309769300921462, 0.005250425660610961, 0.005191745263361641],