{"Year": [1970.0, 1970.5, 1971.0, 1971.5, 1972.0, 1972.5, 1973.0, 1973.5, 1974.0, 1974.5, 1975.0, 1975.5, 1976.0, 1976.5, 1977.0, 1977.5, 1978.0, 1978.5, 1979.0, 1979.5, 1980.0, 1980.5, 1981.0, 1981.5, 1982.0, 1982.5, 1983.0, 1983.5, 1984.0, 1984.5, 1985.0, 1985.5, 1986.0, 1986.5, 1987.0, 1987.5, 1988.0, 1988.5, 1989.0, 1989.5, 1990.0, 1990.5, 1991.0, 1991.5, 1992.0, 1992.5, 1993.0, 1993.5, 1994.0, 1994.5, 1995.0, 1995.5, 1996.0, 1996.5, 1997.0, 1997.5, 1998.0, 1998.5, 1999.0, 1999.5, 2000.0, 2000.5, 2001.0, 2001.5, 2002.0, 2002.5, 2003.0, 2003.5, 2004.0, 2004.5, 2005.0, 2005.5, 2006.0, 2006.5, 2007.0, 2007.5, 2008.0, 2008.5, 2009.0, 2009.5, 2010.0, 2010.5, 2011.0, 2011.5, 2012.0, 2012.5, 2013.0, 2013.5, 2014.0, 2014.5, 2015.0, 2015.5, 2016.0, 2016.5, 2017.0, 2017.5, 2018.0, 2018.5, 2019.0, 2019.5, 2020.0, 2020.5, 2021.0, 2021.5, 2022.0, 2022.5, 2023.0, 2023.5, 2024.0, 2024.5, 2025.0, 2025.5, 2026.0, 2026.5, 2027.0, 2027.5, 2028.0, 2028.5, 2029.0, 2029.5, 2030.0, 2030.5, 2031.0, 2031.5, 2032.0, 2032.5, 2033.0, 2033.5, 2034.0, 2034.5, 2035.0, 2035.5, 2036.0], "N": [11617806.172066892, 11748619.096394653, 11880518.425698668, 12013505.68883884, 12147582.248168265, 12282749.078975087, 12419004.045782035, 12556347.925017646, 12694782.514414383, 12834309.285218446, 12974929.382189762, 13116643.623601986, 13259452.501242511, 13403356.180412455, 13548354.499926662, 13694446.972113721, 13841632.782815939, 13989910.791389355, 14139279.530703746, 14289737.20714261, 14441281.700603185, 14593910.56449643, 14747621.025747042, 14902409.984793447, 15058274.0155878, 15215209.365595987, 15373211.955797622, 15532277.380686056, 15692400.908268366, 15853577.48006536, 16015801.711111577, 16179067.88995529, 16343369.978658492, 16508701.612796921, 16675056.101460034, 16842426.42725103, 17010805.24628682, 17180184.888198067, 17350557.356129147, 17521914.326738186, 17694247.150197014, 17867546.85019122, 18041804.123920105, 18217009.3420967, 18393152.54894778, 18570223.46221384, 18748211.47314911, 18927105.646521546, 19106874.28807157, 19287409.43616373, 19468700.768879637, 19650751.24570005, 19833562.149838943, 20017133.088243514, 20201461.991594177, 20386545.114304557, 20572377.03452151, 20758950.65412509, 20946257.198728584, 21134286.21767849, 21323025.584054522, 21512461.494669616, 21702578.47006992, 21893359.3545348, 22084785.31607685, 22276835.846441858, 22469488.761108857, 22662720.199290074, 22856504.62393097, 23050814.82171021, 23245621.903039686, 23440895.302064504, 23636602.776662987, 23832710.408446677, 24029182.602760322, 24225982.088681906, 24423069.91902262, 24620405.470326874, 24817946.44287229, 25015648.86066971, 25213467.071463194, 25411353.746730037, 25609259.881680712, 25807134.795258947, 26004926.130141668, 26202579.852739017, 26400040.253194366, 26597249.94538429, 26794149.866918594, 26990679.27914029, 27186775.76712561, 27382375.239684016, 27577411.92935816, 27771818.39242393, 27965525.508890446, 28158462.4825, 28350556.840728156, 28541734.434783645, 28731919.43960846, 28921034.353877775, 29108999.999999996, 29295735.524116755, 29481158.39610289, 29665184.409566447, 29847727.68184872, 30028700.654024184, 30208014.090900563, 30385577.081018772, 30561297.036652956, 30735079.69381049, 30906829.112231933, 31076447.675391093, 31243836.09049498, 31408893.388483822, 31571516.92403107, 31731602.37554339, 31889043.74516066, 32043733.358755983, 32195561.86593566, 32344418.24003925, 32490189.778139487, 32632762.10104235, 32772019.153287012, 32907843.20314588, 33040114.842624582, 33168712.98746195, 33293514.877130028, 33414396.074834105, 33531230.467512663, 33643890.26583741, 33752246.00421326, 33856166.54077836, 33955519.05740407], "RateAgeing": [0.0, 0.0, 0.0, 0.0, 0.0, 0.0, 0.0, 0.0, 0.0, 0.0, 0.0, 0.0, 0.0, 0.0, 0.0, 0.0, 0.0, 0.0, 0.0, 0.0, 0.0, 0.0, 0.0, 0.0, 0.0, 0.0, 0.0, 0.0, 0.0, 0.0, 0.0, 0.0, 0.0, 0.0, 0.0, 0.0, 0.0, 0.0, 0.0, 0.0, 0.0, 0.0, 0.0, 0.0, 0.0, 0.0, 0.0, 0.0, 0.0, 0.0, 0.0, 0.0, 0.0, 0.0, 0.0, 0.0, 0.0, 0.0, 0.0, 0.0, 0.0, 0.0, 0.0, 0.0, 0.0, 0.0, 0.0, 0.0, 0.0, 0.0, 0.0, 0.0, 0.0, 0.0, 0.0, 0.0, 0.0, 0.0, 0.0, 0.0, 0.0, 0.0, 0.0, 0.0, 0.0, 0.0, 0.0, 0.0, 0.0, 0.0, 0.0, 0.0, 0.0, 0.0, 0.0, 0.0, 0.0, 0.0, 0.0, 0.0, 0.0, 0.0, 0.0, 0.0, 0.0, 0.0, 0.0, 0.0, 0.0, 0.0, 0.0, 0.0, 0.0, 0.0, 0.0, 0.0, 0.0, 0.0, 0.0, 0.0, 0.0, 0.0, 0.0, 0.0, 0.0, 0.0, 0.0, 0.0, 0.0, 0.0, 0.0, 0.0, 0.0], "RateDeath": [0.016858826047391275, 0.016722255115219666, 0.01658679052458464, 0.016452423313172062, 0.01631914459127022, 0.016186945541181687, 0.016055817416639924, 0.015925751542230658, 0.0157967393128179, 0.01566877219297463, 0.015541841716418092, 0.015415939485449693, 0.015291057170399367, 0.015167186509074528, 0.015044319306213423, 0.014922447432942933, 0.014801562826240787, 0.014681657488402089, 0.014562723486510207, 0.014444752951911935, 0.01432773807969689, 0.01421167112818115, 0.014096544418395073, 0.013982350333575234, 0.01386908131866053, 0.013756729879792323, 0.013645288583818636, 0.013534750057802402, 0.01342510698853366, 0.013316352122045712, 0.013208478263135202, 0.013101478274886086, 0.012995345078197452, 0.01289007165131517, 0.012785651029367339, 0.012682076303903476, 0.012579340622437474, 0.012477437187994229, 0.012376359258659953, 0.012276100147136145, 0.012176653220297142, 0.012078011898751287, 0.011980169656405625, 0.011883120020034148, 0.011786856568849521, 0.011691372934078292, 0.011596662798539523, 0.011502719896226856, 0.01140953801189395, 0.011317110980643287, 0.011225432687518296, 0.011134497067098794, 0.011044298103099695, 0.010954829827972981, 0.010866086322512878, 0.010778061715464252, 0.010690750183134172, 0.01060414594900659, 0.010518243283360207, 0.010433036502889362, 0.01034851997032804, 0.010264688094076912, 0.010181535327833394, 0.0100990561702247, 0.010017245164443878, 0.009936096897888788, 0.009855606001803999, 0.009775767150925607, 0.009696575063128895, 0.009618024499078892, 0.009540110261883722, 0.009462827196750788, 0.009386170190645722, 0.009310134171954126, 0.00923471411014601, 0.009159905015442997, 0.009085701938488181, 0.009012099970018691, 0.008939094240540891, 0.00886667992000821, 0.008794852217501595, 0.008723606380912541, 0.008652937696628695, 0.008582841489221994, 0.008513313121139355, 0.008444347992395847, 0.00837594154027035, 0.008308089239003703, 0.008240786599499264, 0.008174029169025921, 0.0081078125309235, 0.008042132304310556, 0.007976984143794538, 0.007912363739184294, 0.007848266815204915, 0.00778468913121488, 0.007721626480925496, 0.007659074692122614, 0.0075970296263905895, 0.007535487178838494, 0.00747444327782853, 0.007413893884706653, 0.0073538349935353756, 0.007294262630828738, 0.007235172855289417, 0.007176561757547978, 0.0071184254599042235, 0.00706076011607065, 0.007003561910917979, 0.006946827060222748, 0.006890551810416943, 0.006834732438339667, 0.006779365250990819, 0.006724446585286757, 0.006669972807817958, 0.006615940314608626, 0.0065623455308782596, 0.006509184910805137, 0.006456454937291734, 0.006404152121732027, 0.006352273003780688, 0.006300814151124153, 0.006249772159253537, 0.006199143651239393, 0.006148925277508295, 0.006099113715621232, 0.0060497056700537935, 0.006000697871978142, 0.005952087079046741, 0.005903870075177854, 0.005856043670342751, 0.005808604700354678, 0.0057615500266594965],