{"Year": [1970.0, 1970.5, 1971.0, 1971.5, 1972.0, 1972.5, 1973.0, 1973.5, 1974.0, 1974.5, 1975.0, 1975.5, 1976.0, 1976.5, 1977.0, 1977.5, 1978.0, 1978.5, 1979.0, 1979.5, 1980.0, 1980.5, 1981.0, 1981.5, 1982.0, 1982.5, 1983.0, 1983.5, 1984.0, 1984.5, 1985.0, 1985.5, 1986.0, 1986.5, 1987.0, 1987.5, 1988.0, 1988.5, 1989.0, 1989.5, 1990.0, 1990.5, 1991.0, 1991.5, 1992.0, 1992.5, 1993.0, 1993.5, 1994.0, 1994.5, 1995.0, 1995.5, 1996.0, 1996.5, 1997.0, 1997.5, 1998.0, 1998.5, 1999.0, 1999.5, 2000.0, 2000.5, 2001.0, 2001.5, 2002.0, 2002.5, 2003.0, 2003.5, 2004.0, 2004.5, 2005.0, 2005.5, 2006.0, 2006.5, 2007.0, 2007.5, 2008.0, 2008.5, 2009.0, 2009.5, 2010.0, 2010.5, 2011.0, 2011.5, 2012.0, 2012.5, 2013.0, 2013.5, 2014.0, 2014.5, 2015.0, 2015.5, 2016.0, 2016.5, 2017.0, 2017.5, 2018.0, 2018.5, 2019.0, 2019.5, 2020.0, 2020.5, 2021.0, 2021.5, 2022.0, 2022.5, 2023.0, 2023.5, 2024.0, 2024.5, 2025.0, 2025.5, 2026.0, 2026.5, 2027.0, 2027.5, 2028.0, 2028.5, 2029.0, 2029.5, 2030.0, 2030.5, 2031.0, 2031.5, 2032.0, 2032.5, 2033.0, 2033.5, 2034.0, 2034.5, 2035.0, 2035.5, 2036.0], "N": [387795.5039577491, 394672.1469585718, 401627.5226319879, 408661.94729368715, 415775.7375061372, 422969.2267715422, 430242.76597579924, 437596.6502608303, 445031.1765459562, 452546.64692164713, 460143.36864952266, 467821.65416235157, 475581.82106405206, 483424.1921296917, 491349.0953054874, 499356.8637088054, 507447.83562816115, 515622.35452321963, 523880.769024795, 532223.432934851, 540650.7052265005, 549162.9500440059, 557760.5367027785, 566443.8396893794, 575213.2386615191, 584069.118448057, 593011.8690490022, 602041.8856355129, 611159.5685498968, 620365.3233056111, 629659.560587262, 639042.696250605, 648515.1513225456, 658077.3520011377, 667729.7296555853, 677472.7208262412, 687306.7672246082, 697232.3157333377, 707249.8184062309, 717359.7324682381, 727562.5203154593, 737858.6495151434, 748248.592805689, 758732.8280966439, 769312.1753416441, 779988.1934264966, 790761.3043761478, 801631.8584797326, 812600.2348803853, 823666.841575239, 834832.1154154257, 846096.5221060764, 857460.5562063212, 868924.7411292893, 880489.6291421084, 892155.8013659059, 903923.867775808, 915794.4672009394, 927768.2673244243, 939845.9646833858, 952028.284668946, 964315.9815262259, 976709.8383543454, 989210.6671064239, 1001819.3085895793, 1014536.6324649286, 1027363.5372475878, 1040300.9503066721, 1053349.8278652956, 1066511.1550005712, 1079785.945643611, 1093175.2425795263, 1106680.1174474268, 1120301.6707404214, 1134041.0318056187, 1147899.3588441254, 1161877.8389110477, 1175977.6879154907, 1190200.150620558, 1204546.5006433532, 1219018.040454978, 1233616.1013805335, 1248342.04359912, 1263197.2561438363, 1278183.1569017805, 1293301.1926140494, 1308552.8388757396, 1323939.6001359455, 1339463.0096977614, 1355124.6297182806, 1370926.051208595, 1386868.8940337952, 1402954.8069129717, 1419185.4674192134, 1435562.5819796082, 1452087.8858752437, 1468763.143241205, 1485590.147066578, 1502570.7191944462, 1519706.710321893, 1537000.0, 1554452.4966338486, 1572066.1374825188, 1589842.888659089, 1607784.7451306381, 1625893.7307182425, 1644171.8980969787, 1662621.328795921, 1681244.1331981444, 1700042.4505407214, 1719018.4489147237, 1738174.3252652232, 1757512.305391289, 1777034.6439459904, 1796743.6244363952, 1816641.559223571, 1836730.789522584, 1857013.6854024983, 1877492.6457863783, 1898170.4417137424, 1919051.9314980013, 1940140.450472783, 1961439.018758125, 1982950.727294004, 2004678.7378403381, 2026626.2829769861, 2048796.6661037467, 2071193.2614403602, 2093819.514026506, 2116678.9397218055, 2139775.1252058204, 2163111.7279780526, 2186692.4763579443], "RateAgeing": [0.0, 0.0, 0.0, 0.0, 0.0, 0.0, 0.0, 0.0, 0.0, 0.0, 0.0, 0.0, 0.0, 0.0, 0.0, 0.0, 0.0, 0.0, 0.0, 0.0, 0.0, 0.0, 0.0, 0.0, 0.0, 0.0, 0.0, 0.0, 0.0, 0.0, 0.0, 0.0, 0.0, 0.0, 0.0, 0.0, 0.0, 0.0, 0.0, 0.0, 0.0, 0.0, 0.0, 0.0, 0.0, 0.0, 0.0, 0.0, 0.0, 0.0, 0.0, 0.0, 0.0, 0.0, 0.0, 0.0, 0.0, 0.0, 0.0, 0.0, 0.0, 0.0, 0.0, 0.0, 0.0, 0.0, 0.0, 0.0, 0.0, 0.0, 0.0, 0.0, 0.0, 0.0, 0.0, 0.0, 0.0, 0.0, 0.0, 0.0, 0.0, 0.0, 0.0, 0.0, 0.0, 0.0, 0.0, 0.0, 0.0, 0.0, 0.0, 0.0, 0.0, 0.0, 0.0, 0.0, 0.0, 0.0, 0.0, 0.0, 0.0, 0.0, 0.0, 0.0, 0.0, 0.0, 0.0, 0.0, 0.0, 0.0, 0.0, 0.0, 0.0, 0.0, 0.0, 0.0, 0.0, 0.0, 0.0, 0.0, 0.0, 0.0, 0.0, 0.0, 0.0, 0.0, 0.0, 0.0, 0.0, 0.0, 0.0, 0.0, 0.0], "RateDeath": [0.005302566283013978, 0.005319541533605139, 0.005336571127530687, 0.005353655238761429, 0.005370794041825103, 0.0053879877118081735, 0.005405236424357609, 0.005422540355682686, 0.005439899682556782, 0.005457314582319184, 0.005474785232876899, 0.005492311812706477, 0.005509894500855826, 0.005527533476946045, 0.005545228921173262, 0.005562981014310468, 0.0055807899377093685, 0.005598655873302238, 0.005616579003603772, 0.0056345595117129575, 0.005652597581314941, 0.005670693396682905, 0.0056888471426799515, 0.005707059004760987, 0.005725329168974624, 0.005743657821965075, 0.005762045150974062, 0.005780491343842729, 0.005798996589013563, 0.005817561075532313, 0.005836184993049929, 0.005854868531824495, 0.005873611882723172, 0.00589241523722415, 0.005911278787418604, 0.005930202726012657, 0.005949187246329342, 0.005968232542310588, 0.005987338808519195, 0.006006506240140819, 0.006025735032985971, 0.006045025383492015, 0.006064377488725178, 0.006083791546382556, 0.006103267754794143, 0.006122806312924847, 0.006142407420376533, 0.006162071277390053, 0.006181798084847297, 0.006201588044273244, 0.006221441357838021, 0.006241358228358964, 0.006261338859302701, 0.006281383454787215, 0.006301492219583942, 0.006321665359119859, 0.0063419030794795795, 0.006362205587407464, 0.006382573090309727, 0.006403005796256558, 0.00642350391398425, 0.006444067652897327, 0.006464697223070687, 0.006485392835251744, 0.006506154700862587, 0.006526983032002132, 0.006547878041448296, 0.006568839942660169, 0.00658986894978019, 0.00661096527763634, 0.006632129141744335, 0.006653360758309825, 0.006674660344230609, 0.006696028117098843, 0.006717464295203269, 0.006738969097531443, 0.006760542743771969, 0.00678218545431675, 0.006803897450263233, 0.006825678953416669, 0.006847530186292387, 0.006869451372118051, 0.006891442734835957, 0.006913504499105311, 0.006935636890304526, 0.006957840134533526, 0.006980114458616055, 0.007002460090101993, 0.0070248772572696835, 0.007047366189128263, 0.00706992711542, 0.007092560266622645, 0.00711526587395178, 0.00713804416936319, 0.0071608953855552175, 0.007183819755971159, 0.007206817514801629, 0.007229888896986973, 0.007253034138219647, 0.007276253474946645, 0.007299547144371898, 0.007322915384458711, 0.007346358433932182, 0.007369876532281649, 0.007393469919763131, 0.0074171388374017905, 0.007440883526994386, 0.007464704231111748, 0.007488601193101254, 0.007512574657089319, 0.007536624867983883, 0.007560752071476922, 0.007584956514046946, 0.007609238442961529, 0.007633598106279825, 0.007658035752855109, 0.0076825516323373155, 0.007707145995175592, 0.007731819092620855, 0.007756571176728356, 0.007781402500360261, 0.007806313317188225, 0.007831303881695995, 0.007856374449182002, 0.007881525275761967, 0.007906756618371528, 0.007932068734768852, 0.007957461883537279, 0.007982936324087954, 0.008008492316662487, 0.008034130122335604, 0.008059850003017817, 0.008085652221458097],