{"Year": [1970.0, 1970.5, 1971.0, 1971.5, 1972.0, 1972.5, 1973.0, 1973.5, 1974.0, 1974.5, 1975.0, 1975.5, 1976.0, 1976.5, 1977.0, 1977.5, 1978.0, 1978.5, 1979.0, 1979.5, 1980.0, 1980.5, 1981.0, 1981.5, 1982.0, 1982.5, 1983.0, 1983.5, 1984.0, 1984.5, 1985.0, 1985.5, 1986.0, 1986.5, 1987.0, 1987.5, 1988.0, 1988.5, 1989.0, 1989.5, 1990.0, 1990.5, 1991.0, 1991.5, 1992.0, 1992.5, 1993.0, 1993.5, 1994.0, 1994.5, 1995.0, 1995.5, 1996.0, 1996.5, 1997.0, 1997.5, 1998.0, 1998.5, 1999.0, 1999.5, 2000.0, 2000.5, 2001.0, 2001.5, 2002.0, 2002.5, 2003.0, 2003.5, 2004.0, 2004.5, 2005.0, 2005.5, 2006.0, 2006.5, 2007.0, 2007.5, 2008.0, 2008.5, 2009.0, 2009.5, 2010.0, 2010.5, 2011.0, 2011.5, 2012.0, 2012.5, 2013.0, 2013.5, 2014.0, 2014.5, 2015.0, 2015.5, 2016.0, 2016.5, 2017.0, 2017.5, 2018.0, 2018.5, 2019.0, 2019.5, 2020.0, 2020.5, 2021.0, 2021.5, 2022.0, 2022.5, 2023.0, 2023.5, 2024.0, 2024.5, 2025.0, 2025.5, 2026.0, 2026.5, 2027.0, 2027.5, 2028.0, 2028.5, 2029.0, 2029.5, 2030.0, 2030.5, 2031.0, 2031.5, 2032.0, 2032.5, 2033.0, 2033.5, 2034.0, 2034.5, 2035.0, 2035.5, 2036.0], "N": [18473206.90879284, 18680271.10321057, 18887547.969306506, 19095005.616527352, 19302612.04794439, 19510335.423685398, 19718147.331283886, 19926015.588032458, 20133906.505048204, 20341786.50707163, 20549622.13246665, 20757380.033220593, 20965026.974944197, 21172529.836871617, 21379855.611860417, 21586971.406391576, 21793844.440569483, 22000442.04812194, 22206731.676400162, 22412680.88637877, 22618257.35265581, 22823428.86345273, 23028163.320614394, 23232428.739609078, 23436193.249528475, 23639425.093087677, 23842092.6266252, 24044164.32010297, 24245608.757106327, 24446394.634844013, 24646490.7641482, 24845866.06947446, 25044489.588901773, 25242330.474132545, 25439357.990492586, 25635541.516931113, 25830850.546020776, 26025254.683957614, 26218723.65056109, 26411227.27927407, 26602735.517162856, 26793218.424917124, 26982646.17685, 27170989.060898, 27358217.478621062, 27544301.945202526, 27729213.089449164, 27912921.653791137, 28095400.194996763, 28276628.65035116, 28456579.72915555, 28635225.247612137, 28812537.40749284, 28988488.796139307, 29163052.386462916, 29336201.536944747, 29507909.991635628, 29678151.880156092, 29846901.717696402, 30014134.405016545, 30179825.228446227, 30343949.859884873, 30506484.356801648, 30667405.162235413, 30826689.104794785, 30984313.39865807, 31140255.643573325, 31294493.82485831, 31447006.31340052, 31597771.865657166, 31746769.623655185, 31893979.11499124, 32039380.25283171, 32182953.335912697, 32324679.048540033, 32464538.46058927, 32602513.027505677, 32738584.590304255, 32872735.375569724, 33004947.995456524, 33135205.44768882, 33263491.1155605, 33389788.767935183, 33514082.559246194, 33636357.02949659, 33756597.104259156, 33874788.09467639, 33990915.69746052, 34104965.99489349, 34216925.45482698, 34326780.93068238, 34434519.66145081, 34540129.2716931, 34643597.77153982, 34744913.55669127, 34844065.408417426, 34941042.49355804, 35035834.36452257, 35128430.95929018, 35218822.601409785, 35307000.0, 35392954.24974917, 35476676.83091536, 35558159.60932638, 35637394.836379714, 35714375.14904263, 35789093.56985208, 35861543.50691473, 35931718.75390701, 35999613.49007503, 36065222.28023466, 36128540.07477146, 36189562.20964073, 36248284.406367496, 36304702.7720465, 36358813.79934221, 36410614.36648881, 36460101.73729021, 36507273.561120056, 36552127.8729217, 36594663.09320822, 36634878.028062426, 36672771.86913685, 36708344.19365371, 36741594.964405015, 36772524.52975245, 36801133.623627424, 36827423.36553108, 36851395.260534294, 36873051.19927764, 36892393.45797143, 36909424.69839571, 36924147.96790021], "RateAgeing": [0.0, 0.0, 0.0, 0.0, 0.0, 0.0, 0.0, 0.0, 0.0, 0.0, 0.0, 0.0, 0.0, 0.0, 0.0, 0.0, 0.0, 0.0, 0.0, 0.0, 0.0, 0.0, 0.0, 0.0, 0.0, 0.0, 0.0, 0.0, 0.0, 0.0, 0.0, 0.0, 0.0, 0.0, 0.0, 0.0, 0.0, 0.0, 0.0, 0.0, 0.0, 0.0, 0.0, 0.0, 0.0, 0.0, 0.0, 0.0, 0.0, 0.0, 0.0, 0.0, 0.0, 0.0, 0.0, 0.0, 0.0, 0.0, 0.0, 0.0, 0.0, 0.0, 0.0, 0.0, 0.0, 0.0, 0.0, 0.0, 0.0, 0.0, 0.0, 0.0, 0.0, 0.0, 0.0, 0.0, 0.0, 0.0, 0.0, 0.0, 0.0, 0.0, 0.0, 0.0, 0.0, 0.0, 0.0, 0.0, 0.0, 0.0, 0.0, 0.0, 0.0, 0.0, 0.0, 0.0, 0.0, 0.0, 0.0, 0.0, 0.0, 0.0, 0.0, 0.0, 0.0, 0.0, 0.0, 0.0, 0.0, 0.0, 0.0, 0.0, 0.0, 0.0, 0.0, 0.0, 0.0, 0.0, 0.0, 0.0, 0.0, 0.0, 0.0, 0.0, 0.0, 0.0, 0.0, 0.0, 0.0, 0.0, 0.0, 0.0, 0.0], "RateDeath": [0.004119728792894977, 0.004141912570688226, 0.004164215802946059, 0.004186639132902879, 0.004209183207256758, 0.004231848676188087, 0.0042546361933783255, 0.004277546416028855, 0.004300580004879934, 0.004323737624229753, 0.004347019941953592, 0.0043704276295230835, 0.004393961362025579, 0.004417621818183617, 0.0044414096803745, 0.004465325634649971, 0.004489370370756002, 0.004513544582152686, 0.004537848966034238, 0.0045622842233491, 0.004586851058820156, 0.004611550180965062, 0.004636382302116674, 0.004661348138443593, 0.004686448409970823, 0.004711683840600533, 0.004737055158132938, 0.004762563094287285, 0.004788208384722959, 0.0048139917690607, 0.004839913990903932, 0.004865975797860212, 0.004892177941562785, 0.004918521177692269, 0.004945006265998445, 0.004971633970322169, 0.0049984050586174, 0.005025320302973353, 0.005052380479636761, 0.0050795863690342655, 0.0051069387557949215, 0.005134438428772831, 0.00516208618106989, 0.0051898828100586615, 0.005217829117405376, 0.005245925909093046, 0.005274173995444719, 0.0053025741911468405, 0.005331127315272752, 0.005359834191306315, 0.005388695647165658, 0.005417712515227055, 0.005446885632348936, 0.005476215839896012, 0.00550570398376355, 0.005535350914401767, 0.005565157486840351, 0.005595124560713133, 0.005625253000282863, 0.00565554367446615, 0.005685997456858513, 0.005716615225759581, 0.005747397864198419, 0.005778346259959001, 0.005809461305605806, 0.005840743898509569, 0.0058721949408731535, 0.005903815339757574, 0.0059356060071081625, 0.005967567859780856, 0.005999701819568654, 0.006032008813228191, 0.00606448977250647, 0.006097145634167737, 0.006129977340020494, 0.00616298583694466, 0.0061961720769188825, 0.006229537017047992, 0.006263081619590604, 0.006296806851986873, 0.006330713686886393, 0.006364803102176249, 0.0063990760810092185, 0.006433533611832128, 0.00646817668841436, 0.006503006309876514, 0.006538023480719216, 0.006573229210852097, 0.006608624515622917, 0.006644210415846846, 0.0066799879378359, 0.006715958113428552, 0.006752121980019485, 0.006788480580589502, 0.006825034963735623, 0.0068617861837013145, 0.006898735300406895, 0.0069358833794801135, 0.006973231492286869, 0.007010780715962119, 0.007048532133440943, 0.007086486833489766, 0.007124645910737776, 0.007163010465708475, 0.007201581604851433, 0.007240360440574189, 0.007279348091274336, 0.007318545681371785, 0.007357954341341172, 0.007397575207744489, 0.007437409423263841, 0.0074774581367344104, 0.007517722503177592, 0.007558203683834295, 0.0075989028461984475, 0.007639821164050652, 0.0076809598174920534, 0.007722319992978359, 0.007763902883354068, 0.0078057096878868665, 0.007847741612302214, 0.007889999868818129, 0.007932485676180132, 0.007975200259696407, 0.008018144851273137, 0.008061320689450034, 0.008104729019436051, 0.008148371093145309, 0.00819224816923319, 0.008236361513132635, 0.008280712397090656, 0.008325302100205018, 0.00837013190846112],