{"Year": [1970.0, 1970.5, 1971.0, 1971.5, 1972.0, 1972.5, 1973.0, 1973.5, 1974.0, 1974.5, 1975.0, 1975.5, 1976.0, 1976.5, 1977.0, 1977.5, 1978.0, 1978.5, 1979.0, 1979.5, 1980.0, 1980.5, 1981.0, 1981.5, 1982.0, 1982.5, 1983.0, 1983.5, 1984.0, 1984.5, 1985.0, 1985.5, 1986.0, 1986.5, 1987.0, 1987.5, 1988.0, 1988.5, 1989.0, 1989.5, 1990.0, 1990.5, 1991.0, 1991.5, 1992.0, 1992.5, 1993.0, 1993.5, 1994.0, 1994.5, 1995.0, 1995.5, 1996.0, 1996.5, 1997.0, 1997.5, 1998.0, 1998.5, 1999.0, 1999.5, 2000.0, 2000.5, 2001.0, 2001.5, 2002.0, 2002.5, 2003.0, 2003.5, 2004.0, 2004.5, 2005.0, 2005.5, 2006.0, 2006.5, 2007.0, 2007.5, 2008.0, 2008.5, 2009.0, 2009.5, 2010.0, 2010.5, 2011.0, 2011.5, 2012.0, 2012.5, 2013.0, 2013.5, 2014.0, 2014.5, 2015.0, 2015.5, 2016.0, 2016.5, 2017.0, 2017.5, 2018.0, 2018.5, 2019.0, 2019.5, 2020.0, 2020.5, 2021.0, 2021.5, 2022.0, 2022.5, 2023.0, 2023.5, 2024.0, 2024.5, 2025.0, 2025.5, 2026.0, 2026.5, 2027.0, 2027.5, 2028.0, 2028.5, 2029.0, 2029.5, 2030.0, 2030.5, 2031.0, 2031.5, 2032.0, 2032.5, 2033.0, 2033.5, 2034.0, 2034.5, 2035.0, 2035.5, 2036.0], "N": [5013608.565499845, 5112436.919639889, 5212463.129180133, 5313687.656129556, 5416110.754141413, 5519732.368961691, 5624552.09720117, 5730569.516126672, 5837784.018376482, 5946194.805690253, 6055800.888909014, 6166601.0879751565, 6278594.031932444, 6391778.158926014, 6506151.716202367, 6621712.760109379, 6738459.156096291, 6856388.578713717, 6975498.511613641, 7095786.247549416, 7217248.88837576, 7339883.345048769, 7463686.337625906, 7588654.395265997, 7714783.85622925, 7842070.867877232, 7970511.386672883, 8100101.178180517, 8230835.817065812, 8362710.68709582, 8495720.98113896, 8629861.701165017, 8765127.658245157, 8901513.472551906, 9039013.573359165, 9177622.199042201, 9317333.39707765, 9458141.024043525, 9600038.745619198, 9743020.036585424, 9887078.180824313, 10032206.271319358, 10178397.210155409, 10325644.523377245, 10473944.532465717, 10623289.838728555, 10773672.459178858, 10925084.359040827, 11077517.45174975, 11230963.598952016, 11385414.610505112, 11540862.24447761, 11697298.20714919, 11854714.153010624, 12013101.684763776, 12172452.35332161, 12332757.657808188, 12494009.045558661, 12656197.912119279, 12819315.60124739, 12983353.404911438, 13148302.563290961, 13314154.264776591, 13480899.645970054, 13648529.791684184, 13817035.734942898, 13986408.456981216, 14156638.88724525, 14327717.903392209, 14499636.331290398, 14672384.945019217, 14845954.466869168, 15020335.567341838, 15195518.86514992, 15371494.927217195, 15548254.268678548, 15725787.352879949, 15904084.591378473, 16083136.343942292, 16262932.918550663, 16443464.57139395, 16624721.506873611, 16806693.87760219, 16989371.784403343, 17172745.276311807, 17356804.350573424, 17541538.95264513, 17726938.97619495, 17912994.263102017, 18099694.603456557, 18287029.73555988, 18474989.345924404, 18663563.069273636, 18852740.488542188, 19042511.134875763, 19232864.487631153, 19423789.97437625, 19615276.970890053, 19807314.80116264, 19999892.737395197, 20192999.999999996, 20386625.757600423, 20580759.12703092, 20775389.173337083, 20970504.90977555, 21166095.297814094, 21362149.247131556, 21558655.61561789, 21755603.20937414, 21952980.782712445, 22150777.03815604, 22348980.626439255, 22547580.146507528, 22746564.14551737, 22945925.58560402, 23145660.933564287, 23345760.254922584, 23546213.570578244, 23747010.945666447, 23948142.489558216, 24149598.3558604, 24351368.742415715, 24553443.89130269, 24755814.088835716, 24958469.665565014, 25161400.99627665, 25364598.499992527, 25568052.6399704, 25771753.92370385, 25975692.902922306, 26179860.17359105, 26384246.37591118, 26588842.194319658], "RateAgeing": [0.0, 0.0, 0.0, 0.0, 0.0, 0.0, 0.0, 0.0, 0.0, 0.0, 0.0, 0.0, 0.0, 0.0, 0.0, 0.0, 0.0, 0.0, 0.0, 0.0, 0.0, 0.0, 0.0, 0.0, 0.0, 0.0, 0.0, 0.0, 0.0, 0.0, 0.0, 0.0, 0.0, 0.0, 0.0, 0.0, 0.0, 0.0, 0.0, 0.0, 0.0, 0.0, 0.0, 0.0, 0.0, 0.0, 0.0, 0.0, 0.0, 0.0, 0.0, 0.0, 0.0, 0.0, 0.0, 0.0, 0.0, 0.0, 0.0, 0.0, 0.0, 0.0, 0.0, 0.0, 0.0, 0.0, 0.0, 0.0, 0.0, 0.0, 0.0, 0.0, 0.0, 0.0, 0.0, 0.0, 0.0, 0.0, 0.0, 0.0, 0.0, 0.0, 0.0, 0.0, 0.0, 0.0, 0.0, 0.0, 0.0, 0.0, 0.0, 0.0, 0.0, 0.0, 0.0, 0.0, 0.0, 0.0, 0.0, 0.0, 0.0, 0.0, 0.0, 0.0, 0.0, 0.0, 0.0, 0.0, 0.0, 0.0, 0.0, 0.0, 0.0, 0.0, 0.0, 0.0, 0.0, 0.0, 0.0, 0.0, 0.0, 0.0, 0.0, 0.0, 0.0, 0.0, 0.0, 0.0, 0.0, 0.0, 0.0, 0.0, 0.0], "RateDeath": [0.008864559755461325, 0.008797514243369685, 0.008730975818016207, 0.008664940644141049, 0.008599404915491672, 0.00853436485460345, 0.008469816712581929, 0.008405756768886753, 0.008342181331117204, 0.008279086734799379, 0.008216469343174968, 0.008154325546991628, 0.008092651764294957, 0.008031444440222017, 0.007970700046796444, 0.007910415082725095, 0.007850586073196225, 0.00779120956967921, 0.007732282149725772, 0.007673800416772703, 0.0076157609999461, 0.007558160553867055, 0.007500995758458839, 0.007444263318755531, 0.00738795996471209, 0.007332082451015882, 0.007276627556899609, 0.007221592085955675, 0.007166972865951937, 0.007112766748648863, 0.0070589706096180725, 0.007005581348062236, 0.006952595886636349, 0.006900011171270357, 0.00684782417099312, 0.006796031877757701, 0.0067446313062679945, 0.006693619493806642, 0.006642993500064273, 0.006592750406970016, 0.006542887318523312, 0.00649340136062698, 0.006444289680921558, 0.0063955494486208995, 0.006347177854349, 0.006299172109978066, 0.006251529448467814, 0.00620424712370597, 0.006157322410349993, 0.006110752603669983, 0.006064535019392776, 0.006018666993547232, 0.005973145882310679, 0.005927969061856528, 0.005883133928203025, 0.005838637897063174, 0.00579447840369577, 0.005750652902757568, 0.005707158868156569, 0.0056639937929064245, 0.005621155188981923, 0.005578640587175592, 0.005536447536955364, 0.005494573606323334, 0.00545301638167558, 0.005411773467663038, 0.005370842487053438, 0.005330221080594288, 0.005289906906876871, 0.0052498976422013, 0.0052101909804425795, 0.005170784632917673, 0.00513167632825359, 0.005092863812256466, 0.005054344847781626, 0.005016117214604638, 0.004978178709293344, 0.004940527145080848, 0.004903160351739473, 0.004866076175455674, 0.004829272478705889, 0.004792747140133331, 0.004756498054425717, 0.004720523132193918, 0.004684820299851525, 0.004649387499495326, 0.004614222688786696, 0.004579323840833873, 0.004544688944075124, 0.0045103160021628085, 0.0044762030338483, 0.004442348072867793, 0.0044087491678289695, 0.004375404382098514, 0.0043423117936904915, 0.0043094694951555665, 0.004276875593471053, 0.004244528209931804, 0.0042124254800419226, 0.004180565553407294, 0.004148946593628928, 0.004117566778197108, 0.004086424298386346, 0.0040555173591511244, 0.004024844179022433, 0.003994402990005081, 0.003964192037475793, 0.003934209580082079, 0.0039044538896418476, 0.003874923251043811, 0.003845615962148615, 0.0038165303336907337, 0.003787664689181098, 0.0037590173648104643, 0.0037305867093535127, 0.0037023710840736698, 0.003674368862628655, 0.0036465784309767345, 0.003618998187283692, 0.0035916265418304964, 0.0035644619169216745, 0.0035375027467943673, 0.0035107474775280863, 0.0034841945669551403, 0.0034578424845717486, 0.003431689711449822, 0.003405734740149413, 0.0033799760746318244, 0.0033544122301733823, 0.0033290417332798535, 0.0033038631216015155, 0.003278874943848865, 0.0032540757597089697],