{"Year": [1970.0, 1970.5, 1971.0, 1971.5, 1972.0, 1972.5, 1973.0, 1973.5, 1974.0, 1974.5, 1975.0, 1975.5, 1976.0, 1976.5, 1977.0, 1977.5, 1978.0, 1978.5, 1979.0, 1979.5, 1980.0, 1980.5, 1981.0, 1981.5, 1982.0, 1982.5, 1983.0, 1983.5, 1984.0, 1984.5, 1985.0, 1985.5, 1986.0, 1986.5, 1987.0, 1987.5, 1988.0, 1988.5, 1989.0, 1989.5, 1990.0, 1990.5, 1991.0, 1991.5, 1992.0, 1992.5, 1993.0, 1993.5, 1994.0, 1994.5, 1995.0, 1995.5, 1996.0, 1996.5, 1997.0, 1997.5, 1998.0, 1998.5, 1999.0, 1999.5, 2000.0, 2000.5, 2001.0, 2001.5, 2002.0, 2002.5, 2003.0, 2003.5, 2004.0, 2004.5, 2005.0, 2005.5, 2006.0, 2006.5, 2007.0, 2007.5, 2008.0, 2008.5, 2009.0, 2009.5, 2010.0, 2010.5, 2011.0, 2011.5, 2012.0, 2012.5, 2013.0, 2013.5, 2014.0, 2014.5, 2015.0, 2015.5, 2016.0, 2016.5, 2017.0, 2017.5, 2018.0, 2018.5, 2019.0, 2019.5, 2020.0, 2020.5, 2021.0, 2021.5, 2022.0, 2022.5, 2023.0, 2023.5, 2024.0, 2024.5, 2025.0, 2025.5, 2026.0, 2026.5, 2027.0, 2027.5, 2028.0, 2028.5, 2029.0, 2029.5, 2030.0, 2030.5, 2031.0, 2031.5, 2032.0, 2032.5, 2033.0, 2033.5, 2034.0, 2034.5, 2035.0, 2035.5, 2036.0], "N": [18089029.10786982, 18175158.000713598, 18264026.26727009, 18355614.690255754, 18449904.961271074, 18546879.66964414, 18646519.40562594, 18748784.514292385, 18853661.05912794, 18961141.984097086, 19071220.091502354, 19183888.041984353, 19299138.354521744, 19416963.406431258, 19537355.43336769, 19660306.5293239, 19785808.646630798, 19913853.595957384, 20044433.046310693, 20177538.525035847, 20313161.417816013, 20451292.968672432, 20591924.279964413, 20735046.312389318, 20880649.884982575, 21028725.67511768, 21179264.218506187, 21332255.909197725, 21487690.99957997, 21645559.600378674, 21805851.680657648, 21968557.06781877, 22133665.447601978, 22301166.364085272, 22471049.219684724, 22643303.275154453, 22817917.64958667, 22994881.32041162, 23174183.123397626, 23355811.752651077, 23539755.760616418, 23726003.558076162, 23914543.414150883, 24105363.45629922, 24298451.67031788, 24493795.90034163, 24691383.848843295, 24891203.07663377, 25093241.002862018, 25297484.905015055, 25503921.91891797, 25712539.038733903, 25923323.116964076, 26136260.86444776, 26351338.8503623, 26568543.50222309, 26787861.105883606, 27009239.634856082, 27232444.5995877, 27457453.859771825, 27684282.609677266, 27912942.098638188, 28143439.631054133, 28375778.56638999, 28609958.31917603, 28845974.359007884, 29083818.21054655, 29323477.453518387, 29564935.72271512, 29808172.70799385, 30053164.154277034, 30299881.86155249, 30548293.68487342, 30798363.534358375, 31050051.375191268, 31303313.227621395, 31558101.166963406, 31814363.323597316, 32072043.88296852, 32331083.085587755, 32591417.227031138, 32852978.657940157, 33115695.784021653, 33379493.066047836, 33644291.01985629, 33910006.216349944, 34176551.28149713, 34443834.8963315, 34711761.7969521, 34980232.77452334, 35249144.67527499, 35518390.40050219, 35787858.90656543, 36057435.20489059, 36327000.36196889, 36596431.49935695, 36865601.79367672, 37134380.476615526, 37402632.83492607, 37670220.21042642, 37937000.0, 38202825.65559559, 38467546.68422736, 38731008.647974834, 38993053.1639829, 39253517.90446181, 39512236.596687175, 39769039.02300001, 40023751.02080664, 40276194.48257879, 40526187.35585355, 40773543.64323337, 41018073.402386054, 41259582.74604478, 41497873.84200809, 41732744.91313992, 41963990.23736952, 42191400.14769155, 42414761.032166004, 42633855.33391826, 42848461.551139064, 43058354.237084515, 43263304.000076085, 43463077.5035006, 43657437.465810284, 43846142.660522684, 44028947.91622073, 44205604.11655273, 44375858.20023235, 44539453.16103862, 44696128.04781593, 44845617.96447404, 44987654.06998807], "RateAgeing": [0.0, 0.0, 0.0, 0.0, 0.0, 0.0, 0.0, 0.0, 0.0, 0.0, 0.0, 0.0, 0.0, 0.0, 0.0, 0.0, 0.0, 0.0, 0.0, 0.0, 0.0, 0.0, 0.0, 0.0, 0.0, 0.0, 0.0, 0.0, 0.0, 0.0, 0.0, 0.0, 0.0, 0.0, 0.0, 0.0, 0.0, 0.0, 0.0, 0.0, 0.0, 0.0, 0.0, 0.0, 0.0, 0.0, 0.0, 0.0, 0.0, 0.0, 0.0, 0.0, 0.0, 0.0, 0.0, 0.0, 0.0, 0.0, 0.0, 0.0, 0.0, 0.0, 0.0, 0.0, 0.0, 0.0, 0.0, 0.0, 0.0, 0.0, 0.0, 0.0, 0.0, 0.0, 0.0, 0.0, 0.0, 0.0, 0.0, 0.0, 0.0, 0.0, 0.0, 0.0, 0.0, 0.0, 0.0, 0.0, 0.0, 0.0, 0.0, 0.0, 0.0, 0.0, 0.0, 0.0, 0.0, 0.0, 0.0, 0.0, 0.0, 0.0, 0.0, 0.0, 0.0, 0.0, 0.0, 0.0, 0.0, 0.0, 0.0, 0.0, 0.0, 0.0, 0.0, 0.0, 0.0, 0.0, 0.0, 0.0, 0.0, 0.0, 0.0, 0.0, 0.0, 0.0, 0.0, 0.0, 0.0, 0.0, 0.0, 0.0, 0.0], "RateDeath": [0.028677866330447718, 0.028239895920232093, 0.02780861422520936, 0.02738391909484633, 0.026965709938659977, 0.026553887702392295, 0.026148354844548933, 0.025749015313296146, 0.025355774523710642, 0.02496853933537677, 0.024587218030325927, 0.024211720291312824, 0.023841957180423572, 0.023477841118010413, 0.02311928586194817, 0.022766206487207542, 0.02241851936574029, 0.022076142146671668, 0.02173899373679534, 0.021406994281366165, 0.021080065145186348, 0.020758128893980404, 0.02044110927605461, 0.02012893120423652, 0.019821520738090306, 0.019518805066403744, 0.019220712489942587, 0.018927172404468402, 0.018638115284015693, 0.01835347266442443, 0.018073177127124123, 0.017797162283165448, 0.01752536275749584, 0.01725771417347518, 0.016994153137627952, 0.01673461722462832, 0.016479044962514438, 0.016227375818128636, 0.01597955018277991, 0.015735509358125434, 0.015495195542267621, 0.015258551816063587, 0.015025522129643627, 0.014796051289135623, 0.014570084943592193, 0.014347569572117481, 0.014128452471190557, 0.013912681742182395, 0.013700206279063517, 0.013490975756299359, 0.013284940616930493, 0.013082052060834886, 0.01288226203316944, 0.012685523212988032, 0.01249178900203338, 0.012301013513700101, 0.012113151562166304, 0.01192815865169118, 0.011745990966076031, 0.011566605358286252, 0.011389959340231817, 0.011216011072703827, 0.011044719355464748, 0.010876043617490002, 0.010709943907358573, 0.01054638088379039, 0.010385315806328198, 0.010226710526161756, 0.010070527477092164, 0.00991672966663417, 0.009765280667254395, 0.009616144607743324, 0.009469286164719107, 0.009324670554261087, 0.00918226352367111, 0.009042031343360664, 0.0089039407988619, 0.008767959182960689, 0.00863405428794979, 0.008502194398000358, 0.00837234828164993, 0.00824448518440517, 0.008118574821457527, 0.007994587370510212, 0.007872493464714664, 0.007752264185714911, 0.007633871056798179, 0.007517286036150065, 0.007402481510212746, 0.007289430287144615, 0.0071781055903798, 0.007068481052286046, 0.006960530707919447, 0.006854228988874564, 0.006749550717228461, 0.006646471099577226, 0.006544965721163577, 0.006445010540094131, 0.0063465818816450135, 0.00624965643265441, 0.006154211236000769, 0.00606022368516533, 0.005967671518877689, 0.005876532815843146, 0.005786785989550568, 0.005698409783159556, 0.005611383264465681, 0.0055256858209426305, 0.005441297154860053, 0.005358197278475979, 0.0052763665093026515, 0.005195785465444665, 0.005116435061008295, 0.0050382965015809385, 0.004961351279779602, 0.004885581170867355, 0.0048109682284367405, 0.004737494780159115, 0.00466514342359889, 0.004593897022091709, 0.004523738700685569, 0.004454651842143933, 0.00438662008300988, 0.004319627309730364, 0.004253657654839664, 0.004188695493201124, 0.004124725438306283, 0.004061732338630529, 0.00399970127404441, 0.003938617552279749, 0.0038784667054497326, 0.0038192344866221414, 0.0037609068664449163],