{"Year": [1970.0, 1970.5, 1971.0, 1971.5, 1972.0, 1972.5, 1973.0, 1973.5, 1974.0, 1974.5, 1975.0, 1975.5, 1976.0, 1976.5, 1977.0, 1977.5, 1978.0, 1978.5, 1979.0, 1979.5, 1980.0, 1980.5, 1981.0, 1981.5, 1982.0, 1982.5, 1983.0, 1983.5, 1984.0, 1984.5, 1985.0, 1985.5, 1986.0, 1986.5, 1987.0, 1987.5, 1988.0, 1988.5, 1989.0, 1989.5, 1990.0, 1990.5, 1991.0, 1991.5, 1992.0, 1992.5, 1993.0, 1993.5, 1994.0, 1994.5, 1995.0, 1995.5, 1996.0, 1996.5, 1997.0, 1997.5, 1998.0, 1998.5, 1999.0, 1999.5, 2000.0, 2000.5, 2001.0, 2001.5, 2002.0, 2002.5, 2003.0, 2003.5, 2004.0, 2004.5, 2005.0, 2005.5, 2006.0, 2006.5, 2007.0, 2007.5, 2008.0, 2008.5, 2009.0, 2009.5, 2010.0, 2010.5, 2011.0, 2011.5, 2012.0, 2012.5, 2013.0, 2013.5, 2014.0, 2014.5, 2015.0, 2015.5, 2016.0, 2016.5, 2017.0, 2017.5, 2018.0, 2018.5, 2019.0, 2019.5, 2020.0, 2020.5, 2021.0, 2021.5, 2022.0, 2022.5, 2023.0, 2023.5, 2024.0, 2024.5, 2025.0, 2025.5, 2026.0, 2026.5, 2027.0, 2027.5, 2028.0, 2028.5, 2029.0, 2029.5, 2030.0, 2030.5, 2031.0, 2031.5, 2032.0, 2032.5, 2033.0, 2033.5, 2034.0, 2034.5, 2035.0, 2035.5, 2036.0], "N": [1064292.8453653946, 1069076.4454329615, 1073865.3528235282, 1078659.4932230471, 1083458.7918125957, 1088263.1732630811, 1093072.5544112036, 1097886.7807701111, 1102705.7727005836, 1107529.4743975264, 1112357.8275217928, 1117190.771200185, 1122028.2420254517, 1126870.1740562906, 1131716.4988173468, 1136567.1452992128, 1141422.0399584298, 1146281.1067174864, 1151144.2669648188, 1156011.4395548122, 1160882.5408077985, 1165757.4845100576, 1170636.1819138178, 1175518.5417372552, 1180404.470164493, 1185293.8708456033, 1190186.6448966053, 1195082.6908994666, 1199981.9049021024, 1204884.1804183756, 1209789.4084280976, 1214697.477377027, 1219608.27317687, 1224521.6792052821, 1229437.5763058653, 1234355.8427881699, 1239276.354427694, 1244198.9844658836, 1249123.603610133, 1254050.0800337838, 1258978.2793761254, 1263908.0647423954, 1268839.2967037794, 1273771.8332974105, 1278705.53002637, 1283640.2398596865, 1288575.8132323376, 1293512.0980452471, 1298448.939665288, 1303386.180925281, 1308323.662123994, 1313261.2210261438, 1318198.6928623936, 1323135.9103293559, 1328072.7035895903, 1333008.900271605, 1337944.3254698548, 1342878.8003682105, 1347807.557001689, 1352726.948908485, 1357637.948649486, 1362541.4529298046, 1367438.2825987758, 1372329.1826499593, 1377214.8222211387, 1382095.794594321, 1386972.6171957373, 1391845.731595843, 1396715.503509317, 1401582.2227950618, 1406446.1034562043, 1411307.283640095, 1416165.8256383087, 1421021.715886643, 1425874.864965121, 1430725.1075979879, 1435572.2026537145, 1440415.8331449938, 1445255.6062287446, 1450091.0532061076, 1454921.6295224486, 1459746.7147673573, 1464565.6126746463, 1469377.5511223536, 1474181.6821327396, 1478977.0818722893, 1483762.7506517116, 1488537.6129259388, 1493300.5172941282, 1498050.23649966, 1502785.467430138, 1507504.8311173907, 1512206.87273747, 1516890.0616106524, 1521552.7912014371, 1526193.3791185482, 1530810.0671149332, 1535401.0210877636, 1539964.3310784348, 1544498.0112725657, 1548999.9999999998, 1553468.159734804, 1557900.2770952692, 1562294.06284391, 1566647.1518874653, 1570957.1032768975, 1575221.4002073926, 1579437.450018362, 1583602.5841934385, 1587714.0583604812, 1591769.0522915716, 1595764.6699030155, 1599697.9392553426, 1603565.8125533066, 1607365.1661458844, 1611092.8005262783, 1614745.4403319128, 1618319.7343444375, 1621812.255489725, 1625219.5008378718, 1628537.8916031993, 1631763.7731442521, 1634893.4149637986, 1637923.0107088308, 1640848.678170565, 1643666.459284442, 1646372.3201301252, 1648962.150931503, 1651431.7660566864, 1653776.904018012, 1655993.227472039, 1658076.3232195503, 1660021.702205554], "RateAgeing": [0.0, 0.0, 0.0, 0.0, 0.0, 0.0, 0.0, 0.0, 0.0, 0.0, 0.0, 0.0, 0.0, 0.0, 0.0, 0.0, 0.0, 0.0, 0.0, 0.0, 0.0, 0.0, 0.0, 0.0, 0.0, 0.0, 0.0, 0.0, 0.0, 0.0, 0.0, 0.0, 0.0, 0.0, 0.0, 0.0, 0.0, 0.0, 0.0, 0.0, 0.0, 0.0, 0.0, 0.0, 0.0, 0.0, 0.0, 0.0, 0.0, 0.0, 0.0, 0.0, 0.0, 0.0, 0.0, 0.0, 0.0, 0.0, 0.0, 0.0, 0.0, 0.0, 0.0, 0.0, 0.0, 0.0, 0.0, 0.0, 0.0, 0.0, 0.0, 0.0, 0.0, 0.0, 0.0, 0.0, 0.0, 0.0, 0.0, 0.0, 0.0, 0.0, 0.0, 0.0, 0.0, 0.0, 0.0, 0.0, 0.0, 0.0, 0.0, 0.0, 0.0, 0.0, 0.0, 0.0, 0.0, 0.0, 0.0, 0.0, 0.0, 0.0, 0.0, 0.0, 0.0, 0.0, 0.0, 0.0, 0.0, 0.0, 0.0, 0.0, 0.0, 0.0, 0.0, 0.0, 0.0, 0.0, 0.0, 0.0, 0.0, 0.0, 0.0, 0.0, 0.0, 0.0, 0.0, 0.0, 0.0, 0.0, 0.0, 0.0, 0.0], "RateDeath": [0.009299741331240511, 0.009270906803701842, 0.009242161679722772, 0.009213505682101032, 0.009184938534493842, 0.009156459961415236, 0.009128069688233417, 0.009099767441168105, 0.009071552947287892, 0.009043425934507613, 0.009015386131585729, 0.008987433268121698, 0.008959567074553382, 0.008931787282154435, 0.008904093623031718, 0.00887648583012271, 0.008848963637192949, 0.008821526778833438, 0.00879417499045811, 0.00876690800830126, 0.008739725569415012, 0.00871262741166678, 0.008685613273736731, 0.008658682895115288, 0.008631836016100588, 0.008605072377796001, 0.008578391722107621, 0.008551793791741787, 0.008525278330202586, 0.0084988450817894, 0.008472493791594423, 0.008446224205500208, 0.008420036070177224, 0.0083939291330814, 0.008367903142451701, 0.008341957847307695, 0.00831609299744713, 0.008290308343443529, 0.008264603636643775, 0.00823897862916572, 0.008213433073895797, 0.008187966724486627, 0.00816257933535465, 0.008137270661677758, 0.008112040459392933, 0.008086888485193884, 0.008061814496528721, 0.008036818251597593, 0.008011899509350377, 0.007987058029484333, 0.007962293572441806, 0.007937605899407901, 0.007912994772308191, 0.007888459953806411, 0.00786400120730218, 0.00783961829692871, 0.007815310987550537, 0.007791079044761248, 0.007766922234881229, 0.007742840324955405, 0.007718833082750995, 0.007694900276755272, 0.007671041676173333, 0.007647257050925868, 0.007623546171646949, 0.007599908809681813, 0.007576344737084653, 0.00755285372661643, 0.007529435551742676, 0.007506089986631307, 0.007482816806150447, 0.0074596157858662655, 0.0074364867020407935, 0.007413429331629788, 0.007390443452280566, 0.007367528842329866, 0.007344685280801712, 0.007321912547405277, 0.0072992104225327635, 0.007276578687257285, 0.00725401712333075, 0.0072315255131817635, 0.00720910363991353, 0.007186751287301751, 0.007164468239792554, 0.007142254282500403, 0.007120109201206032, 0.0070980327823543755, 0.007076024813052515, 0.00705408508106762, 0.0070322133748249, 0.007010409483405573, 0.006988673196544823, 0.006967004304629777, 0.00694540259869748, 0.006923867870432884, 0.006902399912166836, 0.006880998516874077, 0.006859663478171243, 0.00683839459031488, 0.0068171916481994535, 0.006796054447355376, 0.006774982783947031, 0.0067539764547708105, 0.006733035257253155, 0.006712158989448595, 0.006691347450037813, 0.006670600438325693, 0.006649917754239391, 0.006629299198326403, 0.0066087445717526415, 0.006588253676300518, 0.006567826314367034, 0.0065474622889618705, 0.006527161403705496, 0.006506923462827265, 0.006486748271163531, 0.006466635634155773, 0.006446585357848708, 0.006426597248888425, 0.006406671114520524, 0.006386806762588254, 0.006367004001530656, 0.006347262640380724, 0.00632758248876356, 0.006307963356894531, 0.006288405055577451, 0.006268907396202749, 0.006249470190745652, 0.00623009325176437, 0.00621077639239829, 0.006191519426366178, 0.006172322167964373],