{"Year": [1970.0, 1970.5, 1971.0, 1971.5, 1972.0, 1972.5, 1973.0, 1973.5, 1974.0, 1974.5, 1975.0, 1975.5, 1976.0, 1976.5, 1977.0, 1977.5, 1978.0, 1978.5, 1979.0, 1979.5, 1980.0, 1980.5, 1981.0, 1981.5, 1982.0, 1982.5, 1983.0, 1983.5, 1984.0, 1984.5, 1985.0, 1985.5, 1986.0, 1986.5, 1987.0, 1987.5, 1988.0, 1988.5, 1989.0, 1989.5, 1990.0, 1990.5, 1991.0, 1991.5, 1992.0, 1992.5, 1993.0, 1993.5, 1994.0, 1994.5, 1995.0, 1995.5, 1996.0, 1996.5, 1997.0, 1997.5, 1998.0, 1998.5, 1999.0, 1999.5, 2000.0, 2000.5, 2001.0, 2001.5, 2002.0, 2002.5, 2003.0, 2003.5, 2004.0, 2004.5, 2005.0, 2005.5, 2006.0, 2006.5, 2007.0, 2007.5, 2008.0, 2008.5, 2009.0, 2009.5, 2010.0, 2010.5, 2011.0, 2011.5, 2012.0, 2012.5, 2013.0, 2013.5, 2014.0, 2014.5, 2015.0, 2015.5, 2016.0, 2016.5, 2017.0, 2017.5, 2018.0, 2018.5, 2019.0, 2019.5, 2020.0, 2020.5, 2021.0, 2021.5, 2022.0, 2022.5, 2023.0, 2023.5, 2024.0, 2024.5, 2025.0, 2025.5, 2026.0, 2026.5, 2027.0, 2027.5, 2028.0, 2028.5, 2029.0, 2029.5, 2030.0, 2030.5, 2031.0, 2031.5, 2032.0, 2032.5, 2033.0, 2033.5, 2034.0, 2034.5, 2035.0, 2035.5, 2036.0], "N": [64000.70065161941, 64468.81622428222, 64952.01976626283, 65450.64401159145, 65965.03658025079, 66495.56005439228, 67043.20119958778, 67609.15716361093, 68193.5069276202, 68796.36202023875, 69417.88358031317, 70058.2823569134, 70717.81870933285, 71396.80260708822, 72095.5936299197, 72814.60096779083, 73554.28342088855, 74315.1493996232, 75097.75692462851, 75902.71362676163, 76730.67674710306, 77582.35313695674, 78458.49925784995, 79359.92118153344, 80287.47458998131, 81242.06477539103, 82224.64664018352, 83236.22469700308, 84277.85306871736, 85350.6354884175, 86455.72529941791, 87594.3254552565, 88767.68851969455, 89977.11666671668, 91223.96168053099, 92509.6249555689, 93835.55749648529, 95203.25991815835, 96614.2824456898, 98070.22491440459, 99572.73676985122, 101123.51706780144, 102724.31447425054, 104376.9272654171, 106083.20332774315, 107845.04015789405, 109664.38486275866, 111543.23415944912, 113483.63437530107, 115487.68144787347, 117557.5209249487, 119695.34796453253, 121903.68641124832, 124200.3189524055, 126593.16826893987, 129080.46700412578, 131661.1124112957, 134334.66635384047, 137101.35530520903, 139962.07034890866, 142918.36717850485, 145972.46609762133, 149127.25201994, 152386.2744692011, 155753.74757920305, 159234.55009380245, 162834.22536691424, 166558.98136251152, 170415.69065462568, 174411.8904273463, 178555.7824748212, 182856.23320125652, 187322.77362091647, 191965.5993581236, 196795.57064725872, 201824.21233276083, 207063.7138691272, 212526.92932091327, 218227.37736273278, 224179.24127925764, 230397.36896521805, 236897.27292540245, 243695.13027465748, 250807.78273788808, 258252.73665005722, 266048.16295618645, 274212.8972113553, 282766.4395807015, 291728.9548394213, 301121.27237276884, 310964.88617605675, 321281.95485465584, 332095.30162399483, 343428.4143095614, 355305.4453469007, 367751.21178161656, 380822.24356511317, 394675.309327198, 409320.646224453, 424758.5256059179, 441000.0, 458066.9031144739, 475991.84983648144, 494818.236232532, 514600.23954850214, 535402.8182096358, 557301.7118205446, 580383.4411652068, 604745.3082069689, 630495.3960885442, 657752.5691320129, 686646.4728388237, 717317.5338897918, 749916.9601451004, 784606.7406442992, 821559.6456063058, 860959.2264294053, 902999.8156912497, 947886.5271488589, 995835.2557386192, 1047072.6775762852, 1101836.2499569787, 1160374.2113551886, 1222945.5814247716, 1289820.1609989505, 1361278.532090317, 1437746.8744872932, 1519789.4865807793, 1607883.1854752235, 1702561.3214200288, 1804414.6679291795, 1914091.4217812407, 2032297.2030193603], "RateAgeing": [0.0, 0.0, 0.0, 0.0, 0.0, 0.0, 0.0, 0.0, 0.0, 0.0, 0.0, 0.0, 0.0, 0.0, 0.0, 0.0, 0.0, 0.0, 0.0, 0.0, 0.0, 0.0, 0.0, 0.0, 0.0, 0.0, 0.0, 0.0, 0.0, 0.0, 0.0, 0.0, 0.0, 0.0, 0.0, 0.0, 0.0, 0.0, 0.0, 0.0, 0.0, 0.0, 0.0, 0.0, 0.0, 0.0, 0.0, 0.0, 0.0, 0.0, 0.0, 0.0, 0.0, 0.0, 0.0, 0.0, 0.0, 0.0, 0.0, 0.0, 0.0, 0.0, 0.0, 0.0, 0.0, 0.0, 0.0, 0.0, 0.0, 0.0, 0.0, 0.0, 0.0, 0.0, 0.0, 0.0, 0.0, 0.0, 0.0, 0.0, 0.0, 0.0, 0.0, 0.0, 0.0, 0.0, 0.0, 0.0, 0.0, 0.0, 0.0, 0.0, 0.0, 0.0, 0.0, 0.0, 0.0, 0.0, 0.0, 0.0, 0.0, 0.0, 0.0, 0.0, 0.0, 0.0, 0.0, 0.0, 0.0, 0.0, 0.0, 0.0, 0.0, 0.0, 0.0, 0.0, 0.0, 0.0, 0.0, 0.0, 0.0, 0.0, 0.0, 0.0, 0.0, 0.0, 0.0, 0.0, 0.0, 0.0, 0.0, 0.0, 0.0], "RateDeath": [0.014921217920896042, 0.014753827704100542, 0.014588315315564601, 0.014424659689308134, 0.014262839995674872, 0.014102835638681192, 0.013944626253394743, 0.013788191703342424, 0.013633512077947491, 0.013480567689995372, 0.013329339073127935, 0.013179806979365872, 0.013031952376658858, 0.012885756446463198, 0.012741200581346663, 0.012598266382620179, 0.012456935657996089, 0.012317190419272685, 0.01217901288004473, 0.012042385453439634, 0.011907290749879057, 0.011773711574865602, 0.011641630926794344, 0.011511031994788916, 0.011381898156561862, 0.01125421297629899, 0.011127960202567485, 0.011003123766247439, 0.010879687778486647, 0.01075763652867829, 0.01063695448246135, 0.010517626279743422, 0.010399636732745736, 0.010282970824070085, 0.010167613704787458, 0.010053550692548104, 0.009940767269712797, 0.009829249081505084, 0.009718981934184225, 0.00960995179323867, 0.009502144781599775, 0.00939554717787557, 0.009290145414604326, 0.009185926076527738, 0.009082875898883454, 0.008980981765716784, 0.00888023070821132, 0.008780609903038316, 0.008682106670724554, 0.008584708474038546, 0.00848840291639482, 0.008393177740276116, 0.00829902082567329, 0.0082059201885427, 0.008113863979280914, 0.008022840481216525, 0.00793283810911888, 0.007843845407723546, 0.007755851050274314, 0.007668843837081556, 0.0075828126940967605, 0.007497746671503057, 0.007413634942321553, 0.0073304668010333, 0.007248231662216732, 0.0071669190592003685, 0.0070865186427306595, 0.007007020179654745, 0.006928413551618017, 0.006850688753776276, 0.0067738358935223435, 0.006697845189226957, 0.00662270696899379, 0.006548411669428433, 0.006474949834421203, 0.006402312113943581, 0.006330489262858172, 0.0062594721397420065, 0.0061892517057230475, 0.00611981902332974, 0.006051165255353483, 0.00598328166372384, 0.005916159608396394, 0.005849790546253056, 0.005784166030014724, 0.0057192777071661295, 0.005655117318892763, 0.005591676699029705, 0.005528947773022254, 0.005466922556898234, 0.0054055931562518, 0.0053449517652386655, 0.005284990665582596, 0.005225702225593045, 0.005167078899193814, 0.005109113224962609, 0.005051797825181363, 0.004995125404897232, 0.004939088750994101, 0.004883680731274524, 0.0048288942935519556, 0.004774722464753166, 0.004721158350030729, 0.00466819513188546, 0.0046158260692987065, 0.004564044496874367, 0.00451284382399054, 0.004462217533960681, 0.004412159183204184, 0.004362662400426251, 0.0043137208858069764, 0.004265328410199521, 0.00421747881433728, 0.004170166008049953, 0.004123383969488401, 0.004077126744358194, 0.00403138844516178, 0.003986163250449124, 0.003941445404076778, 0.003897229214475252, 0.0038535090539246054, 0.0038102793578381673, 0.003767534624054288, 0.003725269412136043, 0.003683478342678782, 0.003642156096625459, 0.0036012974145896316, 0.0035608970961860634, 0.0035209499993688323, 0.0034814510397768615, 0.0034423951900868005, 0.0034037774793731564, 0.003365592992475609],