{"Year": [1970.0, 1970.5, 1971.0, 1971.5, 1972.0, 1972.5, 1973.0, 1973.5, 1974.0, 1974.5, 1975.0, 1975.5, 1976.0, 1976.5, 1977.0, 1977.5, 1978.0, 1978.5, 1979.0, 1979.5, 1980.0, 1980.5, 1981.0, 1981.5, 1982.0, 1982.5, 1983.0, 1983.5, 1984.0, 1984.5, 1985.0, 1985.5, 1986.0, 1986.5, 1987.0, 1987.5, 1988.0, 1988.5, 1989.0, 1989.5, 1990.0, 1990.5, 1991.0, 1991.5, 1992.0, 1992.5, 1993.0, 1993.5, 1994.0, 1994.5, 1995.0, 1995.5, 1996.0, 1996.5, 1997.0, 1997.5, 1998.0, 1998.5, 1999.0, 1999.5, 2000.0, 2000.5, 2001.0, 2001.5, 2002.0, 2002.5, 2003.0, 2003.5, 2004.0, 2004.5, 2005.0, 2005.5, 2006.0, 2006.5, 2007.0, 2007.5, 2008.0, 2008.5, 2009.0, 2009.5, 2010.0, 2010.5, 2011.0, 2011.5, 2012.0, 2012.5, 2013.0, 2013.5, 2014.0, 2014.5, 2015.0, 2015.5, 2016.0, 2016.5, 2017.0, 2017.5, 2018.0, 2018.5, 2019.0, 2019.5, 2020.0, 2020.5, 2021.0, 2021.5, 2022.0, 2022.5, 2023.0, 2023.5, 2024.0, 2024.5, 2025.0, 2025.5, 2026.0, 2026.5, 2027.0, 2027.5, 2028.0, 2028.5, 2029.0, 2029.5, 2030.0, 2030.5, 2031.0, 2031.5, 2032.0, 2032.5, 2033.0, 2033.5, 2034.0, 2034.5, 2035.0, 2035.5, 2036.0], "N": [187385.92247724542, 190489.3723342601, 193591.47245897804, 196691.26705684338, 199787.8124387317, 202880.18529795526, 205967.4870154865, 209048.79970409998, 212123.2205442475, 215189.86456843006, 218247.86466119756, 221296.3715591489, 224334.5538509319, 227361.5979772436, 230376.70823082983, 233379.10675648565, 236368.0335510548, 239342.74646343032, 242302.52119455417, 245246.65129741718, 248174.44817705938, 251085.24109056967, 253978.37714708594, 256853.22130779517, 259709.15638593337, 262545.58304678544, 265361.9198076853, 268157.6030380159, 270932.0869592093, 273684.84364474635, 276415.3630201571, 279123.15286302037, 281807.73880296433, 284468.6643216658, 287105.4907528508, 289717.79728229425, 292305.1809478203, 294867.2566393018, 297403.65709866065, 299914.032919868, 302398.0525489438, 304855.402283957, 307285.78627502563, 309688.9265243166, 312064.55511170276, 314411.6471132188, 316729.57788174774, 319018.3016271582, 321277.77712218196, 323507.967702414, 325708.84126631275, 327880.37027519965, 330022.53175325954, 332135.30728754064, 334218.6830279542, 336272.64968727477, 338297.2025411405, 340292.3414280523, 342258.07074937463, 344194.3994693352, 346101.34111502505, 347978.9137763983, 349827.1401062724, 351646.04732032807, 353435.66719710943, 355196.0360780236, 356927.1948673412, 358629.189032196, 360302.06860258506, 361945.8881713687, 363560.7068942705, 365146.58848987723, 366703.60123963916, 368231.81798786955, 369731.316141745, 371202.1776713056, 372644.4891094543, 374058.34155195765, 375443.8306574454, 376801.0566474104, 378130.12430620886, 379431.1429810604, 380704.2265820476, 381949.4935821166, 383167.06701707654, 384357.07448560017, 385519.6481492232, 386654.9247323446, 387763.04552222684, 388844.1563689955, 389898.40768563934, 390925.95444801054, 391926.95619482454, 392901.57702766, 393849.9856109587, 394772.35517202603, 395668.86350103025, 396539.6929510032, 397385.0304378397, 398205.06744029815, 399000.0, 399770.02872142993, 400515.35877193604, 401236.19988172967, 401932.7663438853, 402605.27701434074, 403253.95531189715, 403879.0292182188, 404480.7312778334, 405059.2985981317, 405614.972849368, 406148.0002646596, 406658.63163998706, 407147.12233419454, 407613.7322689891, 408058.7259289412, 408482.3723614846, 408884.9451769163, 409266.72254839644, 409627.9872119487, 409969.0264664598, 410290.13217367977, 410591.6007582218, 410873.73320756265, 411136.83507204213, 411381.2164648633, 411607.1920620923, 411815.08110265917, 412005.2073883565, 412177.8992838406, 412333.4897166308, 412472.31617710984, 412594.72071852355], "RateAgeing": [0.0, 0.0, 0.0, 0.0, 0.0, 0.0, 0.0, 0.0, 0.0, 0.0, 0.0, 0.0, 0.0, 0.0, 0.0, 0.0, 0.0, 0.0, 0.0, 0.0, 0.0, 0.0, 0.0, 0.0, 0.0, 0.0, 0.0, 0.0, 0.0, 0.0, 0.0, 0.0, 0.0, 0.0, 0.0, 0.0, 0.0, 0.0, 0.0, 0.0, 0.0, 0.0, 0.0, 0.0, 0.0, 0.0, 0.0, 0.0, 0.0, 0.0, 0.0, 0.0, 0.0, 0.0, 0.0, 0.0, 0.0, 0.0, 0.0, 0.0, 0.0, 0.0, 0.0, 0.0, 0.0, 0.0, 0.0, 0.0, 0.0, 0.0, 0.0, 0.0, 0.0, 0.0, 0.0, 0.0, 0.0, 0.0, 0.0, 0.0, 0.0, 0.0, 0.0, 0.0, 0.0, 0.0, 0.0, 0.0, 0.0, 0.0, 0.0, 0.0, 0.0, 0.0, 0.0, 0.0, 0.0, 0.0, 0.0, 0.0, 0.0, 0.0, 0.0, 0.0, 0.0, 0.0, 0.0, 0.0, 0.0, 0.0, 0.0, 0.0, 0.0, 0.0, 0.0, 0.0, 0.0, 0.0, 0.0, 0.0, 0.0, 0.0, 0.0, 0.0, 0.0, 0.0, 0.0, 0.0, 0.0, 0.0, 0.0, 0.0, 0.0], "RateDeath": [0.0044726408388137545, 0.004475355728817936, 0.0044780722667585385, 0.004480790453635858, 0.004483510290450798, 0.00448623177820487, 0.0044889549179001915, 0.004491679710539491, 0.004494406157126105, 0.0044971342586639755, 0.00449986401615766, 0.004502595430612322, 0.004505328503033734, 0.004508063234428282, 0.004510799625802962, 0.004513537678165379, 0.004516277392523753, 0.004519018769886915, 0.004521761811264306, 0.004524506517665982, 0.004527252890102613, 0.00453000092958548, 0.004532750637126479, 0.00453550201373812, 0.0045382550604335286, 0.004541009778226444, 0.00454376616813122, 0.00454652423116283, 0.004549283968336859, 0.004552045380669511, 0.004554808469177605, 0.004557573234878581, 0.004560339678790492, 0.00456310780193201, 0.004565877605322428, 0.004568649089981656, 0.004571422256930222, 0.004574197107189275, 0.004576973641780584, 0.0045797518617265364, 0.004582531768050142, 0.004585313361775031, 0.004588096643925454, 0.004590881615526285, 0.004593668277603019, 0.004596456631181774, 0.00459924667728929, 0.0046020384169529315, 0.004604831851200686, 0.004607626981061165, 0.004610423807563603, 0.004613222331737861, 0.004616022554614426, 0.004618824477224407, 0.004621628100599544, 0.004624433425772198, 0.004627240453775359, 0.004630049185642644, 0.0046328596224083, 0.0046356717651071955, 0.004638485614774833, 0.004641301172447341, 0.004644118439161477, 0.004646937415954628, 0.004649758103864811, 0.004652580503930673, 0.0046554046171914925, 0.004658230444687175, 0.004661057987458262, 0.004663887246545924, 0.0046667182229919646, 0.004669550917838818, 0.004672385332129553, 0.004675221466907871, 0.004678059323218106, 0.004680898902105228, 0.004683740204614839, 0.004686583231793178, 0.004689427984687115, 0.004692274464344162, 0.00469512267181246, 0.004697972608140791, 0.004700824274378571, 0.004703677671575855, 0.004706532800783332, 0.004709389663052334, 0.004712248259434826, 0.004715108590983413, 0.004717970658751343, 0.004720834463792497, 0.0047237000071614, 0.004726567289913215, 0.004729436313103748, 0.004732307077789442, 0.004735179585027384, 0.004738053835875303, 0.004740929831391568, 0.004743807572635193, 0.004746687060665831, 0.004749568296543783, 0.004752451281329989, 0.004755336016086037, 0.004758222501874155, 0.004761110739757222, 0.004764000730798756, 0.0047668924760629235, 0.004769785976614536, 0.004772681233519053, 0.004775578247842577, 0.004778477020651864, 0.00478137755301431, 0.004784279845997965, 0.004787183900671525, 0.004790089718104333, 0.004792997299366383, 0.004795906645528318, 0.004798817757661433, 0.004801730636837669, 0.004804645284129622, 0.004807561700610536, 0.004810479887354306, 0.004813399845435483, 0.004816321575929267, 0.0048192450799115095, 0.00482217035845872, 0.004825097412648055, 0.00482802624355733, 0.004830956852265011, 0.004833889239850223, 0.004836823407392742, 0.004839759355973, 0.004842697086672089, 0.00484563660057175],