{"Year": [1970.0, 1970.5, 1971.0, 1971.5, 1972.0, 1972.5, 1973.0, 1973.5, 1974.0, 1974.5, 1975.0, 1975.5, 1976.0, 1976.5, 1977.0, 1977.5, 1978.0, 1978.5, 1979.0, 1979.5, 1980.0, 1980.5, 1981.0, 1981.5, 1982.0, 1982.5, 1983.0, 1983.5, 1984.0, 1984.5, 1985.0, 1985.5, 1986.0, 1986.5, 1987.0, 1987.5, 1988.0, 1988.5, 1989.0, 1989.5, 1990.0, 1990.5, 1991.0, 1991.5, 1992.0, 1992.5, 1993.0, 1993.5, 1994.0, 1994.5, 1995.0, 1995.5, 1996.0, 1996.5, 1997.0, 1997.5, 1998.0, 1998.5, 1999.0, 1999.5, 2000.0, 2000.5, 2001.0, 2001.5, 2002.0, 2002.5, 2003.0, 2003.5, 2004.0, 2004.5, 2005.0, 2005.5, 2006.0, 2006.5, 2007.0, 2007.5, 2008.0, 2008.5, 2009.0, 2009.5, 2010.0, 2010.5, 2011.0, 2011.5, 2012.0, 2012.5, 2013.0, 2013.5, 2014.0, 2014.5, 2015.0, 2015.5, 2016.0, 2016.5, 2017.0, 2017.5, 2018.0, 2018.5, 2019.0, 2019.5, 2020.0, 2020.5, 2021.0, 2021.5, 2022.0, 2022.5, 2023.0, 2023.5, 2024.0, 2024.5, 2025.0, 2025.5, 2026.0, 2026.5, 2027.0, 2027.5, 2028.0, 2028.5, 2029.0, 2029.5, 2030.0, 2030.5, 2031.0, 2031.5, 2032.0, 2032.5, 2033.0, 2033.5, 2034.0, 2034.5, 2035.0, 2035.5, 2036.0], "N": [24027941.41620519, 24392734.93542052, 24760319.035821527, 25130672.859495793, 25503774.998446394, 25879603.45125211, 26258135.474059965, 26639347.925716855, 27023217.179970082, 27409719.10378436, 27798829.0573418, 28190521.894041944, 28584771.96050174, 28981553.09655555, 29380838.635255143, 29782601.40286971, 30186813.71888585, 30593447.396007575, 31002473.740156315, 31413863.550470904, 31827587.119307596, 32243614.232240055, 32661914.16805936, 33082455.698774006, 33505207.089609887, 33930136.09901033, 34357209.97863607, 34786395.473365225, 35217658.82129338, 35650965.753733486, 36086281.49521593, 36523570.7634885, 36962797.76951642, 37403926.2174823, 37846919.304786175, 38291739.722045496, 38738349.65309512, 39186710.77498731, 39636784.257991776, 40088530.76559559, 40541910.45450329, 40996882.97463678, 41453407.4691354, 41911442.574355915, 42370946.41987247, 42831864.58965869, 43293974.40389494, 43757197.56310789, 44221521.69092402, 44686932.31591913, 45153412.87161837, 45620944.69649621, 46089507.033976465, 46559077.03243232, 47029629.74518624, 47501138.13051007, 47973573.05162498, 48446903.2767015, 48921095.47885946, 49396114.23616806, 49871922.03164581, 50348479.25326059, 50825744.1939296, 51303673.05151937, 51782219.92884579, 52261336.83367409, 52740973.678718805, 53221078.28164384, 53701596.36506244, 54182471.55653716, 54663645.388579905, 55145057.298651926, 55626644.62916384, 56108342.62747554, 56590084.445896305, 57071801.14168472, 57553421.67704875, 58034872.91914566, 58516079.64008206, 58996964.51691392, 59477448.13164653, 59957448.971234515, 60436883.427581854, 60915665.797541864, 61393708.282917164, 61870920.99045977, 62347211.93187099, 62822487.0238015, 63296650.087851286, 63769602.85056968, 64241244.94345539, 64711473.90295642, 65180185.17047011, 65647272.09234316, 66112625.919871606, 66576135.809300825, 67037688.821825504, 67497169.92358972, 67954461.98568682, 68409445.78415957, 68862000.0, 69312001.21914952, 69759323.93249886, 70203840.5358881, 70645421.33010668, 71083934.52089332, 71519246.21893613, 71951220.43987252, 72379719.1042893, 72804602.03772253, 73225726.97065769, 73642949.53852953, 74056123.28172222, 74465099.64556919, 74869727.98035322, 75269855.54130648, 75665327.48861043, 76055986.88739592, 76441674.70774306, 76822229.82468134, 77197489.01818961, 77567286.97319603, 77931456.2795781, 78289827.43216269, 78642228.83072595, 78988486.7799934, 79328425.48963994, 79661867.07428972, 79988631.55351631, 80308536.85184257, 80621398.79874073, 80927031.12863232, 81225245.48088823], "RateAgeing": [0.0, 0.0, 0.0, 0.0, 0.0, 0.0, 0.0, 0.0, 0.0, 0.0, 0.0, 0.0, 0.0, 0.0, 0.0, 0.0, 0.0, 0.0, 0.0, 0.0, 0.0, 0.0, 0.0, 0.0, 0.0, 0.0, 0.0, 0.0, 0.0, 0.0, 0.0, 0.0, 0.0, 0.0, 0.0, 0.0, 0.0, 0.0, 0.0, 0.0, 0.0, 0.0, 0.0, 0.0, 0.0, 0.0, 0.0, 0.0, 0.0, 0.0, 0.0, 0.0, 0.0, 0.0, 0.0, 0.0, 0.0, 0.0, 0.0, 0.0, 0.0, 0.0, 0.0, 0.0, 0.0, 0.0, 0.0, 0.0, 0.0, 0.0, 0.0, 0.0, 0.0, 0.0, 0.0, 0.0, 0.0, 0.0, 0.0, 0.0, 0.0, 0.0, 0.0, 0.0, 0.0, 0.0, 0.0, 0.0, 0.0, 0.0, 0.0, 0.0, 0.0, 0.0, 0.0, 0.0, 0.0, 0.0, 0.0, 0.0, 0.0, 0.0, 0.0, 0.0, 0.0, 0.0, 0.0, 0.0, 0.0, 0.0, 0.0, 0.0, 0.0, 0.0, 0.0, 0.0, 0.0, 0.0, 0.0, 0.0, 0.0, 0.0, 0.0, 0.0, 0.0, 0.0, 0.0, 0.0, 0.0, 0.0, 0.0, 0.0, 0.0], "RateDeath": [0.012354224540042421, 0.012274714040370893, 0.01219571526197637, 0.012117224911474123, 0.012039239716675303, 0.011961756426450528, 0.011884771810594347, 0.011808282659690571, 0.011732285784978482, 0.011656778018219892, 0.011581756211567061, 0.011507217237431469, 0.011433157988353435, 0.011359575376872556, 0.011286466335399006, 0.011213827816085648, 0.011141656790700968, 0.011069950250502837, 0.010998705206113074, 0.010927918687392825, 0.01085758774331874, 0.010787709441859946, 0.010718280869855816, 0.01064929913289452, 0.01058076135519236, 0.010512664679473881, 0.010445006266852762, 0.010377783296713445, 0.010310992966593567, 0.010244632492067125, 0.01017869910662838, 0.010113190061576545, 0.010048102625901176, 0.009983434086168334, 0.009919181746407456, 0.00985534292799896, 0.009791914969562587, 0.009728895226846437, 0.009666281072616741, 0.009604069896548339, 0.00954225910511584, 0.009480846121485519, 0.009419828385407884, 0.009359203353110936, 0.009298968497194134, 0.009239121306523018, 0.009179659286124532, 0.009120579957083, 0.009061880856436794, 0.009003559537075647, 0.00894561356763864, 0.00888804053241284, 0.008830838031232583, 0.00877400367937943, 0.008717535107482736, 0.008661429961420882, 0.008605685902223126, 0.008550300605972097, 0.00849527176370692, 0.008440597081326941, 0.00838627427949611, 0.008332301093547935, 0.00827867527339109, 0.008225394583415596, 0.008172456802399631, 0.008119859723416918, 0.008067601153744736, 0.008015678914772496, 0.00796409084191091, 0.007912834784501775, 0.00786190860572829, 0.007811310182525989, 0.0077610374054942225, 0.007711088178808229, 0.007661460420131751, 0.007612152060530234, 0.007563161044384569, 0.007514485329305394, 0.007466122886047958, 0.007418071698427513, 0.007370329763235266, 0.0073228950901548665, 0.007275765701679434, 0.007228939633029115, 0.007182414932069172, 0.007136189659228609, 0.007090261887419299, 0.007044629701955658, 0.006999291200474814, 0.0069542444928573114, 0.0069094877011483, 0.006865018959479251, 0.006820836413990174, 0.006776938222752326, 0.006733322555691425, 0.0066899875945113565, 0.006646931532618371, 0.006604152575045766, 0.006561648938379058, 0.006519418850681634, 0.006477460551420879, 0.006435772291394783, 0.006394352332659015, 0.0063531989484544756, 0.006312310423135306, 0.0062716850520973646, 0.006231321141707162, 0.006191217009231262, 0.00615137098276612, 0.006111781401168392, 0.006072446613985678, 0.006033364981387715, 0.005994534874098021, 0.005955954673325962, 0.005917622770699277, 0.005879537568197017, 0.005841697478082932, 0.005804100922839273, 0.005766746335101033, 0.005729632157590606, 0.005692756843052854, 0.005656118854190618, 0.005619716663600622, 0.005583548753709795, 0.005547613616712013, 0.00551190975450523, 0.00547643567862903, 0.005441189910202574, 0.005406170979862946, 0.005371377427703893, 0.005336807803214972, 0.005302460665221066, 0.005268334581822319],