{"Year": [1970.0, 1970.5, 1971.0, 1971.5, 1972.0, 1972.5, 1973.0, 1973.5, 1974.0, 1974.5, 1975.0, 1975.5, 1976.0, 1976.5, 1977.0, 1977.5, 1978.0, 1978.5, 1979.0, 1979.5, 1980.0, 1980.5, 1981.0, 1981.5, 1982.0, 1982.5, 1983.0, 1983.5, 1984.0, 1984.5, 1985.0, 1985.5, 1986.0, 1986.5, 1987.0, 1987.5, 1988.0, 1988.5, 1989.0, 1989.5, 1990.0, 1990.5, 1991.0, 1991.5, 1992.0, 1992.5, 1993.0, 1993.5, 1994.0, 1994.5, 1995.0, 1995.5, 1996.0, 1996.5, 1997.0, 1997.5, 1998.0, 1998.5, 1999.0, 1999.5, 2000.0, 2000.5, 2001.0, 2001.5, 2002.0, 2002.5, 2003.0, 2003.5, 2004.0, 2004.5, 2005.0, 2005.5, 2006.0, 2006.5, 2007.0, 2007.5, 2008.0, 2008.5, 2009.0, 2009.5, 2010.0, 2010.5, 2011.0, 2011.5, 2012.0, 2012.5, 2013.0, 2013.5, 2014.0, 2014.5, 2015.0, 2015.5, 2016.0, 2016.5, 2017.0, 2017.5, 2018.0, 2018.5, 2019.0, 2019.5, 2020.0, 2020.5, 2021.0, 2021.5, 2022.0, 2022.5, 2023.0, 2023.5, 2024.0, 2024.5, 2025.0, 2025.5, 2026.0, 2026.5, 2027.0, 2027.5, 2028.0, 2028.5, 2029.0, 2029.5, 2030.0, 2030.5, 2031.0, 2031.5, 2032.0, 2032.5, 2033.0, 2033.5, 2034.0, 2034.5, 2035.0, 2035.5, 2036.0], "N": [34253795.191392615, 33922577.26933636, 33610897.7099398, 33317829.516831823, 33042500.622231245, 32784080.212218978, 32541350.062191315, 32313514.3783145, 32100072.125490364, 31900533.62420968, 31714420.550552145, 31541265.936186396, 31380614.168369986, 31232020.989949435, 31095053.499360155, 30969290.150626533, 30854320.753361855, 30749746.472768363, 30655179.829637215, 30570244.700348523, 30494576.31687131, 30427821.266763553, 30369637.493172146, 30319694.294832923, 30277672.326070655, 30243263.596799046, 30216171.472520716, 30196110.67432725, 30182807.278899137, 30175998.71850582, 30175433.78100566, 30180872.60984596, 30192086.704062954, 30208858.918281812, 30230983.462716635, 30258265.903170463, 30290523.161035255, 30327583.513291918, 30369286.592510287, 30415483.386849128, 30466036.240056142, 30520818.851467967, 30579716.276010174, 30642624.924197264, 30709452.562132668, 30780118.311508756, 30854552.64960684, 30932697.40929714, 31014505.779038835, 31099899.84864099, 31188459.54176636, 31280017.222828377, 31374488.779378265, 31471789.241676055, 31571832.78269057, 31674532.718099434, 31779801.506289057, 31887550.748354666, 31997691.18810027, 32110132.712038677, 32224784.349391494, 32341554.272089124, 32460349.794770774, 32581077.37478443, 32703642.612186898, 32827950.249743756, 32953904.172929406, 33081407.40992703, 33210362.131628606, 33340669.651634917, 33472230.42625554, 33604944.05450884, 33738709.278122, 33873423.98153099, 34008985.191880554, 34145289.07902427, 34282230.95552449, 34419705.276652366, 34557605.64038786, 34695824.78741972, 34834254.60114549, 34972786.1076715, 35111309.47581291, 35249714.01709365, 35387888.18574645, 35525719.57871285, 35663094.935643174, 35799900.13889653, 35936020.21354087, 36071339.32735289, 36205740.790818125, 36339107.057130866, 36471319.72219423, 36602259.524620146, 36731806.34572929, 36859839.20955118, 36986236.2828241, 37110874.87499515, 37233631.438220225, 37354381.567364015, 37473000.0, 37589360.616410464, 37703336.4395865, 37814799.63522797, 37923621.51174354, 38029672.5202507, 38132822.25457571, 38232939.45125363, 38329891.98952833, 38423546.89135246, 38513770.321387485, 38600427.58700365, 38683362.218722075, 38762358.78340343, 38837253.85420958, 38907887.952164866, 38974100.41914014, 39035729.41785267, 39092611.93186621, 39144583.765590996, 39191479.54428369, 39233132.71404745, 39269375.54183188, 39300039.11543308, 39324953.34349357, 39343946.955502376, 39356847.50179496, 39363481.353553265, 39363673.70280569, 39357248.56242712, 39344028.76613887, 39323835.968508735, 39296490.644951], "RateAgeing": [0.0, 0.0, 0.0, 0.0, 0.0, 0.0, 0.0, 0.0, 0.0, 0.0, 0.0, 0.0, 0.0, 0.0, 0.0, 0.0, 0.0, 0.0, 0.0, 0.0, 0.0, 0.0, 0.0, 0.0, 0.0, 0.0, 0.0, 0.0, 0.0, 0.0, 0.0, 0.0, 0.0, 0.0, 0.0, 0.0, 0.0, 0.0, 0.0, 0.0, 0.0, 0.0, 0.0, 0.0, 0.0, 0.0, 0.0, 0.0, 0.0, 0.0, 0.0, 0.0, 0.0, 0.0, 0.0, 0.0, 0.0, 0.0, 0.0, 0.0, 0.0, 0.0, 0.0, 0.0, 0.0, 0.0, 0.0, 0.0, 0.0, 0.0, 0.0, 0.0, 0.0, 0.0, 0.0, 0.0, 0.0, 0.0, 0.0, 0.0, 0.0, 0.0, 0.0, 0.0, 0.0, 0.0, 0.0, 0.0, 0.0, 0.0, 0.0, 0.0, 0.0, 0.0, 0.0, 0.0, 0.0, 0.0, 0.0, 0.0, 0.0, 0.0, 0.0, 0.0, 0.0, 0.0, 0.0, 0.0, 0.0, 0.0, 0.0, 0.0, 0.0, 0.0, 0.0, 0.0, 0.0, 0.0, 0.0, 0.0, 0.0, 0.0, 0.0, 0.0, 0.0, 0.0, 0.0, 0.0, 0.0, 0.0, 0.0, 0.0, 0.0], "RateDeath": [0.0530722831408536, 0.05184197391684388, 0.05064018543279679, 0.04946625652760572, 0.04831954136704583, 0.04719940908846982, 0.04610524345374038, 0.04503644251020822, 0.043992418259549214, 0.04297259633427852, 0.04197641568176366, 0.041003328255562736, 0.04005279871391797, 0.03912430412523868, 0.03821733368041171, 0.03733138841178102, 0.036465980918641755, 0.035620635099097915, 0.034794885888136055, 0.0339882790017708, 0.033200370687121616, 0.032430727478283204, 0.031678925957855236, 0.030944552524000295, 0.030227203162901787, 0.02952648322649666, 0.028842007215360756, 0.028173398566627154, 0.027520289446821045, 0.026882320549496984, 0.026259140897567274, 0.0256504076502128, 0.025055785914269924, 0.0244749485599898, 0.023907576041068728, 0.023353356218850475, 0.022811984190603974, 0.02228316212178177, 0.02176659908216706, 0.0212620108858191, 0.020769119934729005, 0.020287655066099836, 0.01981735140316704, 0.019357950209477105, 0.01890919874654433, 0.018470850134807325, 0.01804266321780881, 0.017624402429523938, 0.01721583766476425, 0.016816744152585786, 0.016426902332631905, 0.0160460977343427, 0.015674120858964476, 0.015310767064294527, 0.014955836452097715, 0.014609133758132916, 0.01427046824472886, 0.01393965359585025, 0.013616507814596437, 0.013300853123076243, 0.012992515864603895, 0.012691326408162175, 0.012397119055080346, 0.012109731947875395, 0.01182900698120654, 0.011554789714893928, 0.011286929288953754, 0.011025278340602978, 0.01076969292318805, 0.010520032426992985, 0.010276159501883275, 0.010037939981743016, 0.009805242810663752, 0.009577939970844366, 0.00935590641216239, 0.009139019983377976, 0.008927161364932676, 0.00872021400330607, 0.008518064046894123, 0.008320600283373983, 0.008127714078520799, 0.007939299316442845, 0.007755252341202115, 0.007575471899788258, 0.007399859086414462, 0.007228317288104684, 0.007060752131542228, 0.006897071431150507, 0.006737185138377351, 0.006581005292155015, 0.0064284459705086, 0.006279423243286286, 0.006133855125985354, 0.0059916615346485985, 0.0058527642418063405, 0.005717086833439757, 0.005584554666941893, 0.005455094830053206, 0.0053286361007490604, 0.005205108908057096, 0.00508444529378292, 0.0049665788751230705, 0.004851444808144669, 0.004738979752111687, 0.004629121834638184, 0.004521810617649366, 0.004416987064131716, 0.004314593505653926, 0.004214573610640738, 0.004116872353382261, 0.004021435983761715, 0.003928211997684921, 0.0038371491081952997, 0.003748197217258479, 0.003661307388200966, 0.003576431818787765, 0.003493523814924082, 0.003412537764966676, 0.003333429114630732, 0.0032561543424784152, 0.003180670935975658, 0.003106937368103991, 0.0030349130745145497, 0.0029645584312116935, 0.002895834732753959, 0.002828704170960352, 0.0027631298141102636, 0.002699075586625573, 0.002636506249223755, 0.002575387379531068, 0.0025156853531451665, 0.0024573673251367173, 0.0024004012119798386],