{"Year": [1970.0, 1970.5, 1971.0, 1971.5, 1972.0, 1972.5, 1973.0, 1973.5, 1974.0, 1974.5, 1975.0, 1975.5, 1976.0, 1976.5, 1977.0, 1977.5, 1978.0, 1978.5, 1979.0, 1979.5, 1980.0, 1980.5, 1981.0, 1981.5, 1982.0, 1982.5, 1983.0, 1983.5, 1984.0, 1984.5, 1985.0, 1985.5, 1986.0, 1986.5, 1987.0, 1987.5, 1988.0, 1988.5, 1989.0, 1989.5, 1990.0, 1990.5, 1991.0, 1991.5, 1992.0, 1992.5, 1993.0, 1993.5, 1994.0, 1994.5, 1995.0, 1995.5, 1996.0, 1996.5, 1997.0, 1997.5, 1998.0, 1998.5, 1999.0, 1999.5, 2000.0, 2000.5, 2001.0, 2001.5, 2002.0, 2002.5, 2003.0, 2003.5, 2004.0, 2004.5, 2005.0, 2005.5, 2006.0, 2006.5, 2007.0, 2007.5, 2008.0, 2008.5, 2009.0, 2009.5, 2010.0, 2010.5, 2011.0, 2011.5, 2012.0, 2012.5, 2013.0, 2013.5, 2014.0, 2014.5, 2015.0, 2015.5, 2016.0, 2016.5, 2017.0, 2017.5, 2018.0, 2018.5, 2019.0, 2019.5, 2020.0, 2020.5, 2021.0, 2021.5, 2022.0, 2022.5, 2023.0, 2023.5, 2024.0, 2024.5, 2025.0, 2025.5, 2026.0, 2026.5, 2027.0, 2027.5, 2028.0, 2028.5, 2029.0, 2029.5, 2030.0, 2030.5, 2031.0, 2031.5, 2032.0, 2032.5, 2033.0, 2033.5, 2034.0, 2034.5, 2035.0, 2035.5, 2036.0], "N": [683036.3867355551, 691102.4760125537, 699202.1414571155, 707334.6451353206, 715499.2408863717, 723695.1822746821, 731921.793422732, 740178.3014514424, 748463.8983419891, 756777.772603691, 765119.10927401, 773487.0899185514, 781880.8926310635, 790299.692033437, 798742.6592757066, 807208.9620360497, 815697.7645207865, 824208.2274643809, 832739.508129439, 841290.7603067106, 849861.1343150885, 858449.7770016086, 867055.8317414495, 875678.4384379333, 884316.733522525, 892969.8499548326, 901636.9172226072, 910317.0613417429, 919009.4048562773, 927713.0668383904, 936427.1628884058, 945150.8051347901, 953883.1022341526, 962623.159371246, 971370.078258966, 980122.9571383513, 988880.8907785837, 997642.9704769885, 1006408.2840590331, 1015175.9158783288, 1023944.9468166298, 1032714.454283833, 1041483.5122179791, 1050251.1910852508, 1059016.557879975, 1067778.676124621, 1076536.6058698012, 1085289.4037663501, 1094036.5221160864, 1102777.3540181937, 1111510.9019580642, 1120236.175742274, 1128952.1924985836, 1137657.9766759367, 1146352.5600444626, 1155034.9816954734, 1163704.2880414657, 1172359.5328161204, 1180999.7770743025, 1189624.0891920608, 1198231.5448666285, 1206821.2271164227, 1215392.226281045, 1223943.6400212806, 1232474.5733190991, 1240984.1384776542, 1249471.4551212837, 1257935.6501955092, 1266375.8579670368, 1274791.2200237568, 1283180.8852747434, 1291544.0099502543, 1299879.7576017329, 1308187.2991018048, 1316465.8126442814, 1324714.483744157, 1332932.5052376103, 1341119.0772820045, 1349273.4073558867, 1357394.710258988, 1365482.208112224, 1373535.1303576934, 1381552.7137586805, 1389534.2023996525, 1397478.8476862612, 1405385.908345342, 1413254.6504249156, 1421084.3472941858, 1428874.2796435405, 1436623.7354845519, 1444332.010149977, 1451998.4062937556, 1459622.2338910128, 1467202.810238057, 1474739.4599523812, 1482231.5149726626, 1489678.3145587612, 1497079.2052917231, 1504433.5410737775, 1511740.6831283371, 1519000.0000000002, 1526210.8675545477, 1533372.6689789456, 1540484.7947813438, 1547546.642791076, 1554557.6181586604, 1561517.1333557991, 1568424.6081753778, 1575279.4697314678, 1582081.152459323, 1588829.0981153818, 1595522.755777267, 1602161.5818437857, 1608745.0400349284, 1615272.6013918705, 1621743.7442769709, 1628157.9543737723, 1634514.7246870026, 1640813.5555425736, 1647053.9545875802, 1653235.436790302, 1659357.5244402029, 1665419.747147931, 1671421.641845318, 1677362.7527853805, 1683242.631542318, 1689060.8370115156, 1694816.935409541, 1700510.500274147, 1706141.1124642699, 1711708.360160031, 1717211.8388627348, 1722651.1513948706], "RateAgeing": [0.0, 0.0, 0.0, 0.0, 0.0, 0.0, 0.0, 0.0, 0.0, 0.0, 0.0, 0.0, 0.0, 0.0, 0.0, 0.0, 0.0, 0.0, 0.0, 0.0, 0.0, 0.0, 0.0, 0.0, 0.0, 0.0, 0.0, 0.0, 0.0, 0.0, 0.0, 0.0, 0.0, 0.0, 0.0, 0.0, 0.0, 0.0, 0.0, 0.0, 0.0, 0.0, 0.0, 0.0, 0.0, 0.0, 0.0, 0.0, 0.0, 0.0, 0.0, 0.0, 0.0, 0.0, 0.0, 0.0, 0.0, 0.0, 0.0, 0.0, 0.0, 0.0, 0.0, 0.0, 0.0, 0.0, 0.0, 0.0, 0.0, 0.0, 0.0, 0.0, 0.0, 0.0, 0.0, 0.0, 0.0, 0.0, 0.0, 0.0, 0.0, 0.0, 0.0, 0.0, 0.0, 0.0, 0.0, 0.0, 0.0, 0.0, 0.0, 0.0, 0.0, 0.0, 0.0, 0.0, 0.0, 0.0, 0.0, 0.0, 0.0, 0.0, 0.0, 0.0, 0.0, 0.0, 0.0, 0.0, 0.0, 0.0, 0.0, 0.0, 0.0, 0.0, 0.0, 0.0, 0.0, 0.0, 0.0, 0.0, 0.0, 0.0, 0.0, 0.0, 0.0, 0.0, 0.0, 0.0, 0.0, 0.0, 0.0, 0.0, 0.0], "RateDeath": [0.005036819298186605, 0.005041983081239306, 0.005047152158239206, 0.005052326534613697, 0.005057506215795736, 0.00506269120722385, 0.005067881514342141, 0.005073077142600292, 0.005078278097453573, 0.005083484384362848, 0.005088696008794579, 0.0050939129762208315, 0.005099135292119282, 0.005104362961973223, 0.005109595991271566, 0.005114834385508853, 0.005120078150185258, 0.005125327290806592, 0.005130581812884313, 0.005135841721935528, 0.005141107023483002, 0.005146377723055159, 0.005151653826186093, 0.00515693533841557, 0.005162222265289038, 0.005167514612357628, 0.005172812385178163, 0.005178115589313161, 0.005183424230330847, 0.00518873831380515, 0.005194057845315715, 0.005199382830447909, 0.005204713274792823, 0.005210049183947281, 0.0052153905635138435, 0.005220737419100818, 0.005226089756322259, 0.005231447580797977, 0.0052368108981535435, 0.005242179714020299, 0.005247554034035357, 0.005252933863841607, 0.005258319209087729, 0.005263710075428191, 0.005269106468523256, 0.005274508394038995, 0.005279915857647283, 0.005285328865025813, 0.005290747421858097, 0.005296171533833475, 0.005301601206647121, 0.0053070364460000435, 0.0053124772575990995, 0.005317923647156995, 0.005323375620392293, 0.0053288331830294204, 0.00533429634079867, 0.005339765099436213, 0.005345239464684099, 0.005350719442290265, 0.005356205038008539, 0.0053616962575986525, 0.005367193106826236, 0.005372695591462836, 0.005378203717285914, 0.005383717490078854, 0.005389236915630969, 0.0053947619997375094, 0.005400292748199665, 0.005405829166824573, 0.005411371261425326, 0.005416919037820973, 0.005422472501836532, 0.005428031659302992, 0.005433596516057318, 0.005439167077942461, 0.0054447433508073625, 0.005450325340506958, 0.00545591305290219, 0.005461506493860004, 0.005467105669253364, 0.005472710584961256, 0.005478321246868689, 0.005483937660866709, 0.0054895598328524005, 0.0054951877687288925, 0.005500821474405367, 0.005506460955797065, 0.00551210621882529, 0.005517757269417418, 0.0055234141135069, 0.005529076757033271, 0.0055347452059421555, 0.005540419466185271, 0.005546099543720442, 0.005551785444511596, 0.005557477174528775, 0.005563174739748146, 0.005568878146151999, 0.005574587399728758, 0.005580302506472985, 0.005586023472385389, 0.005591750303472834, 0.005597483005748337, 0.005603221585231081, 0.005608966047946422, 0.005614716399925892, 0.005620472647207207, 0.005626234795834271, 0.005632002851857188, 0.00563777682133226, 0.005643556710322002, 0.005649342524895141, 0.005655134271126628, 0.005660931955097643, 0.005666735582895597, 0.005672545160614144, 0.0056783606943531855, 0.0056841821902188765, 0.005690009654323631, 0.00569584309278613, 0.00570168251173133, 0.00570752791729046, 0.005713379315601045, 0.005719236712806891, 0.005725100115058111, 0.00573096952851112, 0.0057368449593286465, 0.005742726413679731, 0.0057486138977397485, 0.005754507417690397, 0.0057604069797197125, 0.0057663125900220815],