{"Year": [1970.0, 1970.5, 1971.0, 1971.5, 1972.0, 1972.5, 1973.0, 1973.5, 1974.0, 1974.5, 1975.0, 1975.5, 1976.0, 1976.5, 1977.0, 1977.5, 1978.0, 1978.5, 1979.0, 1979.5, 1980.0, 1980.5, 1981.0, 1981.5, 1982.0, 1982.5, 1983.0, 1983.5, 1984.0, 1984.5, 1985.0, 1985.5, 1986.0, 1986.5, 1987.0, 1987.5, 1988.0, 1988.5, 1989.0, 1989.5, 1990.0, 1990.5, 1991.0, 1991.5, 1992.0, 1992.5, 1993.0, 1993.5, 1994.0, 1994.5, 1995.0, 1995.5, 1996.0, 1996.5, 1997.0, 1997.5, 1998.0, 1998.5, 1999.0, 1999.5, 2000.0, 2000.5, 2001.0, 2001.5, 2002.0, 2002.5, 2003.0, 2003.5, 2004.0, 2004.5, 2005.0, 2005.5, 2006.0, 2006.5, 2007.0, 2007.5, 2008.0, 2008.5, 2009.0, 2009.5, 2010.0, 2010.5, 2011.0, 2011.5, 2012.0, 2012.5, 2013.0, 2013.5, 2014.0, 2014.5, 2015.0, 2015.5, 2016.0, 2016.5, 2017.0, 2017.5, 2018.0, 2018.5, 2019.0, 2019.5, 2020.0, 2020.5, 2021.0, 2021.5, 2022.0, 2022.5, 2023.0, 2023.5, 2024.0, 2024.5, 2025.0, 2025.5, 2026.0, 2026.5, 2027.0, 2027.5, 2028.0, 2028.5, 2029.0, 2029.5, 2030.0, 2030.5, 2031.0, 2031.5, 2032.0, 2032.5, 2033.0, 2033.5, 2034.0, 2034.5, 2035.0, 2035.5, 2036.0], "N": [28787298.456453532, 29185142.38558627, 29587053.990923014, 29993035.17428884, 30403086.862139307, 30817207.48488072, 31235387.715137403, 31657627.15901228, 32083925.802292436, 32514282.12045582, 32948693.078671213, 33387154.131798223, 33829659.22438731, 34276200.79067976, 34726769.75460771, 35181355.529794104, 35639946.019552775, 36102527.616888344, 36569085.204496294, 37039602.15476294, 37514060.32976544, 37992440.08127178, 38474720.250740804, 38960878.16932215, 39450889.65785634, 39944729.02687471, 40442369.07659945, 40943781.09694355, 41448934.86751089, 41957798.65759615, 42470339.22618486, 42986521.82195339, 43506310.183268934, 44029666.538189545, 44556551.60446409, 45086924.58953229, 45620743.19052471, 46157963.59426273, 46698540.47725858, 47242427.00571532, 47789574.83552686, 48339934.112277955, 48893453.47124416, 49450080.03739191, 50009759.42537845, 50572435.73955188, 51138044.903325796, 51706479.59550759, 52277675.63447086, 52851576.83495246, 53428123.79466778, 54007253.894310735, 54588901.29755376, 55172996.95104782, 55759468.5844224, 56348240.71028553, 56939234.62422372, 57532368.40480203, 58127556.91356407, 58724711.79503194, 59323741.476706274, 59924551.169066235, 60527042.86556951, 61131115.34265228, 61736664.159729324, 62343581.65919388, 62951756.966417715, 63561075.98975117, 64171421.42052304, 64782672.73304071, 65394706.18459006, 66007394.815435484, 66620608.44881992, 67234213.69096482, 67848073.93107016, 68462049.34131446, 69075996.87685473, 69689770.27582656, 70303220.05934398, 70916193.53149962, 71528534.7793646, 72140084.6729886, 72750680.86539976, 73360157.7926048, 73968346.67358895, 74575075.51031595, 75180169.08772808, 75783448.97374615, 76384733.51926948, 76983837.8581759, 77580573.90732183, 78174750.36654212, 78766172.71865022, 79354643.22943808, 79939960.94767617, 80521921.70511347, 81100318.11647752, 81674939.57947436, 82245572.27478857, 82811999.16608325, 83374000.0, 83931351.30615899, 84483826.39715888, 85031195.36857685, 85573225.09896864, 86109679.24986848, 86640318.26578917, 87164899.37422195, 87683176.58563669, 88194900.6934817, 88699819.27418387, 89197676.68714856, 89688214.0747597, 90171169.36237976, 90646277.25834967, 91113269.25398894, 91571873.6235956, 92021815.42444614, 92462816.49679565, 92894595.46387774, 93316867.73190449, 93729345.49006656, 94131737.71053313, 94523750.14845183, 94905085.34194893, 95275442.61212914, 95634518.06307572, 95982004.58185047, 96317591.8384937, 96640966.28602424, 96951811.16043945, 97249806.4807152, 97534629.0488059], "RateAgeing": [0.0, 0.0, 0.0, 0.0, 0.0, 0.0, 0.0, 0.0, 0.0, 0.0, 0.0, 0.0, 0.0, 0.0, 0.0, 0.0, 0.0, 0.0, 0.0, 0.0, 0.0, 0.0, 0.0, 0.0, 0.0, 0.0, 0.0, 0.0, 0.0, 0.0, 0.0, 0.0, 0.0, 0.0, 0.0, 0.0, 0.0, 0.0, 0.0, 0.0, 0.0, 0.0, 0.0, 0.0, 0.0, 0.0, 0.0, 0.0, 0.0, 0.0, 0.0, 0.0, 0.0, 0.0, 0.0, 0.0, 0.0, 0.0, 0.0, 0.0, 0.0, 0.0, 0.0, 0.0, 0.0, 0.0, 0.0, 0.0, 0.0, 0.0, 0.0, 0.0, 0.0, 0.0, 0.0, 0.0, 0.0, 0.0, 0.0, 0.0, 0.0, 0.0, 0.0, 0.0, 0.0, 0.0, 0.0, 0.0, 0.0, 0.0, 0.0, 0.0, 0.0, 0.0, 0.0, 0.0, 0.0, 0.0, 0.0, 0.0, 0.0, 0.0, 0.0, 0.0, 0.0, 0.0, 0.0, 0.0, 0.0, 0.0, 0.0, 0.0, 0.0, 0.0, 0.0, 0.0, 0.0, 0.0, 0.0, 0.0, 0.0, 0.0, 0.0, 0.0, 0.0, 0.0, 0.0, 0.0, 0.0, 0.0, 0.0, 0.0, 0.0], "RateDeath": [0.024643160504551124, 0.024358305092690345, 0.024076742383713646, 0.023798434316584346, 0.02352334327022118, 0.02325143205841278, 0.02298266392479092, 0.02271700253786187, 0.022454411986095185, 0.02219485677306926, 0.021938301812673002, 0.02168471242436297, 0.021434054328475317, 0.021186293641591965, 0.020941396871960304, 0.020699330914965838, 0.0204600630486572, 0.020223560929322856, 0.019989792587118943, 0.019758726421747672, 0.01953033119818566, 0.019304576042461653, 0.01908143043748304, 0.018860864218910613, 0.018642847571081055, 0.018427351022976466, 0.01821434544424058, 0.018003802041240975, 0.017795692353176795, 0.0175899882482315, 0.01738666191977006, 0.017185685882580123, 0.016987032969156605, 0.01679067632602927, 0.016596589410132714, 0.016404745985218343, 0.01621512011830781, 0.016027686176187456, 0.01584241882194326, 0.015659293011535857, 0.01547828399041513, 0.01529936729017396, 0.015122518725240617, 0.014947714389609429, 0.014774930653609204, 0.01460414416070903, 0.014435331824360992, 0.014268470824879372, 0.014103538606355942, 0.013940512873610906, 0.01377937158917908, 0.013620092970330924, 0.013462655486127984, 0.013307037854512406, 0.013153219039430059, 0.013001178247986932, 0.0128508949276384, 0.012702348763410965, 0.012555519675156135, 0.012410387814836017, 0.012266933563840317, 0.012125137530334337, 0.011984980546637618, 0.011846443666632903, 0.011709508163205042, 0.011574155525709501, 0.011440367457470126, 0.011308125873305852, 0.011177412897085971, 0.011048210859313689, 0.01092050229473759, 0.01079426993999074, 0.010669496731257036, 0.01054616580196458, 0.010424260480505673, 0.010303764287983202, 0.010184660935983048, 0.01006693432437225, 0.009950568539122628, 0.00983554785015957, 0.00972185670923565, 0.009609479747828881, 0.009498401775065196, 0.00938860777566501, 0.009280082907913469, 0.009172812501654186, 0.00906678205630616, 0.008961977238903617, 0.008858383882158512, 0.008755987982545425, 0.0086547756984086, 0.008554733348090848, 0.008455847408084105, 0.008358104511201342, 0.008261491444769623, 0.008165995148844044, 0.008071602714442313, 0.007978301381799757, 0.00788607853864446, 0.007794921718492386, 0.007704818598962176, 0.0076157570001094375, 0.007527724882780284, 0.007440710346983911, 0.007354701630283979, 0.007269687106208595, 0.0071856552826786695, 0.007102594800454443, 0.007020494431599967, 0.006939343077965339, 0.0068591297696864745, 0.006779843663702229, 0.006701474042288655, 0.006624010311610201, 0.00654744200028766, 0.0064717587579826786, 0.006396950353998607, 0.006323006675897548, 0.006249917728133375, 0.006177673630700553, 0.0061062646177985885, 0.006035681036511898, 0.0059659133455049595, 0.005896952113732529, 0.005828788019164774, 0.005761411847527141, 0.00569481449105479, 0.00562898694726143, 0.0055639203177223736, 0.005499605806871678, 0.005436034720813173, 0.005373198466145239, 0.005311088548799172],