{"Year": [1970.0, 1970.5, 1971.0, 1971.5, 1972.0, 1972.5, 1973.0, 1973.5, 1974.0, 1974.5, 1975.0, 1975.5, 1976.0, 1976.5, 1977.0, 1977.5, 1978.0, 1978.5, 1979.0, 1979.5, 1980.0, 1980.5, 1981.0, 1981.5, 1982.0, 1982.5, 1983.0, 1983.5, 1984.0, 1984.5, 1985.0, 1985.5, 1986.0, 1986.5, 1987.0, 1987.5, 1988.0, 1988.5, 1989.0, 1989.5, 1990.0, 1990.5, 1991.0, 1991.5, 1992.0, 1992.5, 1993.0, 1993.5, 1994.0, 1994.5, 1995.0, 1995.5, 1996.0, 1996.5, 1997.0, 1997.5, 1998.0, 1998.5, 1999.0, 1999.5, 2000.0, 2000.5, 2001.0, 2001.5, 2002.0, 2002.5, 2003.0, 2003.5, 2004.0, 2004.5, 2005.0, 2005.5, 2006.0, 2006.5, 2007.0, 2007.5, 2008.0, 2008.5, 2009.0, 2009.5, 2010.0, 2010.5, 2011.0, 2011.5, 2012.0, 2012.5, 2013.0, 2013.5, 2014.0, 2014.5, 2015.0, 2015.5, 2016.0, 2016.5, 2017.0, 2017.5, 2018.0, 2018.5, 2019.0, 2019.5, 2020.0, 2020.5, 2021.0, 2021.5, 2022.0, 2022.5, 2023.0, 2023.5, 2024.0, 2024.5, 2025.0, 2025.5, 2026.0, 2026.5, 2027.0, 2027.5, 2028.0, 2028.5, 2029.0, 2029.5, 2030.0, 2030.5, 2031.0, 2031.5, 2032.0, 2032.5, 2033.0, 2033.5, 2034.0, 2034.5, 2035.0, 2035.5, 2036.0], "N": [6624223.051858702, 6694747.37648708, 6765424.844130469, 6836248.327139331, 6907210.675415335, 6978304.746956932, 7049523.960596379, 7120861.156251403, 7192308.880242921, 7263859.694156992, 7335506.174844797, 7407240.91442266, 7479056.520272033, 7550945.615039508, 7622900.836636806, 7694914.838240782, 7766980.288293427, 7839089.870501867, 7911236.28383836, 7983412.242540296, 8055610.476110204, 8127823.729315743, 8200044.762189707, 8272266.350030025, 8344481.283399757, 8416682.368127102, 8488862.425305387, 8561014.291293077, 8633130.817713773, 8705204.8714562, 8777229.33467423, 8849197.104786862, 8921101.094478225, 8992934.231697591, 9064689.45965936, 9136359.736843068, 9207938.036993384, 9279417.349120112, 9350790.67749819, 9422051.041667687, 9493191.47643381, 9564205.031866897, 9635084.773302425, 9705823.781340996, 9776415.151848352, 9846851.995955372, 9917127.440058062, 9987234.625817563, 10057166.711961681, 10126918.158274934, 10196483.275539774, 10265855.325665133, 10335027.63240207, 10403993.58134378, 10472746.619925577, 10541280.257424917, 10609588.064961378, 10677663.675496668, 10745500.783834629, 10813093.146621227, 10880434.582344566, 10947518.971334869, 11014340.255764496, 11080892.439647933, 11147169.588841803, 11213165.831044847, 11278875.355797945, 11344292.414484102, 11409411.320328455, 11474226.448398268, 11538732.23560294, 11602923.180693993, 11666793.844265083, 11730338.848751996, 11793552.878432645, 11856430.679427074, 11918967.059697453, 11981156.889048092, 12042995.09912542, 12104476.683418, 12165596.697256526, 12226350.257813819, 12286732.54410483, 12346738.79698664, 12406364.319158461, 12465604.475161634, 12524454.691379631, 12582910.456038047, 12640967.31920462, 12698620.8927892, 12755866.850543782, 12812700.928062486, 12869118.922781555, 12925116.693979373, 12980690.162776444, 13035835.312135408, 13090548.18686103, 13144824.89360021, 13198661.600841973, 13252054.538917474, 13305000.0, 13357494.338104967, 13409533.969089923, 13461115.370654536, 13512235.082340619, 13562889.705532102, 13613075.903455047, 13662790.401177652, 13712029.98561024, 13760791.505505262, 13809071.871457301, 13856868.055903073, 13904177.093121417, 13950996.079233304, 13997322.172201838, 14043152.591832248, 14088484.619771902, 14133315.599510277, 14177642.936379008, 14221464.097551834, 14264776.612044642, 14307578.070715437, 14349866.12626436, 14391638.49323368, 14432892.948007792, 14473627.328813227, 14513839.535718644, 14553527.530634828, 14592689.337314699, 14631323.041353298, 14669426.79018781, 14706998.793097531, 14744037.321203908], "RateAgeing": [0.0, 0.0, 0.0, 0.0, 0.0, 0.0, 0.0, 0.0, 0.0, 0.0, 0.0, 0.0, 0.0, 0.0, 0.0, 0.0, 0.0, 0.0, 0.0, 0.0, 0.0, 0.0, 0.0, 0.0, 0.0, 0.0, 0.0, 0.0, 0.0, 0.0, 0.0, 0.0, 0.0, 0.0, 0.0, 0.0, 0.0, 0.0, 0.0, 0.0, 0.0, 0.0, 0.0, 0.0, 0.0, 0.0, 0.0, 0.0, 0.0, 0.0, 0.0, 0.0, 0.0, 0.0, 0.0, 0.0, 0.0, 0.0, 0.0, 0.0, 0.0, 0.0, 0.0, 0.0, 0.0, 0.0, 0.0, 0.0, 0.0, 0.0, 0.0, 0.0, 0.0, 0.0, 0.0, 0.0, 0.0, 0.0, 0.0, 0.0, 0.0, 0.0, 0.0, 0.0, 0.0, 0.0, 0.0, 0.0, 0.0, 0.0, 0.0, 0.0, 0.0, 0.0, 0.0, 0.0, 0.0, 0.0, 0.0, 0.0, 0.0, 0.0, 0.0, 0.0, 0.0, 0.0, 0.0, 0.0, 0.0, 0.0, 0.0, 0.0, 0.0, 0.0, 0.0, 0.0, 0.0, 0.0, 0.0, 0.0, 0.0, 0.0, 0.0, 0.0, 0.0, 0.0, 0.0, 0.0, 0.0, 0.0, 0.0, 0.0, 0.0], "RateDeath": [0.010202445146170941, 0.010134091957427852, 0.010066196713652305, 0.009998756346756376, 0.009931767809207364, 0.009865228073890082, 0.009799134133970069, 0.009733483002757714, 0.009668271713573292, 0.009603497319612901, 0.009539156893815301, 0.009475247528729656, 0.009411766336384129, 0.009348710448155396, 0.00928607701463901, 0.009223863205520643, 0.009162066209448184, 0.009100683233904705, 0.009039711505082261, 0.008979148267756563, 0.008918990785162452, 0.00885923633887024, 0.008799882228662874, 0.008740925772413902, 0.008682364305966285, 0.008624195183011996, 0.008566415774972453, 0.008509023470879718, 0.008452015677258527, 0.008395389818009087, 0.008339143334290665, 0.008283273684405961, 0.008227778343686256, 0.008172654804377311, 0.008117900575526065, 0.008063513182868059, 0.008009490168715628, 0.00795582909184685, 0.007902527527395228, 0.007849583066740103, 0.007796993317397826, 0.0077447559029136396, 0.007692868462754288, 0.007641328652201348, 0.007590134142245277, 0.007539282619480171, 0.007488771785999214, 0.007438599359290853, 0.007388763072135643, 0.0073392606725038055, 0.007290089923453448, 0.0072412486030294975, 0.007192734504163279, 0.007144545434572786, 0.007096679216663618, 0.007049133687430577, 0.007001906698359916, 0.006954996115332266, 0.0069083998185261826, 0.0068621157023223646, 0.0068161416752085015, 0.006770475659684758, 0.006725115592169902, 0.006680059422908044, 0.006635305115876022, 0.00659085064869139, 0.00654669401252103, 0.006502833211990379, 0.006459266265093258, 0.0064159912031023095, 0.006373006070480033, 0.006330308924790416, 0.006287897836611161, 0.006245770889446493, 0.006203926179640564, 0.006162361816291419, 0.006121075921165555, 0.00608006662861305, 0.006039332085483246, 0.0059988704510410195, 0.005958679896883592, 0.005918758606857917, 0.0058791047769785965, 0.005839716615346378, 0.005800592342067168, 0.00576173018917161, 0.005723128400535185, 0.005684785231798861, 0.005646698950290264, 0.005608867834945384, 0.0055712901762308, 0.005533964276066431, 0.005496888447748799, 0.005460061015874813, 0.005423480316266058, 0.005387144695893592, 0.0053510525128032515, 0.005315202136041451, 0.005279591945581484, 0.005244220332250313, 0.0052090856976558615, 0.0051741864541147735, 0.00513952102458068, 0.005105087842572923, 0.005070885352105783, 0.005036912007618148, 0.005003166273903688, 0.004969646626041474, 0.0049363515493270685, 0.00490327953920408, 0.004870429101196174, 0.004837798750839539, 0.004805387013615808, 0.004773192424885424, 0.004741213529821456, 0.00470944888334386, 0.004677897050054175, 0.00464655660417066, 0.004615426129463866, 0.004584504219192636, 0.004553789476040543, 0.0045232805120527355, 0.004492975948573233, 0.004462874416182612, 0.004432974554636135, 0.004403275012802276, 0.004373774448601666, 0.004344471528946452, 0.004315364929680048, 0.004286453335517307, 0.004257735439985074, 0.004229209945363162, 0.004200875562625701],