{"Year": [1970.0, 1970.5, 1971.0, 1971.5, 1972.0, 1972.5, 1973.0, 1973.5, 1974.0, 1974.5, 1975.0, 1975.5, 1976.0, 1976.5, 1977.0, 1977.5, 1978.0, 1978.5, 1979.0, 1979.5, 1980.0, 1980.5, 1981.0, 1981.5, 1982.0, 1982.5, 1983.0, 1983.5, 1984.0, 1984.5, 1985.0, 1985.5, 1986.0, 1986.5, 1987.0, 1987.5, 1988.0, 1988.5, 1989.0, 1989.5, 1990.0, 1990.5, 1991.0, 1991.5, 1992.0, 1992.5, 1993.0, 1993.5, 1994.0, 1994.5, 1995.0, 1995.5, 1996.0, 1996.5, 1997.0, 1997.5, 1998.0, 1998.5, 1999.0, 1999.5, 2000.0, 2000.5, 2001.0, 2001.5, 2002.0, 2002.5, 2003.0, 2003.5, 2004.0, 2004.5, 2005.0, 2005.5, 2006.0, 2006.5, 2007.0, 2007.5, 2008.0, 2008.5, 2009.0, 2009.5, 2010.0, 2010.5, 2011.0, 2011.5, 2012.0, 2012.5, 2013.0, 2013.5, 2014.0, 2014.5, 2015.0, 2015.5, 2016.0, 2016.5, 2017.0, 2017.5, 2018.0, 2018.5, 2019.0, 2019.5, 2020.0, 2020.5, 2021.0, 2021.5, 2022.0, 2022.5, 2023.0, 2023.5, 2024.0, 2024.5, 2025.0, 2025.5, 2026.0, 2026.5, 2027.0, 2027.5, 2028.0, 2028.5, 2029.0, 2029.5, 2030.0, 2030.5, 2031.0, 2031.5, 2032.0, 2032.5, 2033.0, 2033.5, 2034.0, 2034.5, 2035.0, 2035.5, 2036.0], "N": [42234924.52233474, 42652111.65586615, 43069408.44542695, 43486765.2676862, 43904132.4171716, 44321460.07998307, 44738697.37341943, 45155794.12026728, 45572700.67546942, 45989367.29633063, 46405744.14251768, 46821781.276059344, 47237428.66134637, 47652636.16513152, 48067353.55652953, 48481530.50701714, 48895116.59043309, 49308061.28297808, 49720313.96321484, 50131823.91206806, 50542540.31282446, 50952412.25113271, 51361388.7150035, 51769418.5948095, 52176450.683285385, 52582433.67552782, 52987316.16899545, 53391046.66350891, 53793573.56125084, 54194845.16676589, 54594809.68696066, 54993415.23110378, 55390609.81082584, 55786341.34011944, 56180557.63533919, 56573206.41520166, 56964235.300785415, 57353591.815531045, 57741223.385241106, 58127077.33808013, 58511100.90457468, 58893241.2176133, 59273445.312446505, 59651660.12668682, 60027832.50030877, 60401909.17564885, 60773836.79740557, 61143561.91263942, 61511030.97077287, 61876188.827133685, 62238962.14145519, 62599293.2711003, 62957130.78611635, 63312422.68106595, 63665116.375026986, 64015158.711592644, 64362495.958871394, 64707073.80948696, 65048837.380578384, 65387731.213799976, 65723699.27532132, 66056684.955827296, 66386631.07051806, 66713479.85910907, 67037172.98583103, 67357651.53942996, 67674856.03316715, 67988726.40481919, 68299202.01667792, 68606221.65555048, 68909723.53275931, 69209645.2841421, 69505923.97005187, 69798496.07535687, 70087297.50944066, 70372263.60620208, 70653329.12405527, 70930428.24592961, 71203494.57926981, 71472461.15603584, 71737260.43270296, 71997824.29026169, 72254084.03421786, 72505970.3945926, 72753413.52592227, 72996343.00725856, 73234687.84216842, 73468376.45873408, 73697336.70955308, 73921495.8717382, 74140780.64691755, 74355117.1612345, 74564430.96534768, 74768647.03443106, 74967689.76817383, 75161482.9907805, 75349949.95097089, 75533013.32198003, 75710595.20155828, 75882617.1119713, 76049000.0, 76209664.23694056, 76364529.61860448, 76513515.36531855, 76656540.1219248, 76793521.95778055, 76924378.36675845, 77049026.2672464, 77167382.00214756, 77279361.3388804, 77384879.4693787, 77483851.01009147, 77576190.00198303, 77661809.91053298, 77740623.62573624, 77812543.4621029, 77877481.15865847, 77935347.87894368, 77986054.21101454, 78029510.16744232, 78065625.18531363, 78094308.12623033, 78115467.27630958, 78129010.34618379, 78134844.4710007, 78132876.21042329, 78123011.54862985, 78105155.89431395, 78079214.08068441, 78045090.36546539, 78002688.4308963, 77951911.38373183, 77892661.75524195], "RateAgeing": [0.0, 0.0, 0.0, 0.0, 0.0, 0.0, 0.0, 0.0, 0.0, 0.0, 0.0, 0.0, 0.0, 0.0, 0.0, 0.0, 0.0, 0.0, 0.0, 0.0, 0.0, 0.0, 0.0, 0.0, 0.0, 0.0, 0.0, 0.0, 0.0, 0.0, 0.0, 0.0, 0.0, 0.0, 0.0, 0.0, 0.0, 0.0, 0.0, 0.0, 0.0, 0.0, 0.0, 0.0, 0.0, 0.0, 0.0, 0.0, 0.0, 0.0, 0.0, 0.0, 0.0, 0.0, 0.0, 0.0, 0.0, 0.0, 0.0, 0.0, 0.0, 0.0, 0.0, 0.0, 0.0, 0.0, 0.0, 0.0, 0.0, 0.0, 0.0, 0.0, 0.0, 0.0, 0.0, 0.0, 0.0, 0.0, 0.0, 0.0, 0.0, 0.0, 0.0, 0.0, 0.0, 0.0, 0.0, 0.0, 0.0, 0.0, 0.0, 0.0, 0.0, 0.0, 0.0, 0.0, 0.0, 0.0, 0.0, 0.0, 0.0, 0.0, 0.0, 0.0, 0.0, 0.0, 0.0, 0.0, 0.0, 0.0, 0.0, 0.0, 0.0, 0.0, 0.0, 0.0, 0.0, 0.0, 0.0, 0.0, 0.0, 0.0, 0.0, 0.0, 0.0, 0.0, 0.0, 0.0, 0.0, 0.0, 0.0, 0.0, 0.0], "RateDeath": [0.013308909809250945, 0.013221622695276195, 0.013134908057963713, 0.013048762142698258, 0.0129631812194894, 0.012878161582810039, 0.012793699551435942, 0.012709791468286361, 0.012626433700265685, 0.012543622638106138, 0.012461354696211485, 0.012379626312501805, 0.01229843394825924, 0.012217774087974781, 0.012137643239196054, 0.012058037932376097, 0.011978954720723136, 0.011900390180051342, 0.011822340908632574, 0.011744803527049083, 0.011667774678047194, 0.011591251026391932, 0.011515229258722627, 0.011439706083409436, 0.011364678230410829, 0.011290142451131996, 0.01121609551828419, 0.011142534225744988, 0.011069455388419476, 0.010996855842102334, 0.010924732443340832, 0.010853082069298721, 0.010781901617621025, 0.01071118800629971, 0.010640938173540232, 0.010571149077628976, 0.010501817696801549, 0.01043294102911194, 0.010364516092302545, 0.010296539923675034, 0.010229009579962083, 0.010161922137199917, 0.01009527469060172, 0.01002906435443185, 0.009963288261880912, 0.009897943564941603, 0.00983302743428542, 0.009768537059140138, 0.009704469647168118, 0.0096408224243454, 0.009577592634841588, 0.009514777540900531, 0.009452374422721782, 0.009390380578342837, 0.009328793323522135, 0.009267609991622842, 0.009206827933497388, 0.009146444517372765, 0.009086457128736566, 0.009026863170223796, 0.008967660061504392, 0.008908845239171518, 0.008850416156630554, 0.008792370283988845, 0.008734705107946156, 0.008677418131685849, 0.008620506874766776, 0.008563968873015887, 0.008507801678421516, 0.0084520028590274, 0.008396569998827383, 0.008341500697660794, 0.008286792571108531, 0.008232443250389814, 0.008178450382259627, 0.008124811628906823, 0.008071524667852896, 0.008018587191851431, 0.007965996908788195, 0.00791375154158189, 0.00786184882808557, 0.007810286520988683, 0.007759062387719773, 0.007708174210349803, 0.007657619785496134, 0.007607396924227116, 0.007557503451967305, 0.007507937208403322, 0.007458696047390295, 0.007409777836858955, 0.0073611804587233, 0.007312901808788903, 0.007264939796661794, 0.007217292345657945, 0.007169957392713366, 0.007122932888294767, 0.007076216796310815, 0.007029807094023984, 0.006983701771962965, 0.006937898833835661, 0.006892396296442752, 0.006847192189591823, 0.006802284556012063, 0.00675767145126951, 0.006713350943682866, 0.006669321114239854, 0.0066255800565141335, 0.006582125876582748, 0.006538956692944124, 0.006496070636436608, 0.00645346585015753, 0.006411140489382803, 0.00636909272148705, 0.006327320725864256, 0.006285822693848935, 0.0062445968286378205, 0.006203641345212064, 0.006162954470259947, 0.006122534442100101, 0.006082379510605227, 0.00604248793712632, 0.006002857994417386, 0.005963487966560653, 0.005924376148892282, 0.005885520847928546, 0.005846920381292518, 0.005808573077641213, 0.005770477276593234, 0.005732631328656868, 0.005695033595158675, 0.005657682448172534, 0.005620576270449147, 0.005583713455346031],