{"Year": [1970.0, 1970.5, 1971.0, 1971.5, 1972.0, 1972.5, 1973.0, 1973.5, 1974.0, 1974.5, 1975.0, 1975.5, 1976.0, 1976.5, 1977.0, 1977.5, 1978.0, 1978.5, 1979.0, 1979.5, 1980.0, 1980.5, 1981.0, 1981.5, 1982.0, 1982.5, 1983.0, 1983.5, 1984.0, 1984.5, 1985.0, 1985.5, 1986.0, 1986.5, 1987.0, 1987.5, 1988.0, 1988.5, 1989.0, 1989.5, 1990.0, 1990.5, 1991.0, 1991.5, 1992.0, 1992.5, 1993.0, 1993.5, 1994.0, 1994.5, 1995.0, 1995.5, 1996.0, 1996.5, 1997.0, 1997.5, 1998.0, 1998.5, 1999.0, 1999.5, 2000.0, 2000.5, 2001.0, 2001.5, 2002.0, 2002.5, 2003.0, 2003.5, 2004.0, 2004.5, 2005.0, 2005.5, 2006.0, 2006.5, 2007.0, 2007.5, 2008.0, 2008.5, 2009.0, 2009.5, 2010.0, 2010.5, 2011.0, 2011.5, 2012.0, 2012.5, 2013.0, 2013.5, 2014.0, 2014.5, 2015.0, 2015.5, 2016.0, 2016.5, 2017.0, 2017.5, 2018.0, 2018.5, 2019.0, 2019.5, 2020.0, 2020.5, 2021.0, 2021.5, 2022.0, 2022.5, 2023.0, 2023.5, 2024.0, 2024.5, 2025.0, 2025.5, 2026.0, 2026.5, 2027.0, 2027.5, 2028.0, 2028.5, 2029.0, 2029.5, 2030.0, 2030.5, 2031.0, 2031.5, 2032.0, 2032.5, 2033.0, 2033.5, 2034.0, 2034.5, 2035.0, 2035.5, 2036.0], "N": [286877.58218506887, 290786.8454376494, 294709.4570385811, 298644.90138884814, 302592.6623498721, 306552.2317576922, 310523.14049248677, 314504.8613884546, 318496.85911237384, 322498.60164022876, 326509.5602572092, 330529.20955771103, 334557.027445336, 338592.4951328918, 342635.097142392, 346684.321305056, 350739.65876130905, 354800.60396078235, 358866.654662313, 362937.311933944, 367012.0801529242, 371090.4670057083, 375171.9834879569, 379256.1439045366, 383342.4658695198, 387430.4703061848, 391519.6814470156, 395609.6268337025, 399699.83731714136, 403789.84705743386, 407879.193523888, 411967.4174950172, 416054.063058541, 420138.67761138483, 424220.81185967993, 428300.0198187634, 432375.85881317843, 436447.88947667374, 440515.67575220444, 444578.784891931, 448636.78745722, 452689.25731864414, 456735.7716559816, 460775.91095821676, 464809.25902353955, 468835.40295934625, 472853.9266112932, 476864.35493134893, 480866.29930218187, 484859.40302028967, 488843.3143502148, 492817.6865245442, 496782.1777439099, 500736.4511769883, 504680.1749605008, 508613.02219921356, 512534.6709659372, 516444.8043015273, 520343.1102148842, 524229.28168295283, 528103.0166507231, 531964.0180312291, 535811.9937055504, 539646.6565228109, 543467.7243001792, 547274.9198228687, 551067.9708441376, 554846.6100852889, 558610.5752356702, 562359.6089526739, 566093.4588617368, 569811.8775563412, 573514.6225980135, 577201.456516325, 580872.1468088917, 584526.4659413744, 588164.1913474789, 591785.1054289552, 595388.9955555984, 598975.6540652483, 602544.8782637893, 606096.4704251507, 609630.2377913063, 613145.992572275, 616643.55194612, 620122.7380589497, 623583.378024917, 627025.3039262193, 630448.3528130993, 633852.3667038438, 637237.1925847849, 640602.6824102991, 643948.6931028077, 647275.086552777, 650581.7296187176, 653868.4941271849, 657135.2568727793, 660381.899618146, 663608.3090939745, 666814.3769989995, 670000.0, 673165.0797318001, 676309.5227972686, 679433.2407673186, 682536.1501809087, 685618.1725450417, 688679.234334765, 691719.2669931713, 694738.2069313976, 697735.9955286256, 700712.5791320819, 703667.9090570384, 706601.9415868105, 709514.6379727593, 712405.9644342903, 715275.8921588539, 718124.397301945, 720951.4609871033, 723757.0693059134, 726541.2133180045, 729303.8890510508, 732045.0975007706, 734764.8446309274, 737463.1413733298, 740140.0036278303, 742795.4522623267, 745429.5131127613, 748042.2169831215, 750633.599645439, 753203.7018397902, 755752.5692742966, 758280.2526251248, 760786.8075364847], "RateAgeing": [0.0, 0.0, 0.0, 0.0, 0.0, 0.0, 0.0, 0.0, 0.0, 0.0, 0.0, 0.0, 0.0, 0.0, 0.0, 0.0, 0.0, 0.0, 0.0, 0.0, 0.0, 0.0, 0.0, 0.0, 0.0, 0.0, 0.0, 0.0, 0.0, 0.0, 0.0, 0.0, 0.0, 0.0, 0.0, 0.0, 0.0, 0.0, 0.0, 0.0, 0.0, 0.0, 0.0, 0.0, 0.0, 0.0, 0.0, 0.0, 0.0, 0.0, 0.0, 0.0, 0.0, 0.0, 0.0, 0.0, 0.0, 0.0, 0.0, 0.0, 0.0, 0.0, 0.0, 0.0, 0.0, 0.0, 0.0, 0.0, 0.0, 0.0, 0.0, 0.0, 0.0, 0.0, 0.0, 0.0, 0.0, 0.0, 0.0, 0.0, 0.0, 0.0, 0.0, 0.0, 0.0, 0.0, 0.0, 0.0, 0.0, 0.0, 0.0, 0.0, 0.0, 0.0, 0.0, 0.0, 0.0, 0.0, 0.0, 0.0, 0.0, 0.0, 0.0, 0.0, 0.0, 0.0, 0.0, 0.0, 0.0, 0.0, 0.0, 0.0, 0.0, 0.0, 0.0, 0.0, 0.0, 0.0, 0.0, 0.0, 0.0, 0.0, 0.0, 0.0, 0.0, 0.0, 0.0, 0.0, 0.0, 0.0, 0.0, 0.0, 0.0], "RateDeath": [0.009001945403030332, 0.008947842755277487, 0.008894065270182583, 0.008840610993483515, 0.008787477982663506, 0.008734664306880505, 0.008682168046897035, 0.008629987295010433, 0.008578120154983536, 0.008526564741975764, 0.008475319182474633, 0.008424381614227663, 0.008373750186174716, 0.008323423058380717, 0.008273398401968796, 0.008223674399053828, 0.008174249242676374, 0.008125121136737008, 0.008076288295931053, 0.008027748945683708, 0.007979501322085551, 0.00793154367182844, 0.007883874252141803, 0.007836491330729311, 0.007789393185705909, 0.007742578105535264, 0.007696044388967549, 0.007649790344977636, 0.007603814292703636, 0.007558114561385814, 0.007512689490305885, 0.007467537428726654, 0.00742265673583203, 0.0073780457806674055, 0.007333702942080378, 0.007289626608661849, 0.007245815178687454, 0.007202267060059367, 0.0071589806702484346, 0.007115954436236675, 0.007073186794460111, 0.007030676190751948, 0.006988421080286103, 0.006946419927521058, 0.0069046712061440665, 0.006863173399015681, 0.006821924998114623, 0.006780924504482984, 0.006740170428171749, 0.006699661288186658, 0.00665939561243438, 0.0066193719376690255, 0.006579588809438965, 0.006540044782033978, 0.006500738418432717, 0.006461668290250486, 0.006422832977687331, 0.006384231069476448, 0.006345861162832894, 0.006307721863402615, 0.0062698117852117725, 0.006232129550616375, 0.006194673790252223, 0.006157443142985137, 0.006120436255861501, 0.00608365178405909, 0.006047088390838209, 0.006010744747493105, 0.0059746195333036925, 0.00593871143548755, 0.00590301914915222, 0.005867541377247786, 0.005832276830519743, 0.005797224227462134, 0.005762382294271, 0.005727749764798068, 0.00569332538050476, 0.005659107890416441, 0.005625096051076972, 0.005591288626503515, 0.00555768438814162, 0.005524282114820579, 0.005491080592709053, 0.005458078615270953, 0.005425274983221604, 0.005392668504484159, 0.005360257994146278, 0.005328042274417069, 0.005296020174584293, 0.005264190530971809, 0.0052325521868973, 0.005201103992630228, 0.005169844805350059, 0.0051387734891047325, 0.005107888914769379, 0.005077189960005292, 0.005046675509219134, 0.00501634445352241, 0.004986195690691157, 0.004956228125125896, 0.004926440667811819, 0.00489683223627921, 0.004867401754564114, 0.0048381481531692295, 0.004809070369025052, 0.004780167345451235, 0.004751438032118194, 0.004722881385008935, 0.004694496366381118, 0.004666281944729348, 0.004638237094747681, 0.004610360797292374, 0.004582652039344846, 0.004555109813974866, 0.004527733120303957, 0.004500520963469033, 0.004473472354586237, 0.00444658631071501, 0.004419861854822371, 0.00439329801574741, 0.004366893828165998, 0.004340648332555704, 0.004314560575160934, 0.00428862960795826, 0.00426285448862198, 0.004237234280489869, 0.0042117680525291384, 0.00418645487930261, 0.004161293840935078, 0.004136284023079883, 0.004111424516885692, 0.004086714418963459, 0.004062152831353606],