{"Year": [1970.0, 1970.5, 1971.0, 1971.5, 1972.0, 1972.5, 1973.0, 1973.5, 1974.0, 1974.5, 1975.0, 1975.5, 1976.0, 1976.5, 1977.0, 1977.5, 1978.0, 1978.5, 1979.0, 1979.5, 1980.0, 1980.5, 1981.0, 1981.5, 1982.0, 1982.5, 1983.0, 1983.5, 1984.0, 1984.5, 1985.0, 1985.5, 1986.0, 1986.5, 1987.0, 1987.5, 1988.0, 1988.5, 1989.0, 1989.5, 1990.0, 1990.5, 1991.0, 1991.5, 1992.0, 1992.5, 1993.0, 1993.5, 1994.0, 1994.5, 1995.0, 1995.5, 1996.0, 1996.5, 1997.0, 1997.5, 1998.0, 1998.5, 1999.0, 1999.5, 2000.0, 2000.5, 2001.0, 2001.5, 2002.0, 2002.5, 2003.0, 2003.5, 2004.0, 2004.5, 2005.0, 2005.5, 2006.0, 2006.5, 2007.0, 2007.5, 2008.0, 2008.5, 2009.0, 2009.5, 2010.0, 2010.5, 2011.0, 2011.5, 2012.0, 2012.5, 2013.0, 2013.5, 2014.0, 2014.5, 2015.0, 2015.5, 2016.0, 2016.5, 2017.0, 2017.5, 2018.0, 2018.5, 2019.0, 2019.5, 2020.0, 2020.5, 2021.0, 2021.5, 2022.0, 2022.5, 2023.0, 2023.5, 2024.0, 2024.5, 2025.0, 2025.5, 2026.0, 2026.5, 2027.0, 2027.5, 2028.0, 2028.5, 2029.0, 2029.5, 2030.0, 2030.5, 2031.0, 2031.5, 2032.0, 2032.5, 2033.0, 2033.5, 2034.0, 2034.5, 2035.0, 2035.5, 2036.0], "N": [1592518.225154381, 1607148.1733136908, 1621863.3734948507, 1636663.0157929442, 1651546.2667871013, 1666512.2699840409, 1681560.1917476922, 1696689.1496247516, 1711898.202270008, 1727186.3851372495, 1742552.710479267, 1757996.1673478512, 1773515.7215937932, 1789110.3158668857, 1804778.869615921, 1820520.2790886932, 1836333.4173319968, 1852217.1341916265, 1868170.2563123778, 1884191.5871380477, 1900279.9069114334, 1916433.9726743326, 1932652.5182675438, 1948934.2543308672, 1965277.8683031017, 1981682.0244220493, 1998145.363724511, 2014666.5040462888, 2031244.040022186, 2047876.5430860063, 2064562.5614705537, 2081300.620207634, 2098089.221128053, 2114926.842861617, 2131811.9408371327, 2148742.9472824093, 2165718.271224255, 2182736.2984884786, 2199795.3916998915, 2216893.890282304, 2234030.110458527, 2251202.345250374, 2268408.864478658, 2285647.9147631917, 2302917.7195227905, 2320216.478975269, 2337542.3701374438, 2354893.5468251314, 2372268.1396531486, 2389664.256035314, 2407080.396965893, 2424516.309573024, 2441969.9699684465, 2459439.1335094105, 2476921.5528520364, 2494414.977951315, 2511917.1560611087, 2529425.8317341493, 2546938.74682204, 2564453.6404752554, 2581968.2491431404, 2599480.3065739097, 2616987.54381465, 2634487.689211318, 2651978.4684087406, 2669457.604350617, 2686922.8172795163, 2704371.824736877, 2721802.341563011, 2739212.079897099, 2756598.7491771923, 2773960.0561402147, 2791293.7048219587, 2808597.396557088, 2825868.8299791384, 2843105.7010205146, 2860305.7029124936, 2877466.5261852215, 2894585.858667717, 2911661.385487867, 2928690.7890724316, 2945671.7491470403, 2962601.9427361945, 2979479.0441632643, 2996300.725050492, 3013064.6543189907, 3029768.498188744, 3046409.920178605, 3062986.581106299, 3079496.139088422, 3095936.2495404403, 3112304.56517669, 3128598.73601038, 3144816.4093535882, 3160955.2298172642, 3177012.839311227, 3192986.8770441683, 3208874.979523649, 3224674.7805561, 3240383.9112468264, 3256000.0, 3271520.6725186654, 3286943.5518047377, 3302266.2581590028, 3317486.409181116, 3332601.619769606, 3347609.502121869, 3362507.665734175, 3377293.7174016624, 3391965.261218341, 3406519.898577092, 3420955.2281696675, 3435268.845986688, 3449458.345317648, 3463521.3167509097, 3477455.348173708, 3491258.024772148, 3504926.9290312054, 3518459.6407347266, 3531853.736965428, 3545106.7921048994, 3558216.3778335983, 3571180.063130853, 3583995.4142748658, 3596659.9948427053, 3609171.365710315, 3621527.0850525056, 3633724.70834296, 3645761.7883542334, 3657635.875157749, 3669344.5161238015, 3680885.255921558, 3692255.636519054], "RateAgeing": [0.0, 0.0, 0.0, 0.0, 0.0, 0.0, 0.0, 0.0, 0.0, 0.0, 0.0, 0.0, 0.0, 0.0, 0.0, 0.0, 0.0, 0.0, 0.0, 0.0, 0.0, 0.0, 0.0, 0.0, 0.0, 0.0, 0.0, 0.0, 0.0, 0.0, 0.0, 0.0, 0.0, 0.0, 0.0, 0.0, 0.0, 0.0, 0.0, 0.0, 0.0, 0.0, 0.0, 0.0, 0.0, 0.0, 0.0, 0.0, 0.0, 0.0, 0.0, 0.0, 0.0, 0.0, 0.0, 0.0, 0.0, 0.0, 0.0, 0.0, 0.0, 0.0, 0.0, 0.0, 0.0, 0.0, 0.0, 0.0, 0.0, 0.0, 0.0, 0.0, 0.0, 0.0, 0.0, 0.0, 0.0, 0.0, 0.0, 0.0, 0.0, 0.0, 0.0, 0.0, 0.0, 0.0, 0.0, 0.0, 0.0, 0.0, 0.0, 0.0, 0.0, 0.0, 0.0, 0.0, 0.0, 0.0, 0.0, 0.0, 0.0, 0.0, 0.0, 0.0, 0.0, 0.0, 0.0, 0.0, 0.0, 0.0, 0.0, 0.0, 0.0, 0.0, 0.0, 0.0, 0.0, 0.0, 0.0, 0.0, 0.0, 0.0, 0.0, 0.0, 0.0, 0.0, 0.0, 0.0, 0.0, 0.0, 0.0, 0.0, 0.0], "RateDeath": [0.019706194861753807, 0.019502718457979542, 0.019301343050728625, 0.01910204694615199, 0.018904808674400517, 0.018709606987312097, 0.018516420856122623, 0.018325229469200587, 0.018136012229805074, 0.01794874875386691, 0.01776341886779272, 0.01758000260629166, 0.017398480210224575, 0.017218832124475406, 0.017041038995844523, 0.016865081670963854, 0.016690941194233505, 0.016518598805779723, 0.016348035939433906, 0.016179234220732523, 0.016012175464937637, 0.015846841675077914, 0.01568321504000982, 0.015521277932498863, 0.015361012907320653, 0.01520240269938153, 0.015045430221858643, 0.014890078564359203, 0.014736330991098761, 0.014584170939098284, 0.014433582016399854, 0.01428454800030079, 0.014137052835605997, 0.013991080632898374, 0.013846615666827062, 0.013703642374413391, 0.013562145353374288, 0.013422109360463029, 0.013283519309827104, 0.013146360271383035, 0.013010617469207992, 0.012876276279948006, 0.01274332223124261, 0.01261174100016576, 0.012481518411682851, 0.012352640437123665, 0.012225093192671076, 0.012098862937865378, 0.011973936074124041, 0.01185029914327676, 0.011727938826115633, 0.011606841940960294, 0.011486995442237876, 0.011368386419077637, 0.011251002093920092, 0.011134829821140495, 0.01101985708568656, 0.010906071501730232, 0.010793460811333378, 0.010682012883127258, 0.010571715711005637, 0.01046255741283138, 0.010354526229156419, 0.010247610521954918, 0.010141798773369523, 0.010037079584470575, 0.009933441674028114, 0.009830873877296566, 0.009729365144811992, 0.009628904541201742, 0.009529481244006403, 0.00943108454251392, 0.009333703836605738, 0.009237328635614878, 0.009141948557195788, 0.009047553326205875, 0.00895413277359857, 0.008861676835327851, 0.008770175551264036, 0.008679619064120818, 0.008589997618393337, 0.008501301559307244, 0.008413521331778608, 0.008326647479384561, 0.008240670643344565, 0.00815558156151222, 0.008071371067377459, 0.007988030089079053, 0.007905549648427317, 0.00782392085993691, 0.0077431349298696, 0.007663183155286949, 0.007584056923112741, 0.0075057477092051236, 0.007428247077438305, 0.007351546678793748, 0.007275638250460748, 0.007200513614946286, 0.007126164679194084, 0.007052583433712756, 0.006979761951712953, 0.006907692388253426, 0.006836366979395901, 0.006765778041368684, 0.006695917969738901, 0.006626779238593284, 0.006558354399727416, 0.0064906360818433465, 0.006423616989755499, 0.006357289903604764, 0.006291647678080724, 0.006226683241651893, 0.006162389595803917, 0.006098759814285634, 0.006035787042362918, 0.005973464496080231, 0.005911785461529799, 0.005850743294128335, 0.005790331417901223, 0.005730543324774105, 0.005671372573871773, 0.005612812790824306, 0.005554857667080367, 0.005497500959227596, 0.005440736488320013, 0.005384558139212373, 0.0053289598599013934, 0.005273935660873777, 0.005219479614460973, 0.005165585854200598, 0.005112248574204454, 0.005059462028533066, 0.005007220530576686],