{"Year": [1970.0, 1970.5, 1971.0, 1971.5, 1972.0, 1972.5, 1973.0, 1973.5, 1974.0, 1974.5, 1975.0, 1975.5, 1976.0, 1976.5, 1977.0, 1977.5, 1978.0, 1978.5, 1979.0, 1979.5, 1980.0, 1980.5, 1981.0, 1981.5, 1982.0, 1982.5, 1983.0, 1983.5, 1984.0, 1984.5, 1985.0, 1985.5, 1986.0, 1986.5, 1987.0, 1987.5, 1988.0, 1988.5, 1989.0, 1989.5, 1990.0, 1990.5, 1991.0, 1991.5, 1992.0, 1992.5, 1993.0, 1993.5, 1994.0, 1994.5, 1995.0, 1995.5, 1996.0, 1996.5, 1997.0, 1997.5, 1998.0, 1998.5, 1999.0, 1999.5, 2000.0, 2000.5, 2001.0, 2001.5, 2002.0, 2002.5, 2003.0, 2003.5, 2004.0, 2004.5, 2005.0, 2005.5, 2006.0, 2006.5, 2007.0, 2007.5, 2008.0, 2008.5, 2009.0, 2009.5, 2010.0, 2010.5, 2011.0, 2011.5, 2012.0, 2012.5, 2013.0, 2013.5, 2014.0, 2014.5, 2015.0, 2015.5, 2016.0, 2016.5, 2017.0, 2017.5, 2018.0, 2018.5, 2019.0, 2019.5, 2020.0, 2020.5, 2021.0, 2021.5, 2022.0, 2022.5, 2023.0, 2023.5, 2024.0, 2024.5, 2025.0, 2025.5, 2026.0, 2026.5, 2027.0, 2027.5, 2028.0, 2028.5, 2029.0, 2029.5, 2030.0, 2030.5, 2031.0, 2031.5, 2032.0, 2032.5, 2033.0, 2033.5, 2034.0, 2034.5, 2035.0, 2035.5, 2036.0], "N": [1948023.6546112117, 1968361.5257818282, 1988762.5787992952, 2009225.2470762052, 2029747.955390741, 2050329.1258378888, 2070967.3045272343, 2091660.90716393, 2112408.2749407897, 2133207.74870818, 2154057.6689740177, 2174956.375903771, 2195902.2093204595, 2216893.5087046544, 2237928.613194479, 2259005.8615856073, 2280123.592331265, 2301280.143542229, 2322473.8529868284, 2343703.0580909424, 2364966.0959380027, 2386261.303268992, 2407587.016482445, 2428941.571634447, 2450323.3044386352, 2471730.5502661983, 2493161.644145876, 2514614.920763961, 2536088.714464295, 2557581.3592482726, 2579091.18877484, 2600616.536360494, 2622155.7349792835, 2643707.1172628086, 2665269.0155002205, 2686839.7616382227, 2708417.6872810703, 2730001.1236905674, 2751588.401786073, 2773177.8521444956, 2794767.805000294, 2816356.5902454816, 2837942.537429621, 2859523.975759826, 2881099.234100763, 2902666.6409746506, 2924224.524561256, 2945771.2126979, 2967305.032879454, 2988824.596024222, 3010328.7137646787, 3031815.7058180477, 3053283.895321512, 3074731.6183026857, 3096157.2236796105, 3117559.07326076, 3138935.5417450354, 3160285.0167217706, 3181605.8986707255, 3202896.600962094, 3224155.549856497, 3245381.1845049853, 3266571.956949041, 3287726.332120575, 3308842.7878419277, 3329919.8148258706, 3350955.916675604, 3371949.6098847575, 3392899.423837392, 3413803.900807997, 3434661.5959614925, 3455471.077353228, 3476230.925928983, 3496939.735524966, 3517596.112867817, 3538198.6775746034, 3558746.0621528244, 3579236.9120004093, 3599669.8854057156, 3620043.6535475305, 3640356.900495073, 3660608.3232079903, 3680796.63153636, 3700920.548220688, 3720978.808891914, 3740970.1620714027, 3760893.369170951, 3780747.2044927864, 3800530.455229564, 3820241.921464371, 3839880.416170722, 3859444.765212564, 3878933.807344271, 3898346.39421065, 3917681.390346935, 3936937.673178792, 3956114.133022314, 3975209.673084026, 3994223.209460884, 4013153.671140271, 4032000.0, 4050761.150808317, 4069436.0912238937, 4088023.801795834, 4106523.2759636715, 4124933.5200573686, 4143253.5532973185, 4161482.4077943442, 4179619.128549697, 4197662.77345506, 4215612.413292546, 4233467.131734695, 4251226.02534448, 4268888.203575301, 4286452.78877099, 4303918.91616581, 4321285.73388445, 4338552.40294203, 4355718.0972441025, 4372782.003586646, 4389743.321656072, 4406601.264029219, 4423355.056173358, 4440003.936446188, 4456547.156095838, 4472983.979260868, 4489313.682970268, 4505535.557143453, 4521648.904590275, 4537653.04101101, 4553547.29499637, 4569331.008027487, 4585003.534475935], "RateAgeing": [0.0, 0.0, 0.0, 0.0, 0.0, 0.0, 0.0, 0.0, 0.0, 0.0, 0.0, 0.0, 0.0, 0.0, 0.0, 0.0, 0.0, 0.0, 0.0, 0.0, 0.0, 0.0, 0.0, 0.0, 0.0, 0.0, 0.0, 0.0, 0.0, 0.0, 0.0, 0.0, 0.0, 0.0, 0.0, 0.0, 0.0, 0.0, 0.0, 0.0, 0.0, 0.0, 0.0, 0.0, 0.0, 0.0, 0.0, 0.0, 0.0, 0.0, 0.0, 0.0, 0.0, 0.0, 0.0, 0.0, 0.0, 0.0, 0.0, 0.0, 0.0, 0.0, 0.0, 0.0, 0.0, 0.0, 0.0, 0.0, 0.0, 0.0, 0.0, 0.0, 0.0, 0.0, 0.0, 0.0, 0.0, 0.0, 0.0, 0.0, 0.0, 0.0, 0.0, 0.0, 0.0, 0.0, 0.0, 0.0, 0.0, 0.0, 0.0, 0.0, 0.0, 0.0, 0.0, 0.0, 0.0, 0.0, 0.0, 0.0, 0.0, 0.0, 0.0, 0.0, 0.0, 0.0, 0.0, 0.0, 0.0, 0.0, 0.0, 0.0, 0.0, 0.0, 0.0, 0.0, 0.0, 0.0, 0.0, 0.0, 0.0, 0.0, 0.0, 0.0, 0.0, 0.0, 0.0, 0.0, 0.0, 0.0, 0.0, 0.0, 0.0], "RateDeath": [0.005123379895867769, 0.005126318538566635, 0.00512925886679753, 0.005132200881527233, 0.005135144583723078, 0.005138089974352953, 0.005141037054385301, 0.005143985824789123, 0.005146936286533971, 0.0051498884405899595, 0.005152842287927753, 0.005155797829518576, 0.005158755066334212, 0.005161713999346996, 0.005164674629529827, 0.005167636957856159, 0.005170600985300003, 0.005173566712835933, 0.005176534141439077, 0.005179503272085125, 0.005182474105750327, 0.005185446643411493, 0.005188420886045991, 0.005191396834631752, 0.005194374490147266, 0.005197353853571587, 0.005200334925884327, 0.005203317708065662, 0.005206302201096332, 0.005209288405957634, 0.005212276323631434, 0.005215265955100158, 0.005218257301346795, 0.0052212503633548984, 0.0052242451421085885, 0.005227241638592545, 0.0052302398537920165, 0.005233239788692816, 0.005236241444281318, 0.00523924482154447, 0.005242249921469779, 0.005245256745045322, 0.005248265293259741, 0.005251275567102247, 0.005254287567562616, 0.005257301295631193, 0.005260316752298891, 0.005263333938557191, 0.005266352855398145, 0.005269373503814369, 0.005272395884799053, 0.005275419999345953, 0.005278445848449401, 0.005281473433104291, 0.005284502754306095, 0.005287533813050851, 0.005290566610335171, 0.005293601147156239, 0.0052966374245118075, 0.005299675443400205, 0.00530271520482033, 0.005305756709771657, 0.005308799959254232, 0.0053118449542686715, 0.0053148916958161724, 0.005317940184898501, 0.005320990422517999, 0.005324042409677585, 0.005327096147380751, 0.005330151636631563, 0.0053332088784346695, 0.005336267873795287, 0.0053393286237192125, 0.005342391129212821, 0.005345455391283063, 0.0053485214109374665, 0.005351589189184139, 0.005354658727031763, 0.005357730025489604, 0.005360803085567503, 0.00536387790827588, 0.005366954494625739, 0.005370032845628658, 0.005373112962296797, 0.0053761948456429, 0.005379278496680289, 0.0053823639164228675, 0.0053854511058851195, 0.005388540066082112, 0.005391630798029495, 0.0053947233027435, 0.005397817581240942, 0.005400913634539218, 0.005404011463656311, 0.005407111069610783, 0.005410212453421788, 0.005413315616109058, 0.0054164205586929096, 0.005419527282194251, 0.005422635787634571, 0.005425746076035943, 0.005428858148421031, 0.005431972005813082, 0.005435087649235932, 0.005438205079714006, 0.0054413242982723105, 0.005444445305936446, 0.005447568103732598, 0.005450692692687541, 0.005453819073828641, 0.005456947248183849, 0.005460077216781708, 0.005463208980651353, 0.005466342540822505, 0.005469477898325477, 0.005472615054191175, 0.0054757540094510955, 0.005478894765137325, 0.005482037322282542, 0.005485181681920022, 0.005488327845083625, 0.0054914758128078115, 0.005494625586127632, 0.0054977771660787295, 0.005500930553697345, 0.005504085750020309, 0.00550724275608505, 0.005510401572929592, 0.005513562201592551, 0.005516724643113142, 0.005519888898531175, 0.005523054968887054, 0.0055262228552217865],