{"Year": [1970.0, 1970.5, 1971.0, 1971.5, 1972.0, 1972.5, 1973.0, 1973.5, 1974.0, 1974.5, 1975.0, 1975.5, 1976.0, 1976.5, 1977.0, 1977.5, 1978.0, 1978.5, 1979.0, 1979.5, 1980.0, 1980.5, 1981.0, 1981.5, 1982.0, 1982.5, 1983.0, 1983.5, 1984.0, 1984.5, 1985.0, 1985.5, 1986.0, 1986.5, 1987.0, 1987.5, 1988.0, 1988.5, 1989.0, 1989.5, 1990.0, 1990.5, 1991.0, 1991.5, 1992.0, 1992.5, 1993.0, 1993.5, 1994.0, 1994.5, 1995.0, 1995.5, 1996.0, 1996.5, 1997.0, 1997.5, 1998.0, 1998.5, 1999.0, 1999.5, 2000.0, 2000.5, 2001.0, 2001.5, 2002.0, 2002.5, 2003.0, 2003.5, 2004.0, 2004.5, 2005.0, 2005.5, 2006.0, 2006.5, 2007.0, 2007.5, 2008.0, 2008.5, 2009.0, 2009.5, 2010.0, 2010.5, 2011.0, 2011.5, 2012.0, 2012.5, 2013.0, 2013.5, 2014.0, 2014.5, 2015.0, 2015.5, 2016.0, 2016.5, 2017.0, 2017.5, 2018.0, 2018.5, 2019.0, 2019.5, 2020.0, 2020.5, 2021.0, 2021.5, 2022.0, 2022.5, 2023.0, 2023.5, 2024.0, 2024.5, 2025.0, 2025.5, 2026.0, 2026.5, 2027.0, 2027.5, 2028.0, 2028.5, 2029.0, 2029.5, 2030.0, 2030.5, 2031.0, 2031.5, 2032.0, 2032.5, 2033.0, 2033.5, 2034.0, 2034.5, 2035.0, 2035.5, 2036.0], "N": [3018526.407444093, 3070221.61134715, 3122111.9935390255, 3174184.7786679696, 3226427.1357066976, 3278826.8485195204, 3331372.6543202354, 3384050.9212961853, 3436847.947980598, 3489750.132053604, 3542743.970342239, 3595816.0588204456, 3648953.092609073, 3702141.865975873, 3755369.2723355056, 3808622.304249536, 3861888.053426432, 3915153.710721572, 3968406.566137235, 4021634.00882261, 4074823.527073787, 4127962.708333765, 4181039.2391924486, 4234040.905386645, 4286955.591800069, 4339771.282463343, 4392476.060553989, 4445058.108396442, 4497505.707462036, 4549807.238369014, 4601951.180882526, 4653926.113914623, 4705720.715524265, 4757323.762917316, 4808724.132446547, 4859910.799611634, 4910872.839059157, 4961599.424582604, 5012079.829122367, 5062303.424765743, 5112259.682746938, 5161938.173447059, 5211328.566394121, 5260420.6302630445, 5309203.7042267965, 5357663.004535082, 5405789.007636546, 5453573.853429688, 5501009.832198776, 5548089.384613854, 5594805.101730739, 5641149.724991023, 5687116.146222065, 5732697.407637008, 5777886.701834756, 5822677.371799997, 5867062.910903187, 5911036.962900553, 5954593.3219341, 5997725.932531607, 6040428.88960662, 6082696.438458466, 6124522.974772238, 6165903.04461881, 6206831.344454821, 6247302.72112269, 6287312.171850604, 6326854.84425253, 6365926.036328199, 6404521.196463128, 6442635.923428593, 6480265.966381654, 6517407.224865139, 6554055.748807654, 6590207.73852357, 6625859.544713039, 6661007.668461985, 6695648.761242102, 6729779.62491086, 6763397.211711504, 6796498.624273045, 6829081.1156102745, 6861142.089123759, 6892679.09859983, 6923689.848210596, 6954172.192513943, 6984124.136453522, 7013543.835358767, 7042429.59494488, 7070779.871312832, 7098593.270949377, 7125868.550727034, 7152604.617904099, 7178800.530124644, 7204455.495418507, 7229568.872201306, 7254140.169274428, 7278169.045825037, 7301655.311426068, 7324598.9260362275, 7347000.0, 7368858.794047642, 7390175.719295178, 7410951.337244411, 7431186.359782918, 7450881.649184047, 7470038.21810692, 7488657.229596431, 7506739.997083249, 7524287.984383815, 7541302.805700345, 7557786.225620826, 7573740.159119022, 7589166.671554465, 7604067.978672464, 7618446.446604103, 7632304.591866234, 7645645.081361485, 7658470.73237826, 7670784.512590731, 7682589.540058847, 7693889.083228328, 7704686.560930673, 7714985.542383145, 7724789.747188787, 7734103.045336414, 7742929.457200613, 7751273.153541745, 7759138.455505947, 7766529.834625122, 7773451.912816956, 7779909.462384901, 7785907.406018183], "RateAgeing": [0.0, 0.0, 0.0, 0.0, 0.0, 0.0, 0.0, 0.0, 0.0, 0.0, 0.0, 0.0, 0.0, 0.0, 0.0, 0.0, 0.0, 0.0, 0.0, 0.0, 0.0, 0.0, 0.0, 0.0, 0.0, 0.0, 0.0, 0.0, 0.0, 0.0, 0.0, 0.0, 0.0, 0.0, 0.0, 0.0, 0.0, 0.0, 0.0, 0.0, 0.0, 0.0, 0.0, 0.0, 0.0, 0.0, 0.0, 0.0, 0.0, 0.0, 0.0, 0.0, 0.0, 0.0, 0.0, 0.0, 0.0, 0.0, 0.0, 0.0, 0.0, 0.0, 0.0, 0.0, 0.0, 0.0, 0.0, 0.0, 0.0, 0.0, 0.0, 0.0, 0.0, 0.0, 0.0, 0.0, 0.0, 0.0, 0.0, 0.0, 0.0, 0.0, 0.0, 0.0, 0.0, 0.0, 0.0, 0.0, 0.0, 0.0, 0.0, 0.0, 0.0, 0.0, 0.0, 0.0, 0.0, 0.0, 0.0, 0.0, 0.0, 0.0, 0.0, 0.0, 0.0, 0.0, 0.0, 0.0, 0.0, 0.0, 0.0, 0.0, 0.0, 0.0, 0.0, 0.0, 0.0, 0.0, 0.0, 0.0, 0.0, 0.0, 0.0, 0.0, 0.0, 0.0, 0.0, 0.0, 0.0, 0.0, 0.0, 0.0, 0.0], "RateDeath": [0.008159940301870018, 0.008145378022420342, 0.00813084173090378, 0.008116331380942107, 0.008101846926239864, 0.008087388320584211, 0.008072955517844784, 0.00805854847197354, 0.008044167137004616, 0.008029811467054174, 0.008015481416320268, 0.008001176939082685, 0.007986897989702809, 0.007972644522623466, 0.00795841649236879, 0.007944213853544066, 0.00793003656083559, 0.007915884569010531, 0.00790175783291678, 0.007887656307482798, 0.007873579947717488, 0.007859528708710048, 0.007845502545629818, 0.007831501413726143, 0.007817525268328232, 0.0078035740648450145, 0.007789647758764997, 0.007775746305656122, 0.007761869661165624, 0.00774801778101989, 0.00773419062102432, 0.007720388137063181, 0.007706610285099472, 0.007692857021174777, 0.007679128301409137, 0.007665424082000888, 0.007651744319226547, 0.007638088969440656, 0.007624457989075642, 0.007610851334641689, 0.007597268962726592, 0.00758371082999562, 0.007570176893191375, 0.007556667109133658, 0.0075431814347193295, 0.007529719826922174, 0.007516282242792756, 0.007502868639458295, 0.007489478974122513, 0.007476113204065514, 0.007462771286643634, 0.0074494531792893195, 0.007436158839510972, 0.007422888224892835, 0.007409641293094839, 0.007396418001852478, 0.007383218308976674, 0.007370042172353635, 0.0073568895499447305, 0.0073437603997863485, 0.007330654679989767, 0.0073175723487410175, 0.007304513364300756, 0.007291477685004125, 0.007278465269260623, 0.0072654760755539675, 0.007252510062441972, 0.0072395671885564054, 0.007226647412602861, 0.007213750693360629, 0.00720087698968256, 0.007188026260494938, 0.007175198464797348, 0.00716239356166254, 0.007149611510236308, 0.007136852269737354, 0.007124115799457154, 0.00711140205875984, 0.007098711007082058, 0.007086042603932843, 0.007073396808893493, 0.007060773581617439, 0.007048172881830109, 0.007035594669328811, 0.007023038903982594, 0.007010505545732132, 0.0069979945545895796, 0.006985505890638462, 0.006973039514033536, 0.006960595385000666, 0.0069481734638367, 0.0069357737109093385, 0.0069233960866570115, 0.006911040551588748, 0.006898707066284058, 0.006886395591392794, 0.006874106087635042, 0.0068618385158009795, 0.0068495928367507605, 0.006837369011414393, 0.0068251670007916, 0.006812986765951714, 0.006800828268033539, 0.006788691468245229, 0.006776576327864171, 0.006764482808236853, 0.006752410870778745, 0.006740360476974177, 0.006728331588376211, 0.0067163241666065255, 0.0067043381733552865, 0.006692373570381029, 0.006680430319510532, 0.006668508382638702, 0.006656607721728446, 0.006644728298810553, 0.006632870075983572, 0.0066210330154136895, 0.006609217079334612, 0.006597422230047446, 0.006585648429920571, 0.006573895641389527, 0.006562163826956893, 0.006550452949192162, 0.006538762970731631, 0.006527093854278272, 0.006515445562601619, 0.0065038180585376484, 0.00649221130498866, 0.006480625264923156, 0.0064690599013757285, 0.006457515177446935, 0.006445991056303188],