{"Year": [1970.0, 1970.5, 1971.0, 1971.5, 1972.0, 1972.5, 1973.0, 1973.5, 1974.0, 1974.5, 1975.0, 1975.5, 1976.0, 1976.5, 1977.0, 1977.5, 1978.0, 1978.5, 1979.0, 1979.5, 1980.0, 1980.5, 1981.0, 1981.5, 1982.0, 1982.5, 1983.0, 1983.5, 1984.0, 1984.5, 1985.0, 1985.5, 1986.0, 1986.5, 1987.0, 1987.5, 1988.0, 1988.5, 1989.0, 1989.5, 1990.0, 1990.5, 1991.0, 1991.5, 1992.0, 1992.5, 1993.0, 1993.5, 1994.0, 1994.5, 1995.0, 1995.5, 1996.0, 1996.5, 1997.0, 1997.5, 1998.0, 1998.5, 1999.0, 1999.5, 2000.0, 2000.5, 2001.0, 2001.5, 2002.0, 2002.5, 2003.0, 2003.5, 2004.0, 2004.5, 2005.0, 2005.5, 2006.0, 2006.5, 2007.0, 2007.5, 2008.0, 2008.5, 2009.0, 2009.5, 2010.0, 2010.5, 2011.0, 2011.5, 2012.0, 2012.5, 2013.0, 2013.5, 2014.0, 2014.5, 2015.0, 2015.5, 2016.0, 2016.5, 2017.0, 2017.5, 2018.0, 2018.5, 2019.0, 2019.5, 2020.0, 2020.5, 2021.0, 2021.5, 2022.0, 2022.5, 2023.0, 2023.5, 2024.0, 2024.5, 2025.0, 2025.5, 2026.0, 2026.5, 2027.0, 2027.5, 2028.0, 2028.5, 2029.0, 2029.5, 2030.0, 2030.5, 2031.0, 2031.5, 2032.0, 2032.5, 2033.0, 2033.5, 2034.0, 2034.5, 2035.0, 2035.5, 2036.0], "N": [25952765.428723253, 26274843.37675434, 26597491.4545567, 26920658.00410976, 27244291.14567504, 27568339.23666405, 27892753.852284357, 28217482.145527527, 28542470.078883555, 28867663.646127574, 29193008.872319885, 29518451.81380593, 29843938.55821631, 30169415.224466767, 30494827.96275821, 30820122.954576682, 31145246.412693392, 31470144.581164684, 31794763.73533208, 32119050.181822225, 32442950.258546937, 32766410.33470317, 33089376.810773045, 33411796.118523814, 33733614.7210079, 34054779.11256288, 34375235.81881145, 34694931.396661505, 35013812.43430604, 35331825.55122325, 35648917.398176454, 35965034.657214135, 36280124.041669905, 36594132.29616256, 36907006.19659603, 37218692.55015937, 37529138.19532685, 37838290.00185785, 38146094.87079689, 38452499.73447368, 38757451.55650305, 39060897.331784986, 39362784.086504646, 39663058.87813231, 39961668.79542344, 40258560.95841863, 40553682.51844362, 40846983.23001259, 41138426.076616846, 41427960.25415619, 41715532.39783933, 42001089.45301064, 42284578.67515015, 42565947.629873514, 42845144.19293208, 43122116.550212786, 43396813.19773829, 43669182.94166685, 43939174.89829239, 44206738.4940445, 44471823.465488404, 44734379.85932497, 44994358.032390736, 45251708.65165788, 45506382.69423424, 45758331.44736329, 46007506.50842416, 46253859.784931645, 46497343.49453618, 46737910.16502383, 46975512.634316355, 47210104.050471134, 47441637.871681206, 47670067.86627524, 47895348.11271761, 48117432.99960829, 48336277.22568292, 48551835.7998128, 48764064.04100486, 48972917.5784017, 49178352.35128157, 49380324.609058365, 49578790.91128162, 49773708.127636544, 49965033.43794399, 50152724.33216044, 50336738.61037807, 50517034.382824644, 50693570.06986365, 50866304.40199416, 51035196.41985096, 51200205.47420443, 51361291.22596063, 51518413.646161266, 51671533.01598371, 51820609.926740944, 51965605.27988164, 52106480.286990106, 52243196.46978631, 52375715.66012585, 52504000.0, 52628011.94153567, 52747714.24699541, 52863069.98877745, 52974042.549415655, 53080595.62157953, 53182693.20807425, 53280299.62184063, 53373379.485955164, 53461897.73362992, 53545819.60821272, 53625110.663186945, 53699736.762171686, 53769664.07892168, 53834859.097327285, 53895288.611414514, 53950919.72534506, 54001719.85341625, 54047656.720061064, 54088698.35984811, 54124813.11748167, 54155969.647801705, 54182136.91578378, 54203284.196539104, 54219381.07531459, 54230397.44749274, 54236303.51859177, 54237069.8042655, 54232667.13030341, 54223066.63263065, 54208239.75730803, 54188158.26053193, 54162794.20863447], "RateAgeing": [0.0, 0.0, 0.0, 0.0, 0.0, 0.0, 0.0, 0.0, 0.0, 0.0, 0.0, 0.0, 0.0, 0.0, 0.0, 0.0, 0.0, 0.0, 0.0, 0.0, 0.0, 0.0, 0.0, 0.0, 0.0, 0.0, 0.0, 0.0, 0.0, 0.0, 0.0, 0.0, 0.0, 0.0, 0.0, 0.0, 0.0, 0.0, 0.0, 0.0, 0.0, 0.0, 0.0, 0.0, 0.0, 0.0, 0.0, 0.0, 0.0, 0.0, 0.0, 0.0, 0.0, 0.0, 0.0, 0.0, 0.0, 0.0, 0.0, 0.0, 0.0, 0.0, 0.0, 0.0, 0.0, 0.0, 0.0, 0.0, 0.0, 0.0, 0.0, 0.0, 0.0, 0.0, 0.0, 0.0, 0.0, 0.0, 0.0, 0.0, 0.0, 0.0, 0.0, 0.0, 0.0, 0.0, 0.0, 0.0, 0.0, 0.0, 0.0, 0.0, 0.0, 0.0, 0.0, 0.0, 0.0, 0.0, 0.0, 0.0, 0.0, 0.0, 0.0, 0.0, 0.0, 0.0, 0.0, 0.0, 0.0, 0.0, 0.0, 0.0, 0.0, 0.0, 0.0, 0.0, 0.0, 0.0, 0.0, 0.0, 0.0, 0.0, 0.0, 0.0, 0.0, 0.0, 0.0, 0.0, 0.0, 0.0, 0.0, 0.0, 0.0], "RateDeath": [0.012690201886541476, 0.012616176377374924, 0.012542582679778931, 0.01246941827487542, 0.012396680658479634, 0.01232436734101442, 0.012252475847425042, 0.012181003717094442, 0.012109948503759035, 0.01203930777542498, 0.011969079114284936, 0.011899260116635313, 0.011829848392793996, 0.011760841567018556, 0.011692237277424945, 0.011624033175906635, 0.01155622692805427, 0.011488816213075757, 0.011421798723716835, 0.011355172166182103, 0.011288934260056515, 0.011223082738227324, 0.011157615346806489, 0.011092529845053533, 0.011027824005298838, 0.010963495612867418, 0.010899542466003106, 0.010835962375793191, 0.01077275316609351, 0.010709912673453956, 0.010647438747044437, 0.010585329248581252, 0.010523582052253915, 0.010462195044652383, 0.010401166124694732, 0.010340493203555236, 0.010280174204592875, 0.01022020706328026, 0.01016058972713297, 0.0101013201556393, 0.010042396320190427, 0.009983816204010967, 0.009925577802089955, 0.009867679121112218, 0.009810118179390152, 0.009752893006795885, 0.009696001644693865, 0.009639442145873802, 0.009583212574484037, 0.00952731100596527, 0.0094717355269847, 0.009416484235370531, 0.009361555240046874, 0.009306946660969009, 0.009252656629059048, 0.00919868328614196, 0.009145024784881972, 0.00909167928871933, 0.009038644971807461, 0.008985920018950459, 0.008933502625540966, 0.00888139099749841, 0.00882958335120759, 0.008778077913457631, 0.008726872921381301, 0.008675966622394666, 0.008625357274137102, 0.008575043144411666, 0.008525022511125805, 0.008475293662232418, 0.00842585489567125, 0.008376704519310647, 0.00832784085088963, 0.00827926221796032, 0.008230966957830701, 0.0081829534175077, 0.008135219953640619, 0.008087764932464887, 0.008040586729746139, 0.007993683730724625, 0.00794705433005994, 0.007900696931776084, 0.00785460994920683, 0.007808791804941422, 0.007763240930770584, 0.007717955767632843, 0.007672934765561168, 0.007628176383629925, 0.007583679089902128, 0.0075394413613770125, 0.0074954616839379, 0.007451738552300385, 0.007408270469960807, 0.007365055949145028, 0.007322093510757518, 0.007279381684330724, 0.007236919007974744, 0.00719470402832729, 0.007152735300503944, 0.007111011388048705, 0.007069530862884819, 0.007028292305265913, 0.006987294303727384, 0.006946535455038103, 0.006906014364152381, 0.006865729644162223, 0.006825679916249856, 0.0067858638096405365, 0.006746279961555641, 0.006706927017166009, 0.006667803629545584, 0.006628908459625303, 0.006590240176147272, 0.006551797455619196, 0.006513578982269084, 0.00647558344800021, 0.006437809552346343, 0.00640025600242724, 0.006362921512904388, 0.006325804805937016, 0.006288904611138355, 0.006252219665532161, 0.006215748713509483, 0.006179490506785691, 0.006143443804357747, 0.006107607372461736, 0.00607197998453063, 0.0060365604211523125, 0.006001347470027841, 0.005966339925929952, 0.005931536590661812, 0.005896936273016003, 0.005862537788733758],