{"Year": [1970.0, 1970.5, 1971.0, 1971.5, 1972.0, 1972.5, 1973.0, 1973.5, 1974.0, 1974.5, 1975.0, 1975.5, 1976.0, 1976.5, 1977.0, 1977.5, 1978.0, 1978.5, 1979.0, 1979.5, 1980.0, 1980.5, 1981.0, 1981.5, 1982.0, 1982.5, 1983.0, 1983.5, 1984.0, 1984.5, 1985.0, 1985.5, 1986.0, 1986.5, 1987.0, 1987.5, 1988.0, 1988.5, 1989.0, 1989.5, 1990.0, 1990.5, 1991.0, 1991.5, 1992.0, 1992.5, 1993.0, 1993.5, 1994.0, 1994.5, 1995.0, 1995.5, 1996.0, 1996.5, 1997.0, 1997.5, 1998.0, 1998.5, 1999.0, 1999.5, 2000.0, 2000.5, 2001.0, 2001.5, 2002.0, 2002.5, 2003.0, 2003.5, 2004.0, 2004.5, 2005.0, 2005.5, 2006.0, 2006.5, 2007.0, 2007.5, 2008.0, 2008.5, 2009.0, 2009.5, 2010.0, 2010.5, 2011.0, 2011.5, 2012.0, 2012.5, 2013.0, 2013.5, 2014.0, 2014.5, 2015.0, 2015.5, 2016.0, 2016.5, 2017.0, 2017.5, 2018.0, 2018.5, 2019.0, 2019.5, 2020.0, 2020.5, 2021.0, 2021.5, 2022.0, 2022.5, 2023.0, 2023.5, 2024.0, 2024.5, 2025.0, 2025.5, 2026.0, 2026.5, 2027.0, 2027.5, 2028.0, 2028.5, 2029.0, 2029.5, 2030.0, 2030.5, 2031.0, 2031.5, 2032.0, 2032.5, 2033.0, 2033.5, 2034.0, 2034.5, 2035.0, 2035.5, 2036.0], "N": [21474140.49322624, 21726320.695370264, 21979302.524322532, 22233057.90550857, 22487558.50323263, 22742775.85003397, 22998682.53618435, 23255249.422644705, 23512446.659035273, 23770244.220401496, 24028611.90721405, 24287519.345368825, 24546935.986186963, 24806831.10641481, 25067173.808223967, 25327933.01921123, 25589077.49239865, 25850575.80623349, 26112396.36458826, 26374507.396760665, 26636876.957473673, 26899472.92687545, 27162263.01053942, 27425214.739464205, 27688295.470073678, 27951472.38421692, 28214712.489168268, 28477982.617627244, 28741249.427718643, 29004479.40299247, 29267638.852423936, 29530693.91041352, 29793610.53678689, 30056354.516794972, 30318891.46111391, 30581186.80584507, 30843205.812515046, 31104913.568075664, 31366274.98490398, 31627254.80080228, 31887817.578998063, 32147927.708144076, 32407549.402318273, 32666646.701023858, 32925183.46918924, 33183123.397168074, 33440430.00073924, 33697066.621106826, 33953003.88748314, 34208212.57699261, 34462654.44731331, 34716291.2064792, 34969084.52262747, 35220996.02399856, 35471987.298936166, 35722019.89588723, 35971055.32340195, 36219055.05013375, 36465980.50483932, 36711793.07637862, 36956454.11371482, 37199924.92591436, 37442166.78214693, 37683140.91168546, 37922808.50390614, 38161130.708288394, 38398068.63441491, 38633583.35197163, 38867635.89074771, 39100187.24063561, 39331198.351630986, 39560630.13383278, 39788443.45744317, 40014599.15276758, 40239058.01021468, 40461780.7802964, 40682728.17362792, 40901860.86092765, 41119139.47301728, 41334524.600821726, 41547976.79536915, 41759456.567790985, 41968924.38932189, 42176340.6912998, 42381665.86516587, 42584860.262464516, 42785884.194843404, 42984697.93405346, 43181261.71194884, 43375535.72048696, 43567480.11172848, 43757054.99783733, 43944220.45108064, 44128936.50382885, 44311163.148555614, 44490860.33783782, 44667987.98435564, 44842505.9608925, 45014374.10033503, 45183552.195673145, 45350000.0, 45513677.22651199, 45674543.54850879, 45832558.599393286, 45987681.97267163, 46139873.22195324, 46289091.86095074, 46435297.36348005, 46578449.1634603, 46718506.6549139, 46855429.19196651, 46989176.088847, 47119706.619887516, 47246980.01952347, 47370955.4822935, 47491592.1628395, 47608849.175906606, 47722685.596343204, 47833060.45910095, 47939932.75923472, 48043261.451902665, 48143005.45236616, 48239123.635989845, 48331574.838241614, 48420317.8546926, 48505311.44101717, 48586514.31299299, 48663885.146500915, 48737382.57752509, 48806965.2021529, 48872591.57657495, 48934220.21708515, 48991809.600080624], "RateAgeing": [0.0, 0.0, 0.0, 0.0, 0.0, 0.0, 0.0, 0.0, 0.0, 0.0, 0.0, 0.0, 0.0, 0.0, 0.0, 0.0, 0.0, 0.0, 0.0, 0.0, 0.0, 0.0, 0.0, 0.0, 0.0, 0.0, 0.0, 0.0, 0.0, 0.0, 0.0, 0.0, 0.0, 0.0, 0.0, 0.0, 0.0, 0.0, 0.0, 0.0, 0.0, 0.0, 0.0, 0.0, 0.0, 0.0, 0.0, 0.0, 0.0, 0.0, 0.0, 0.0, 0.0, 0.0, 0.0, 0.0, 0.0, 0.0, 0.0, 0.0, 0.0, 0.0, 0.0, 0.0, 0.0, 0.0, 0.0, 0.0, 0.0, 0.0, 0.0, 0.0, 0.0, 0.0, 0.0, 0.0, 0.0, 0.0, 0.0, 0.0, 0.0, 0.0, 0.0, 0.0, 0.0, 0.0, 0.0, 0.0, 0.0, 0.0, 0.0, 0.0, 0.0, 0.0, 0.0, 0.0, 0.0, 0.0, 0.0, 0.0, 0.0, 0.0, 0.0, 0.0, 0.0, 0.0, 0.0, 0.0, 0.0, 0.0, 0.0, 0.0, 0.0, 0.0, 0.0, 0.0, 0.0, 0.0, 0.0, 0.0, 0.0, 0.0, 0.0, 0.0, 0.0, 0.0, 0.0, 0.0, 0.0, 0.0, 0.0, 0.0, 0.0], "RateDeath": [0.020689366527059588, 0.020498070583395717, 0.020308543381080905, 0.02012076856615646, 0.019934729935874033, 0.019750411437297485, 0.019567797165917736, 0.019386871364280373, 0.01920761842062598, 0.01903002286754302, 0.01885406938063319, 0.018679742777189087, 0.01850702801488415, 0.01833591019047466, 0.01816637453851377, 0.017998406430077434, 0.01783199137150208, 0.017667115003134008, 0.017503763098090302, 0.017341921561031218, 0.017181576426943936, 0.017022713859937526, 0.016865320152049088, 0.016709381722060913, 0.016554885114328587, 0.016401816997619913, 0.016250164163964607, 0.016099913527514585, 0.015951052123414827, 0.015803567106684645, 0.015657445751109327, 0.015512675448142004, 0.0153692437058157, 0.015227138147665393, 0.015086346511660104, 0.014946856649144805, 0.014808656523792145, 0.014671734210563853, 0.014536077894681755, 0.014401675870608284, 0.014268516541036448, 0.014136588415889108, 0.014005880111327518, 0.013876380348769044, 0.013748077953913949, 0.013620961855781183, 0.013495021085753095, 0.013370244776628955, 0.013246622161687264, 0.013124142573756697, 0.013002795444295657, 0.012882570302480339, 0.012763456774301216, 0.012645444581667883, 0.012528523541522186, 0.012412683564959542, 0.012297914656358384, 0.012184206912517655, 0.012071550521802284, 0.011959935763296554, 0.011849353005965305, 0.011739792707822884, 0.011631245415109789, 0.011523701761476924, 0.011417152467177383, 0.011311588338265727, 0.011207000265804654, 0.011103379225079004, 0.011000716274817027, 0.010899002556418867, 0.010798229293192164, 0.01069838778959473, 0.010599469430484225, 0.01050146568037477, 0.010404368082700446, 0.01030816825908558, 0.010212857908621795, 0.01011842880715174, 0.010024872806559447, 0.009932181834067227, 0.009840347891539114, 0.009749363054790693, 0.00965921947290535, 0.009569909367556827, 0.009481425032338049, 0.009393758832096146, 0.009306903202273628, 0.009220850648255664, 0.009135593744723374, 0.009051125135013117, 0.0089674375304817, 0.008884523709877443, 0.008802376518717087, 0.008720988868668431, 0.008640353736938704, 0.008560464165668575, 0.008481313261331773, 0.008402894194140257, 0.008325200197454889, 0.008248224567201548, 0.008171960661292652, 0.008096401899054018, 0.00802154176065704, 0.007947373786556088, 0.007873891576931141, 0.007801088791135547, 0.007728959147148906, 0.007657496421035005, 0.0075866944464047644, 0.007516547113884153, 0.00744704837058702, 0.007378192219592801, 0.007309972719429059, 0.007242383983558804, 0.007175420179872548, 0.007109075530185075, 0.0070433443097368395, 0.006978220846699996, 0.006913699521688983, 0.006849774767275638, 0.006786441067508795, 0.0067236929574383195, 0.006661525022643552, 0.006599931898766104, 0.006538908271046981, 0.00647844887386798, 0.006418548490297326, 0.0063592019516395155, 0.00630040413698932, 0.006242149972789909, 0.006184434432395063, 0.0061272525356354385, 0.006070599348388829],