{"Year": [1970.0, 1970.5, 1971.0, 1971.5, 1972.0, 1972.5, 1973.0, 1973.5, 1974.0, 1974.5, 1975.0, 1975.5, 1976.0, 1976.5, 1977.0, 1977.5, 1978.0, 1978.5, 1979.0, 1979.5, 1980.0, 1980.5, 1981.0, 1981.5, 1982.0, 1982.5, 1983.0, 1983.5, 1984.0, 1984.5, 1985.0, 1985.5, 1986.0, 1986.5, 1987.0, 1987.5, 1988.0, 1988.5, 1989.0, 1989.5, 1990.0, 1990.5, 1991.0, 1991.5, 1992.0, 1992.5, 1993.0, 1993.5, 1994.0, 1994.5, 1995.0, 1995.5, 1996.0, 1996.5, 1997.0, 1997.5, 1998.0, 1998.5, 1999.0, 1999.5, 2000.0, 2000.5, 2001.0, 2001.5, 2002.0, 2002.5, 2003.0, 2003.5, 2004.0, 2004.5, 2005.0, 2005.5, 2006.0, 2006.5, 2007.0, 2007.5, 2008.0, 2008.5, 2009.0, 2009.5, 2010.0, 2010.5, 2011.0, 2011.5, 2012.0, 2012.5, 2013.0, 2013.5, 2014.0, 2014.5, 2015.0, 2015.5, 2016.0, 2016.5, 2017.0, 2017.5, 2018.0, 2018.5, 2019.0, 2019.5, 2020.0, 2020.5, 2021.0, 2021.5, 2022.0, 2022.5, 2023.0, 2023.5, 2024.0, 2024.5, 2025.0, 2025.5, 2026.0, 2026.5, 2027.0, 2027.5, 2028.0, 2028.5, 2029.0, 2029.5, 2030.0, 2030.5, 2031.0, 2031.5, 2032.0, 2032.5, 2033.0, 2033.5, 2034.0, 2034.5, 2035.0, 2035.5, 2036.0], "N": [29965001.302947715, 30344052.129834842, 30724535.50173393, 31106406.224899843, 31489618.625898156, 31874126.934428718, 32259887.518379476, 32646852.986290265, 33034974.762906596, 33424203.975491956, 33814491.45382783, 34205787.730213664, 34598043.03946694, 34991207.31892309, 35385230.20843557, 35780061.0503758, 36175648.88963318, 36571942.47361513, 36968890.25224706, 37366440.377972335, 37764540.70575235, 38163138.79306645, 38562181.899912, 38961616.988804355, 39361390.724776834, 39761449.47538077, 40161739.310685486, 40562206.00327827, 40962795.02826442, 41363451.563267216, 41764120.48842795, 42164746.38640586, 42565273.54237822, 42965645.944040254, 43365807.28160521, 43765700.947804295, 44165270.03788673, 44564457.34961972, 44963205.383288436, 45361456.34169608, 45759152.13016381, 46156234.35653081, 46552644.33115419, 46948323.06690912, 47343211.279188715, 47737249.38590409, 48130377.50748437, 48522542.35293226, 48913705.56897705, 49303806.2417816, 49692781.5450821, 50080568.66545466, 50467104.80231524, 50852327.16791969, 51236172.987363726, 51618579.49858295, 51999483.952352844, 52378823.61228877, 52756535.75484596, 53132557.66931953, 53506826.65784446, 53879280.03539562, 54249855.12978778, 54618489.28167554, 54985119.8445534, 55349684.18475577, 55712119.68145688, 56072363.72667088, 56430353.725251794, 56786027.09489349, 57139321.26612976, 57490173.682334244, 57838521.799720466, 58184303.08734184, 58527455.02709164, 58867915.11370303, 59205620.85474904, 59540509.7706426, 59872519.394636504, 60201587.27282341, 60527650.96413588, 60850648.04034634, 61170516.0860671, 61487192.69875035, 61800615.48868812, 62110722.07901237, 62417450.10569495, 62720737.217547506, 63020521.07622164, 63316739.356208794, 63609329.74484028, 63898229.94228735, 64183377.66156106, 64464710.62851238, 64742166.581832156, 65015683.27305108, 65285198.4665398, 65550649.93950875, 65811975.48200829, 66069112.89692868, 66322000.0, 66570574.619792245, 66814774.59771529, 67054537.788018845, 67289802.05779257, 67520505.28696595, 67746585.36830837, 67967980.20742907, 68184627.72277719, 68396465.84564175, 68603432.52015162, 68805465.70327558, 69002503.36482227, 69194483.48744021, 69381344.06661783, 69563023.11068337, 69739458.640805, 69910588.69099076, 70076351.30808857, 70236684.5517862, 70391526.49461132, 70540815.22193149, 70684488.83195414, 70822485.43572655, 70954743.1571359, 71081200.13290928, 71201794.51261362, 71316464.4586557, 71425148.14628224, 71527783.76357982, 71624309.51147483, 71714663.60373367, 71798784.26696251], "RateAgeing": [0.0, 0.0, 0.0, 0.0, 0.0, 0.0, 0.0, 0.0, 0.0, 0.0, 0.0, 0.0, 0.0, 0.0, 0.0, 0.0, 0.0, 0.0, 0.0, 0.0, 0.0, 0.0, 0.0, 0.0, 0.0, 0.0, 0.0, 0.0, 0.0, 0.0, 0.0, 0.0, 0.0, 0.0, 0.0, 0.0, 0.0, 0.0, 0.0, 0.0, 0.0, 0.0, 0.0, 0.0, 0.0, 0.0, 0.0, 0.0, 0.0, 0.0, 0.0, 0.0, 0.0, 0.0, 0.0, 0.0, 0.0, 0.0, 0.0, 0.0, 0.0, 0.0, 0.0, 0.0, 0.0, 0.0, 0.0, 0.0, 0.0, 0.0, 0.0, 0.0, 0.0, 0.0, 0.0, 0.0, 0.0, 0.0, 0.0, 0.0, 0.0, 0.0, 0.0, 0.0, 0.0, 0.0, 0.0, 0.0, 0.0, 0.0, 0.0, 0.0, 0.0, 0.0, 0.0, 0.0, 0.0, 0.0, 0.0, 0.0, 0.0, 0.0, 0.0, 0.0, 0.0, 0.0, 0.0, 0.0, 0.0, 0.0, 0.0, 0.0, 0.0, 0.0, 0.0, 0.0, 0.0, 0.0, 0.0, 0.0, 0.0, 0.0, 0.0, 0.0, 0.0, 0.0, 0.0, 0.0, 0.0, 0.0, 0.0, 0.0, 0.0], "RateDeath": [0.01092386642342671, 0.010872095591413616, 0.010820570113833052, 0.01076928882789131, 0.010718250576305446, 0.010667454207277155, 0.010616898574466785, 0.01056658253696746, 0.010516504959279338, 0.010466664711283984, 0.010417060668218866, 0.010367691710651975, 0.010318556724456555, 0.010269654600785966, 0.010220984236048662, 0.010172544531883279, 0.010124334395133857, 0.010076352737825159, 0.010028598477138129, 0.009981070535385451, 0.009933767839987223, 0.009886689323446768, 0.009839833923326519, 0.00979320058222407, 0.009746788247748288, 0.009700595872495582, 0.009654622414026256, 0.009608866834840989, 0.009563328102357415, 0.009518005188886828, 0.00947289707161098, 0.009428002732559016, 0.00938332115858448, 0.009338851341342465, 0.009294592277266854, 0.009250542967547666, 0.009206702418108524, 0.009163069639584224, 0.009119643647298392, 0.00907642346124128, 0.009033408106047636, 0.008990596610974705, 0.00894798800988031, 0.008905581341201054, 0.00886337564793063, 0.008821369977598201, 0.008779563382246927, 0.00873795491841256, 0.00869654364710216, 0.008655328633772894, 0.008614308948310959, 0.00857348366501058, 0.008532851862553129, 0.008492412623986326, 0.00845216503670355, 0.00841210819242324, 0.008372241187168401, 0.008332563121246207, 0.008293073099227683, 0.008253770229927517, 0.008214653626383933, 0.008175722405838685, 0.008136975689717125, 0.008098412603608388, 0.008060032277245645, 0.008021833844486478, 0.007983816443293323, 0.00794597921571402, 0.00790832130786245, 0.007870841869899269, 0.007833540056012722, 0.0077964150243995615, 0.007759465937246048, 0.007722691960709042, 0.0076860922648971895, 0.00764966602385219, 0.007613412415530157, 0.007577330621783071, 0.007541419828340309, 0.007505679224790278, 0.007470108004562112, 0.007434705364907485, 0.007399470506882489, 0.007364402635329601, 0.00732950095885974, 0.007294764689834409, 0.007260193044347921, 0.007225785242209706, 0.007191540506926705, 0.007157458065685844, 0.0071235371493366, 0.007089776992373636, 0.007056176832919534, 0.007022735912707589, 0.006989453477064711, 0.006956328774894384, 0.0069233610586597214, 0.006890549584366591, 0.00685789361154683, 0.006825392403241531, 0.006793045225984414, 0.00676085134978527, 0.006728810048113493, 0.006696920597881675, 0.006665182279429298, 0.006633594376506485, 0.006602156176257842, 0.006570866969206369, 0.006539726049237443, 0.006508732713582895, 0.006477886262805138, 0.006447186000781392, 0.006416631234687969, 0.006386221274984636, 0.006355955435399063, 0.006325833032911324, 0.006295853387738495, 0.0062660158233193005, 0.006236319666298856, 0.006206764246513466, 0.0061773488969755035, 0.0061480729538583535, 0.006118935756481439, 0.006089936647295303, 0.006061074971866779, 0.006032350078864212, 0.0060037613200427655, 0.005975308050229792, 0.005946989627310274, 0.005918805412212329, 0.0058907547688927895, 0.0058628370643228536, 0.005835051668473792],