{"Year": [1970.0, 1970.5, 1971.0, 1971.5, 1972.0, 1972.5, 1973.0, 1973.5, 1974.0, 1974.5, 1975.0, 1975.5, 1976.0, 1976.5, 1977.0, 1977.5, 1978.0, 1978.5, 1979.0, 1979.5, 1980.0, 1980.5, 1981.0, 1981.5, 1982.0, 1982.5, 1983.0, 1983.5, 1984.0, 1984.5, 1985.0, 1985.5, 1986.0, 1986.5, 1987.0, 1987.5, 1988.0, 1988.5, 1989.0, 1989.5, 1990.0, 1990.5, 1991.0, 1991.5, 1992.0, 1992.5, 1993.0, 1993.5, 1994.0, 1994.5, 1995.0, 1995.5, 1996.0, 1996.5, 1997.0, 1997.5, 1998.0, 1998.5, 1999.0, 1999.5, 2000.0, 2000.5, 2001.0, 2001.5, 2002.0, 2002.5, 2003.0, 2003.5, 2004.0, 2004.5, 2005.0, 2005.5, 2006.0, 2006.5, 2007.0, 2007.5, 2008.0, 2008.5, 2009.0, 2009.5, 2010.0, 2010.5, 2011.0, 2011.5, 2012.0, 2012.5, 2013.0, 2013.5, 2014.0, 2014.5, 2015.0, 2015.5, 2016.0, 2016.5, 2017.0, 2017.5, 2018.0, 2018.5, 2019.0, 2019.5, 2020.0, 2020.5, 2021.0, 2021.5, 2022.0, 2022.5, 2023.0, 2023.5, 2024.0, 2024.5, 2025.0, 2025.5, 2026.0, 2026.5, 2027.0, 2027.5, 2028.0, 2028.5, 2029.0, 2029.5, 2030.0, 2030.5, 2031.0, 2031.5, 2032.0, 2032.5, 2033.0, 2033.5, 2034.0, 2034.5, 2035.0, 2035.5, 2036.0], "N": [1228320.5875876264, 1248157.6345538239, 1268074.565813067, 1288067.8439142879, 1308133.9320452965, 1328269.3917010063, 1348470.9800870665, 1368735.0546912588, 1389057.9663214588, 1409436.0980339856, 1429865.8651336015, 1450343.7151735113, 1470866.127955363, 1491429.6155292473, 1512030.7221936977, 1532666.0244956913, 1553332.1312306477, 1574025.6834424285, 1594743.3544233402, 1615481.8497141309, 1636237.9071039916, 1657008.2966305562, 1677789.8205799025, 1698579.3134865502, 1719373.6421334622, 1740169.705552045, 1760964.4350221464, 1781754.7940720585, 1802537.7784785167, 1823310.4162666975, 1844069.7677102222, 1864812.9253311537, 1885537.0138999987, 1906239.1904357064, 1926916.644205669, 1947566.5967257216, 1968186.301760142, 1988773.0453216517, 2009324.1456714142, 2029836.9533190366, 2050308.8510225685, 2070737.253788503, 2091119.6088717745, 2111453.3957757624, 2131736.1262522885, 2151964.541679059, 2172135.1689909142, 2192246.0662569106, 2212295.344434466, 2232281.146467354, 2252201.6472857026, 2272055.0538059953, 2291839.604931071, 2311553.571550125, 2331195.2565387054, 2350762.9947587186, 2370255.1530584237, 2389670.1302724374, 2409006.35722173, 2428262.2967136274, 2447436.4435418127, 2466527.3244863213, 2485533.4983135466, 2504453.5557762347, 2523286.11961349, 2542029.8445507707, 2560683.417299889, 2579245.556559015, 2597715.0130126723, 2616090.56933174, 2634371.040173454, 2652555.2721814048, 2670642.1439855364, 2688630.5662021507, 2706519.481433904, 2724307.864269806, 2741994.721285226, 2759579.091041885, 2777060.04408786, 2794436.6829575836, 2811708.1421718453, 2828873.5882377876, 2845932.2196489093, 2862883.2668850645, 2879725.992412463, 2896459.6906836694, 2913083.688137603, 2929597.34319954, 2946000.046281111, 2962291.2197803017, 2978470.3180814534, 2994536.8275552634, 3010490.266558783, 3026330.185435421, 3042056.166514938, 3057667.8241134533, 3073164.804533439, 3088546.7860637256, 3103813.478979496, 3118964.6255422886, 3134000.0, 3148919.4085868783, 3163722.68952353, 3178409.7130169147, 3192980.3812603494, 3207434.628433505, 3221772.420702407, 3235993.7562194387, 3250098.6651233365, 3264087.209539193, 3277959.4835784566, 3291715.613338929, 3305355.756904771, 3318880.104346495, 3332288.8777209707, 3345582.331071422, 3358760.750427429, 3371824.453804927, 3384773.791206206, 3397609.144619912, 3410330.9280210473, 3422939.5873709666, 3435435.600617382, 3447819.477694361, 3460091.760522326, 3472253.0230080546, 3484303.87104468, 3496244.942511691, 3508076.9072749303, 3519800.4671865976, 3531416.3560852474, 3542925.3397957888, 3554328.2161294874], "RateAgeing": [0.0, 0.0, 0.0, 0.0, 0.0, 0.0, 0.0, 0.0, 0.0, 0.0, 0.0, 0.0, 0.0, 0.0, 0.0, 0.0, 0.0, 0.0, 0.0, 0.0, 0.0, 0.0, 0.0, 0.0, 0.0, 0.0, 0.0, 0.0, 0.0, 0.0, 0.0, 0.0, 0.0, 0.0, 0.0, 0.0, 0.0, 0.0, 0.0, 0.0, 0.0, 0.0, 0.0, 0.0, 0.0, 0.0, 0.0, 0.0, 0.0, 0.0, 0.0, 0.0, 0.0, 0.0, 0.0, 0.0, 0.0, 0.0, 0.0, 0.0, 0.0, 0.0, 0.0, 0.0, 0.0, 0.0, 0.0, 0.0, 0.0, 0.0, 0.0, 0.0, 0.0, 0.0, 0.0, 0.0, 0.0, 0.0, 0.0, 0.0, 0.0, 0.0, 0.0, 0.0, 0.0, 0.0, 0.0, 0.0, 0.0, 0.0, 0.0, 0.0, 0.0, 0.0, 0.0, 0.0, 0.0, 0.0, 0.0, 0.0, 0.0, 0.0, 0.0, 0.0, 0.0, 0.0, 0.0, 0.0, 0.0, 0.0, 0.0, 0.0, 0.0, 0.0, 0.0, 0.0, 0.0, 0.0, 0.0, 0.0, 0.0, 0.0, 0.0, 0.0, 0.0, 0.0, 0.0, 0.0, 0.0, 0.0, 0.0, 0.0, 0.0], "RateDeath": [0.008263833643498848, 0.008207550832709723, 0.008151651349432621, 0.008096132582924057, 0.00804099194022164, 0.007986226846022968, 0.00793183474256535, 0.007877813089506346, 0.007824159363805129, 0.00777087105960464, 0.007717945688114559, 0.007665380777495063, 0.0076131738727413896, 0.0075613225355691685, 0.0075098243443005456, 0.0074586768937510844, 0.0074078777951174304, 0.007357424675865743, 0.00730731517962089, 0.007257546966056397, 0.007208117710785136, 0.007159025105250777, 0.00711026685661996, 0.007061840687675217, 0.007013744336708612, 0.006965975557416107, 0.0069185321187926595, 0.006871411805028016, 0.006824612415403226, 0.006778131764187863, 0.006731967680537939, 0.006686118008394515, 0.006640580606383008, 0.006595353347713175, 0.006550434120079789, 0.006505820825563978, 0.0064615113805352505, 0.006417503715554175, 0.0063737957752757314, 0.006330385518353319, 0.0062872709173434115, 0.0062444499586108764, 0.006201920642234918, 0.0061596809819156806, 0.006117729004881478, 0.006076062751796657, 0.006034680276670085, 0.005993579646764268, 0.0059527589425050825, 0.0059122162573921186, 0.005871949697909649, 0.00583195738343818, 0.005792237446166631, 0.005752788031005093, 0.005713607295498186, 0.005674693409739018, 0.005636044556283709, 0.005597658930066519, 0.005559534738315534, 0.0055216702004689455, 0.005484063548091882, 0.005446713024793823, 0.005409616886146562, 0.005372773399602738, 0.005336180844414921, 0.005299837511555233, 0.005263741703635549, 0.0052278917348282, 0.0051922859307872585, 0.005156922628570323, 0.005121800176560859, 0.005086916934391063, 0.005052271272865245, 0.005017861573883743, 0.004983686230367348, 0.004949743646182246, 0.004916032236065477, 0.004882550425550889, 0.004849296650895607, 0.004816269359007005, 0.004783467007370158, 0.004750888063975813, 0.004718531007248828, 0.0046863943259771125, 0.004654476519241046, 0.004622776096343381, 0.004591291576739617, 0.004560021489968857, 0.004528964375585126, 0.00449811878308917, 0.0044674832718607, 0.0044370564110911195, 0.004406836779716694, 0.004376822966352181, 0.004347013569224918, 0.004317407196109346, 0.0042880024642619925, 0.004258798000356887, 0.0042297924404214255, 0.004200984429772664, 0.00417237262295405, 0.004143955683672583, 0.004115732284736408, 0.00408770110799282, 0.0040598608442667175, 0.004032210193299439, 0.00400474786368805, 0.003977472572825022, 0.003950383046838332, 0.003923478020531966, 0.00389675623732683, 0.0038702164492020598, 0.003843857416636737, 0.003817677908551995, 0.003791676702253525, 0.0037658525833744673, 0.0037402043458187, 0.003714730791704505, 0.0036894307313086235, 0.003664302983010691, 0.0036393463732380506, 0.0036145597364109425, 0.003589941914888065, 0.0035654917589125093, 0.00354120812655806, 0.0035170898836758627, 0.003493135903841455, 0.003469345068302156, 0.0034457162659248175, 0.0034222483931439294, 0.003398940353910076, 0.0033757910596387505, 0.0033527994291595066],