{"Year": [1970.0, 1970.5, 1971.0, 1971.5, 1972.0, 1972.5, 1973.0, 1973.5, 1974.0, 1974.5, 1975.0, 1975.5, 1976.0, 1976.5, 1977.0, 1977.5, 1978.0, 1978.5, 1979.0, 1979.5, 1980.0, 1980.5, 1981.0, 1981.5, 1982.0, 1982.5, 1983.0, 1983.5, 1984.0, 1984.5, 1985.0, 1985.5, 1986.0, 1986.5, 1987.0, 1987.5, 1988.0, 1988.5, 1989.0, 1989.5, 1990.0, 1990.5, 1991.0, 1991.5, 1992.0, 1992.5, 1993.0, 1993.5, 1994.0, 1994.5, 1995.0, 1995.5, 1996.0, 1996.5, 1997.0, 1997.5, 1998.0, 1998.5, 1999.0, 1999.5, 2000.0, 2000.5, 2001.0, 2001.5, 2002.0, 2002.5, 2003.0, 2003.5, 2004.0, 2004.5, 2005.0, 2005.5, 2006.0, 2006.5, 2007.0, 2007.5, 2008.0, 2008.5, 2009.0, 2009.5, 2010.0, 2010.5, 2011.0, 2011.5, 2012.0, 2012.5, 2013.0, 2013.5, 2014.0, 2014.5, 2015.0, 2015.5, 2016.0, 2016.5, 2017.0, 2017.5, 2018.0, 2018.5, 2019.0, 2019.5, 2020.0, 2020.5, 2021.0, 2021.5, 2022.0, 2022.5, 2023.0, 2023.5, 2024.0, 2024.5, 2025.0, 2025.5, 2026.0, 2026.5, 2027.0, 2027.5, 2028.0, 2028.5, 2029.0, 2029.5, 2030.0, 2030.5, 2031.0, 2031.5, 2032.0, 2032.5, 2033.0, 2033.5, 2034.0, 2034.5, 2035.0, 2035.5, 2036.0], "N": [8976952.171218086, 9137711.05795285, 9299939.866996596, 9463626.516226718, 9628758.531328958, 9795323.24605906, 9963307.772917828, 10132698.171273751, 10303480.143166859, 10475639.071079323, 10649160.017935464, 10824027.727101741, 11000226.622386752, 11177740.808041245, 11356554.0687581, 11536649.869672354, 11718011.356361175, 11900621.354843875, 12084462.37158192, 12269516.593478901, 12455765.887880564, 12643191.802574793, 12831775.565791618, 13021498.086203204, 13212339.952923872, 13404281.435510067, 13597302.483960396, 13791382.728715595, 13986501.48065855, 14182637.731114285, 14379770.151849966, 14577877.095074913, 14776936.593440568, 14976926.360040536, 15177823.788410554, 15379605.952528499, 15582249.606814401, 15785731.186130427, 15990026.805780878, 16195112.261512216, 16400963.029513035, 16607554.266414065, 16814860.80928819, 17022857.175650433, 17231508.194518268, 17440767.3815878, 17650612.631269302, 17861022.490779135, 18071975.014840174, 18283447.765681818, 18495417.81303999, 18707861.734157115, 18920755.613782167, 19134075.04417061, 19347795.125084456, 19561890.46379221, 19776335.17506891, 19991102.881196123, 20206166.711961925, 20421499.3046609, 20637072.80409418, 20852858.862569395, 21068828.639900707, 21284952.803408787, 21501201.527920835, 21717544.49577057, 21933950.896798223, 22150389.42835055, 22366828.29528084, 22583235.20994888, 22799577.392220978, 23015821.56946999, 23231933.976575255, 23447880.35592266, 23663625.9574046, 23879135.53841998, 24094373.363874253, 24309303.206179366, 24523888.345253788, 24738091.568522524, 24951875.17091709, 25165200.954875518, 25378030.23034236, 25590323.814768698, 25802042.033112124, 26013144.71783676, 26223591.20891323, 26433340.353818692, 26642350.50753683, 26850579.532557823, 27057984.7988784, 27264523.184001792, 27470151.07293775, 27674824.358202554, 27878498.43981899, 28081128.225316375, 28282668.129730552, 28483072.075603873, 28682293.4929852, 28880285.319429938, 29077000.0, 29272389.487263814, 29466405.241296344, 29658998.229679056, 29850118.927499946, 30039717.31735352, 30227742.88934083, 30414144.64106941, 30598871.077653345, 30781870.211713225, 30963089.563376162, 31142476.160275783, 31319976.537552256, 31495536.737852246, 31669102.311328948, 31840618.315642066, 32010029.315957837, 32177279.384949025, 32342312.102794886, 32505070.55718122, 32665497.343300346, 32823534.56385108, 32979123.829038795, 33132206.25657534, 33282713.276134565, 33430535.117441703, 33575595.42842107, 33717822.695303045, 33857144.2216706, 33993486.12845933, 34126773.35395745, 34256929.653805815, 34383877.60099787], "RateAgeing": [0.0, 0.0, 0.0, 0.0, 0.0, 0.0, 0.0, 0.0, 0.0, 0.0, 0.0, 0.0, 0.0, 0.0, 0.0, 0.0, 0.0, 0.0, 0.0, 0.0, 0.0, 0.0, 0.0, 0.0, 0.0, 0.0, 0.0, 0.0, 0.0, 0.0, 0.0, 0.0, 0.0, 0.0, 0.0, 0.0, 0.0, 0.0, 0.0, 0.0, 0.0, 0.0, 0.0, 0.0, 0.0, 0.0, 0.0, 0.0, 0.0, 0.0, 0.0, 0.0, 0.0, 0.0, 0.0, 0.0, 0.0, 0.0, 0.0, 0.0, 0.0, 0.0, 0.0, 0.0, 0.0, 0.0, 0.0, 0.0, 0.0, 0.0, 0.0, 0.0, 0.0, 0.0, 0.0, 0.0, 0.0, 0.0, 0.0, 0.0, 0.0, 0.0, 0.0, 0.0, 0.0, 0.0, 0.0, 0.0, 0.0, 0.0, 0.0, 0.0, 0.0, 0.0, 0.0, 0.0, 0.0, 0.0, 0.0, 0.0, 0.0, 0.0, 0.0, 0.0, 0.0, 0.0, 0.0, 0.0, 0.0, 0.0, 0.0, 0.0, 0.0, 0.0, 0.0, 0.0, 0.0, 0.0, 0.0, 0.0, 0.0, 0.0, 0.0, 0.0, 0.0, 0.0, 0.0, 0.0, 0.0, 0.0, 0.0, 0.0, 0.0], "RateDeath": [0.013034942360166234, 0.01293756592961584, 0.012840916941424968, 0.012744989961297217, 0.01264977959553263, 0.012555280490724432, 0.012461487333458011, 0.012368394850012187, 0.012275997806062639, 0.012184291006387645, 0.012093269294575935, 0.012002927552736773, 0.011913260701212193, 0.01182426369829138, 0.011735931539927193, 0.011648259259454808, 0.011561241927312432, 0.01147487465076416, 0.01138915257362485, 0.011304070875987081, 0.011219624773950136, 0.011135809519351026, 0.011052620399497512, 0.010970052736903121, 0.010888101889024143, 0.010806763247998603, 0.01072603224038716, 0.01064590432691597, 0.010566375002221445, 0.010487439794596935, 0.010409094265741294, 0.01033133401050933, 0.010254154656664112, 0.010177551864631134, 0.010101521327254314, 0.010026058769553817, 0.009951159948485675, 0.009876820652703224, 0.009803036702320309, 0.00972980394867626, 0.009657118274102615, 0.00958497559169162, 0.009513371845066407, 0.009442303008152934, 0.009371765084953597, 0.009301754109322557, 0.009232266144742733, 0.009163297284104453, 0.009094843649485785, 0.009026901391934478, 0.008959466691251555, 0.008892535755776509, 0.008826104822174111, 0.008760170155222813, 0.008694728047604716, 0.008629774819697126, 0.008565306819365664, 0.008501320421758905, 0.00843781202910457, 0.008374778070507233, 0.008312215001747541, 0.008250119305082926, 0.008188487489049823, 0.008127316088267344, 0.00806660166324244, 0.008006340800176497, 0.0079465301107734, 0.007887166232049008, 0.007828245826142069, 0.007769765580126542, 0.007711722205825315, 0.007654112439625328, 0.007596933042294062, 0.007540180798797412, 0.007483852518118912, 0.007427945033080312, 0.0073724552001635, 0.0073173798993337496, 0.007262716033864287, 0.007208460530162174, 0.007154610337595488, 0.007101162428321794, 0.007048113797117894, 0.006995461461210857, 0.006943202460110306, 0.00689133385544195, 0.00683985273078238, 0.0067887561914950776, 0.00673804136456766, 0.006687705398450343, 0.0066377454628956, 0.006588158748799029, 0.006538942468041403, 0.006490093853331906, 0.006441610158052531, 0.006393488656103647, 0.006345726641750722, 0.006298321429472181, 0.006251270353808411, 0.006204570769211889, 0.006158220049898431, 0.00611221558969955, 0.006066554801915918, 0.006021235119171928, 0.005976253993271332, 0.005931608895053968, 0.005887297314253547, 0.0058433167593565155, 0.005799664757461957, 0.005756338854142553, 0.005713336613306576, 0.005670655617060914, 0.005628293465575121, 0.005586247776946481, 0.00554451618706608, 0.0055030963494858785, 0.005461985935286777, 0.005421182632947671, 0.005380684148215476, 0.005340488203976131, 0.005300592540126563, 0.005260994913447606, 0.005221693097477875, 0.005182684882388573, 0.005143968074859241, 0.005105540497954436, 0.005067399991001327, 0.005029544409468205, 0.0049919716248439045, 0.004954679524518119, 0.00491766601166262, 0.004880929005113356, 0.004844466439253436],