{"Year": [1970.0, 1970.5, 1971.0, 1971.5, 1972.0, 1972.5, 1973.0, 1973.5, 1974.0, 1974.5, 1975.0, 1975.5, 1976.0, 1976.5, 1977.0, 1977.5, 1978.0, 1978.5, 1979.0, 1979.5, 1980.0, 1980.5, 1981.0, 1981.5, 1982.0, 1982.5, 1983.0, 1983.5, 1984.0, 1984.5, 1985.0, 1985.5, 1986.0, 1986.5, 1987.0, 1987.5, 1988.0, 1988.5, 1989.0, 1989.5, 1990.0, 1990.5, 1991.0, 1991.5, 1992.0, 1992.5, 1993.0, 1993.5, 1994.0, 1994.5, 1995.0, 1995.5, 1996.0, 1996.5, 1997.0, 1997.5, 1998.0, 1998.5, 1999.0, 1999.5, 2000.0, 2000.5, 2001.0, 2001.5, 2002.0, 2002.5, 2003.0, 2003.5, 2004.0, 2004.5, 2005.0, 2005.5, 2006.0, 2006.5, 2007.0, 2007.5, 2008.0, 2008.5, 2009.0, 2009.5, 2010.0, 2010.5, 2011.0, 2011.5, 2012.0, 2012.5, 2013.0, 2013.5, 2014.0, 2014.5, 2015.0, 2015.5, 2016.0, 2016.5, 2017.0, 2017.5, 2018.0, 2018.5, 2019.0, 2019.5, 2020.0, 2020.5, 2021.0, 2021.5, 2022.0, 2022.5, 2023.0, 2023.5, 2024.0, 2024.5, 2025.0, 2025.5, 2026.0, 2026.5, 2027.0, 2027.5, 2028.0, 2028.5, 2029.0, 2029.5, 2030.0, 2030.5, 2031.0, 2031.5, 2032.0, 2032.5, 2033.0, 2033.5, 2034.0, 2034.5, 2035.0, 2035.5, 2036.0], "N": [331390799.8003317, 341124575.69771576, 350977461.032808, 360946082.919713, 371026998.1716147, 381217284.806975, 391513427.3410664, 401911401.5483427, 412407194.28816545, 422996803.504805, 433676238.22744, 444441518.57015735, 455288675.7319524, 466213751.99672884, 477212800.7332987, 488281886.3953823, 499417084.5216085, 510614481.7355143, 521870175.74554545, 533180275.3450556, 544540900.4123069, 555948181.9104702, 567398261.8876245, 578887293.4767566, 590411440.8957626, 601966879.4474465, 613549795.5195204, 625156386.5846055, 636782861.2002306, 648425439.0088334, 660080350.7377595, 671743838.1992632, 683412154.2905073, 695081562.9935625, 706748339.375408, 718408769.5879319, 730059150.8679296, 741695791.5371062, 753315011.0020738, 764913139.7543538, 776486685.6413636, 788032721.9619673, 799548361.8806757, 811030775.0264606, 822477192.6051086, 833884907.3992218, 845251273.7682168, 856573707.6483265, 867849686.5525978, 879076749.5708933, 890252497.369891, 901374592.1930839, 912440757.8607796, 923448779.7701018, 934396504.8949885, 945281841.7861938, 956102760.5712861, 966857292.9546493, 977543532.2174828, 988159633.2178005, 998703812.390432, 1009174347.7470218, 1019569578.8760296, 1029887906.9427308, 1040127794.689215, 1050287766.4343874, 1060366408.0739689, 1070362367.0804948, 1080274352.503316, 1090101134.968598, 1099841546.6793225, 1109494481.4152853, 1119058894.5330982, 1128533802.966188, 1137918285.2247956, 1147211481.3959792, 1156412593.1436095, 1165520883.7083747, 1174535677.907777, 1183456362.1361341, 1192282384.3645787, 1201013254.141059, 1209648542.590338, 1218187882.4139934, 1226630967.8904195, 1234977554.8748243, 1243227460.7992322, 1251380564.6724815, 1259436807.080227, 1267396190.1849375, 1275258777.7258973, 1283024695.019207, 1290694128.9577804, 1298267328.0113478, 1305744602.226454, 1313126323.2264602, 1320412924.2115412, 1327604899.958688, 1334702806.8217058, 1341706777.6440187, 1348616000.0, 1355430833.015073, 1362151726.7190518, 1368779144.8180637, 1375313564.6945488, 1381755477.407262, 1388105387.6912715, 1394363813.957959, 1400531288.2950196, 1406608356.4664624, 1412595577.91261, 1418493525.7500992, 1424302786.7718792, 1430023961.447214, 1435657663.9216807, 1441204522.01717, 1446665177.2318864, 1452040284.740348, 1457330513.3933868, 1462536545.7181482, 1467659077.9180906, 1472698819.872987, 1477656495.1389244, 1482532840.9483013, 1487328608.2098322, 1492044561.5085444, 1496681479.1057782, 1501240152.9391887, 1505721388.6227436, 1510126005.4467244, 1514454836.3777273, 1518708728.0586603, 1522888540.8087468], "RateAgeing": [0.0, 0.0, 0.0, 0.0, 0.0, 0.0, 0.0, 0.0, 0.0, 0.0, 0.0, 0.0, 0.0, 0.0, 0.0, 0.0, 0.0, 0.0, 0.0, 0.0, 0.0, 0.0, 0.0, 0.0, 0.0, 0.0, 0.0, 0.0, 0.0, 0.0, 0.0, 0.0, 0.0, 0.0, 0.0, 0.0, 0.0, 0.0, 0.0, 0.0, 0.0, 0.0, 0.0, 0.0, 0.0, 0.0, 0.0, 0.0, 0.0, 0.0, 0.0, 0.0, 0.0, 0.0, 0.0, 0.0, 0.0, 0.0, 0.0, 0.0, 0.0, 0.0, 0.0, 0.0, 0.0, 0.0, 0.0, 0.0, 0.0, 0.0, 0.0, 0.0, 0.0, 0.0, 0.0, 0.0, 0.0, 0.0, 0.0, 0.0, 0.0, 0.0, 0.0, 0.0, 0.0, 0.0, 0.0, 0.0, 0.0, 0.0, 0.0, 0.0, 0.0, 0.0, 0.0, 0.0, 0.0, 0.0, 0.0, 0.0, 0.0, 0.0, 0.0, 0.0, 0.0, 0.0, 0.0, 0.0, 0.0, 0.0, 0.0, 0.0, 0.0, 0.0, 0.0, 0.0, 0.0, 0.0, 0.0, 0.0, 0.0, 0.0, 0.0, 0.0, 0.0, 0.0, 0.0, 0.0, 0.0, 0.0, 0.0, 0.0, 0.0], "RateMig": [0.0, 0.0, 0.0, 0.0, 0.0, 0.0, 0.0, 0.0, 0.0, 0.0, 0.0, 0.0, 0.0, 0.0, 0.0, 0.0, 0.0, 0.0, 0.0, 0.0, 0.0, 0.0, 0.0, 0.0, 0.0, 0.0, 0.0, 0.0, 0.0, 0.0, 0.0, 0.0, 0.0, 0.0, 0.0, 0.0, 0.0, 0.0, 0.0, 0.0, 0.0, 0.0, 0.0, 0.0, 0.0, 0.0, 0.0, 0.0, 0.0, 0.0, 0.0, 0.0, 0.0, 0.0, 0.0, 0.0, 0.0, 0.0, 0.0, 0.0, 0.0, 0.0, 0.0, 0.0, 0.0, 0.0, 0.0, 0.0, 0.0, 0.0, 0.0, 0.0, 0.0, 0.0, 0.0, 0.0, 0.0, 0.0, 0.0, 0.0, 0.0, 0.0, 0.0, 0.0, 0.0, 0.0, 0.0, 0.0, 0.0, 0.0, 0.0, 0.0, 0.0, 0.0, 0.0, 0.0, 0.0, 0.0, 0.0, 0.0, 0.0, 0.0, 0.0, 0.0, 0.0, 0.0, 0.0, 0.0, 0.0, 0.0, 0.0, 0.0, 0.0, 0.0, 0.0, 0.0, 0.0, 0.0, 0.0, 0.0, 0.0, 0.0, 0.0, 0.0, 0.0, 0.0, 0.0, 0.0, 0.0, 0.0, 0.0, 0.0, 0.0], "RateDeath": [0.01635999332063662, 0.016215558255265546, 0.016072398342499968, 0.015930502324587748, 0.015789859043166387, 0.01565045743838559, 0.01551228654803755, 0.015375335506694858, 0.015239593544856133, 0.015105049988099091, 0.014971694256241156, 0.01483951586250745, 0.014708504412706137, 0.014578649604411065, 0.014449941226151584, 0.014322369156609555, 0.014195923363823432, 0.014070593904399376, 0.013946370922729314, 0.013823244650215942, 0.013701205404504526, 0.013580243588721517, 0.013460349690719867, 0.01334151428233102, 0.013223728018623511, 0.013106981637168091, 0.012991265957309355, 0.012876571879443802, 0.012762890384304268, 0.01265021253225065, 0.012538529462566946, 0.012427832392764446, 0.0123181126178911, 0.012209361509846998, 0.012101570516705858, 0.011994731162042535, 0.011888835044266452, 0.011783873835960915, 0.01167983928322827, 0.011576723205040832, 0.011474517492597557, 0.011373214108686372, 0.011272805087052163, 0.011173282531770311, 0.011074638616625797, 0.010976865584497742, 0.010879955746749425, 0.010783901482623664, 0.010688695238643525, 0.010594329528018353, 0.010500796930055012, 0.010408090089574355, 0.010316201716332818, 0.01022512458444914, 0.010134851531836133, 0.010045375459637473, 0.009956689331669466, 0.009868786173867737, 0.009781659073738807, 0.00969530117981651, 0.009609705701123211, 0.009524865906635782, 0.009440775124756287, 0.009357426742787344, 0.00927481420641212, 0.009192931019178913, 0.009111770741990292, 0.009031326992596731, 0.008951593445094738, 0.008872563829429393, 0.008794231930901284, 0.008716591589677802, 0.008639636700308748, 0.008563361211246208, 0.008487759124368686, 0.00841282449450941, 0.008338551428988834, 0.00826493408715124, 0.008191966679905448, 0.00811964346926958, 0.008047958767919828, 0.007976906938743228, 0.00790648239439436, 0.007836679596855984, 0.007767493057003532, 0.007698917334173469, 0.00763094703573544, 0.007563576816668214, 0.0074968013791393605, 0.007430615472088647, 0.0073650138908151, 0.007299991476567723, 0.007235543116139828, 0.007171663741466942, 0.007108348329228262, 0.007045591900451647, 0.006983389520122065, 0.006921736296793533, 0.006860627382204453, 0.0068000579708963615, 0.0067400232998360374, 0.006680518648040953, 0.006621539336208024, 0.006563080726345638, 0.006505138221408938, 0.00644770726493832, 0.006390783340701127, 0.006334361972336495, 0.006278438723003356, 0.00622300919503152, 0.006168069029575866, 0.006113613906273565, 0.00605963954290434, 0.006006141695053723, 0.0059531161557792815, 0.005900558755279798, 0.005848465360567365, 0.005796831875142375, 0.005745654238671388, 0.00569492842666783, 0.005644650450175518, 0.0055948163554549795, 0.005545422223672544, 0.005496464170592167, 0.005447938346269988, 0.005399840934751578, 0.005352168153771867, 0.00530491625445771, 0.005258081521033083, 0.005211660270526894, 0.005165648852483352, 0.005120043648674906, 0.0050748410728177215],