{"Year": [1970.0, 1970.5, 1971.0, 1971.5, 1972.0, 1972.5, 1973.0, 1973.5, 1974.0, 1974.5, 1975.0, 1975.5, 1976.0, 1976.5, 1977.0, 1977.5, 1978.0, 1978.5, 1979.0, 1979.5, 1980.0, 1980.5, 1981.0, 1981.5, 1982.0, 1982.5, 1983.0, 1983.5, 1984.0, 1984.5, 1985.0, 1985.5, 1986.0, 1986.5, 1987.0, 1987.5, 1988.0, 1988.5, 1989.0, 1989.5, 1990.0, 1990.5, 1991.0, 1991.5, 1992.0, 1992.5, 1993.0, 1993.5, 1994.0, 1994.5, 1995.0, 1995.5, 1996.0, 1996.5, 1997.0, 1997.5, 1998.0, 1998.5, 1999.0, 1999.5, 2000.0, 2000.5, 2001.0, 2001.5, 2002.0, 2002.5, 2003.0, 2003.5, 2004.0, 2004.5, 2005.0, 2005.5, 2006.0, 2006.5, 2007.0, 2007.5, 2008.0, 2008.5, 2009.0, 2009.5, 2010.0, 2010.5, 2011.0, 2011.5, 2012.0, 2012.5, 2013.0, 2013.5, 2014.0, 2014.5, 2015.0, 2015.5, 2016.0, 2016.5, 2017.0, 2017.5, 2018.0, 2018.5, 2019.0, 2019.5, 2020.0, 2020.5, 2021.0, 2021.5, 2022.0, 2022.5, 2023.0, 2023.5, 2024.0, 2024.5, 2025.0, 2025.5, 2026.0, 2026.5, 2027.0, 2027.5, 2028.0, 2028.5, 2029.0, 2029.5, 2030.0, 2030.5, 2031.0, 2031.5, 2032.0, 2032.5, 2033.0, 2033.5, 2034.0, 2034.5, 2035.0, 2035.5, 2036.0], "N": [8128690.617811951, 8367559.675782406, 8609861.867241127, 8855544.866999604, 9104554.421611315, 9356842.844473027, 9612352.38370176, 9871016.946794132, 10132769.837026596, 10397543.753455464, 10665270.79091688, 10935882.440026844, 11209309.587181192, 11485482.514555609, 11764330.900105622, 12045783.817566603, 12329769.736453773, 12616216.522062197, 12905051.43546678, 13196201.13352227, 13489591.668863272, 13785148.489904223, 14082796.440839414, 14382459.761642972, 14684062.088068875, 14987526.451650945, 15292775.279702846, 15599730.395318087, 15908313.017370028, 16218443.760511866, 16530042.635176646, 16843029.04757726, 17157321.79970644, 17472839.08933676, 17789498.510020655, 18107217.05109039, 18425911.09765807, 18745496.430615664, 19065888.22663497, 19387001.058167633, 19708763.102772497, 20031121.540788677, 20354000.161520813, 20677323.11698799, 21001015.710837748, 21325004.398346085, 21649216.786417466, 21973581.633584797, 22298028.850009453, 22622489.497481268, 22946895.789418522, 23271181.090867966, 23595279.9185048, 23919127.940632686, 24242661.977183737, 24565819.999718532, 24888541.131426103, 25210765.647123937, 25532434.97325799, 25853491.687902655, 26173879.520760804, 26493543.353163756, 26812429.218071286, 27130484.300071627, 27447656.93538148, 27763896.61184599, 28079153.968938764, 28393380.79776187, 28706530.04104583, 29018555.793149624, 29329413.300060693, 29639058.95939493, 29947450.320396688, 30254546.08393878, 30560306.10252247, 30864691.38027749, 31167664.072962012, 31469187.487962693, 31769226.084294617, 32067745.47260135, 32364712.415154897, 32660094.82585574, 32953861.770232793, 33245983.465443455, 33536431.280273557, 33825177.73513742, 34112196.50207777, 34397462.40476586, 34680951.41850135, 34962640.67021235, 35242508.438455485, 35520534.153415784, 35796698.39690674, 36070982.90237032, 36343370.55487696, 36613845.39112552, 36882392.01888826, 37148992.73461816, 37413634.89371314, 37676307.457550794, 37937000.0, 38195702.70742097, 38452406.37866524, 38707102.42507564, 38959782.870486364, 39210440.35122287, 39459068.11610198, 39705660.026431814, 39950210.55601181, 40192714.79113273, 40433168.43057666, 40671567.785617, 40907909.780018464, 41142191.9500371, 41374412.444420256, 41604570.02440662, 41832664.06372617, 42058694.54860024, 42282662.077741444, 42504567.86235376, 42724413.72613243, 42942202.105264075, 43157936.04842659, 43371619.21678919, 43583255.88401245, 43792850.93624823, 44000409.87213971, 44205938.8028214, 44409444.451919116, 44610934.15555002, 44810415.862322554, 45007898.133336514, 45203390.142183006], "RateAgeing": [0.0, 0.0, 0.0, 0.0, 0.0, 0.0, 0.0, 0.0, 0.0, 0.0, 0.0, 0.0, 0.0, 0.0, 0.0, 0.0, 0.0, 0.0, 0.0, 0.0, 0.0, 0.0, 0.0, 0.0, 0.0, 0.0, 0.0, 0.0, 0.0, 0.0, 0.0, 0.0, 0.0, 0.0, 0.0, 0.0, 0.0, 0.0, 0.0, 0.0, 0.0, 0.0, 0.0, 0.0, 0.0, 0.0, 0.0, 0.0, 0.0, 0.0, 0.0, 0.0, 0.0, 0.0, 0.0, 0.0, 0.0, 0.0, 0.0, 0.0, 0.0, 0.0, 0.0, 0.0, 0.0, 0.0, 0.0, 0.0, 0.0, 0.0, 0.0, 0.0, 0.0, 0.0, 0.0, 0.0, 0.0, 0.0, 0.0, 0.0, 0.0, 0.0, 0.0, 0.0, 0.0, 0.0, 0.0, 0.0, 0.0, 0.0, 0.0, 0.0, 0.0, 0.0, 0.0, 0.0, 0.0, 0.0, 0.0, 0.0, 0.0, 0.0, 0.0, 0.0, 0.0, 0.0, 0.0, 0.0, 0.0, 0.0, 0.0, 0.0, 0.0, 0.0, 0.0, 0.0, 0.0, 0.0, 0.0, 0.0, 0.0, 0.0, 0.0, 0.0, 0.0, 0.0, 0.0, 0.0, 0.0, 0.0, 0.0, 0.0, 0.0], "RateMig": [0.0, 0.0, 0.0, 0.0, 0.0, 0.0, 0.0, 0.0, 0.0, 0.0, 0.0, 0.0, 0.0, 0.0, 0.0, 0.0, 0.0, 0.0, 0.0, 0.0, 0.0, 0.0, 0.0, 0.0, 0.0, 0.0, 0.0, 0.0, 0.0, 0.0, 0.0, 0.0, 0.0, 0.0, 0.0, 0.0, 0.0, 0.0, 0.0, 0.0, 0.0, 0.0, 0.0, 0.0, 0.0, 0.0, 0.0, 0.0, 0.0, 0.0, 0.0, 0.0, 0.0, 0.0, 0.0, 0.0, 0.0, 0.0, 0.0, 0.0, 0.0, 0.0, 0.0, 0.0, 0.0, 0.0, 0.0, 0.0, 0.0, 0.0, 0.0, 0.0, 0.0, 0.0, 0.0, 0.0, 0.0, 0.0, 0.0, 0.0, 0.0, 0.0, 0.0, 0.0, 0.0, 0.0, 0.0, 0.0, 0.0, 0.0, 0.0, 0.0, 0.0, 0.0, 0.0, 0.0, 0.0, 0.0, 0.0, 0.0, 0.0, 0.0, 0.0, 0.0, 0.0, 0.0, 0.0, 0.0, 0.0, 0.0, 0.0, 0.0, 0.0, 0.0, 0.0, 0.0, 0.0, 0.0, 0.0, 0.0, 0.0, 0.0, 0.0, 0.0, 0.0, 0.0, 0.0, 0.0, 0.0, 0.0, 0.0, 0.0, 0.0], "RateDeath": [0.028677866330447718, 0.028239895920232093, 0.02780861422520936, 0.02738391909484633, 0.026965709938659977, 0.026553887702392295, 0.026148354844548933, 0.025749015313296146, 0.025355774523710642, 0.02496853933537677, 0.024587218030325927, 0.024211720291312824, 0.023841957180423572, 0.023477841118010413, 0.02311928586194817, 0.022766206487207542, 0.02241851936574029, 0.022076142146671668, 0.02173899373679534, 0.021406994281366165, 0.021080065145186348, 0.020758128893980404, 0.02044110927605461, 0.02012893120423652, 0.019821520738090306, 0.019518805066403744, 0.019220712489942587, 0.018927172404468402, 0.018638115284015693, 0.01835347266442443, 0.018073177127124123, 0.017797162283165448, 0.01752536275749584, 0.01725771417347518, 0.016994153137627952, 0.01673461722462832, 0.016479044962514438, 0.016227375818128636, 0.01597955018277991, 0.015735509358125434, 0.015495195542267621, 0.015258551816063587, 0.015025522129643627, 0.014796051289135623, 0.014570084943592193, 0.014347569572117481, 0.014128452471190557, 0.013912681742182395, 0.013700206279063517, 0.013490975756299359, 0.013284940616930493, 0.013082052060834886, 0.01288226203316944, 0.012685523212988032, 0.01249178900203338, 0.012301013513700101, 0.012113151562166304, 0.01192815865169118, 0.011745990966076031, 0.011566605358286252, 0.011389959340231817, 0.011216011072703827, 0.011044719355464748, 0.010876043617490002, 0.010709943907358573, 0.01054638088379039, 0.010385315806328198, 0.010226710526161756, 0.010070527477092164, 0.00991672966663417, 0.009765280667254395, 0.009616144607743324, 0.009469286164719107, 0.009324670554261087, 0.00918226352367111, 0.009042031343360664, 0.0089039407988619, 0.008767959182960689, 0.00863405428794979, 0.008502194398000358, 0.00837234828164993, 0.00824448518440517, 0.008118574821457527, 0.007994587370510212, 0.007872493464714664, 0.007752264185714911, 0.007633871056798179, 0.007517286036150065, 0.007402481510212746, 0.007289430287144615, 0.0071781055903798, 0.007068481052286046, 0.006960530707919447, 0.006854228988874564, 0.006749550717228461, 0.006646471099577226, 0.006544965721163577, 0.006445010540094131, 0.0063465818816450135, 0.00624965643265441, 0.006154211236000769, 0.00606022368516533, 0.005967671518877689, 0.005876532815843146, 0.005786785989550568, 0.005698409783159556, 0.005611383264465681, 0.0055256858209426305, 0.005441297154860053, 0.005358197278475979, 0.0052763665093026515, 0.005195785465444665, 0.005116435061008295, 0.0050382965015809385, 0.004961351279779602, 0.004885581170867355, 0.0048109682284367405, 0.004737494780159115, 0.00466514342359889, 0.004593897022091709, 0.004523738700685569, 0.004454651842143933, 0.00438662008300988, 0.004319627309730364, 0.004253657654839664, 0.004188695493201124, 0.004124725438306283, 0.004061732338630529, 0.00399970127404441, 0.003938617552279749, 0.0038784667054497326, 0.0038192344866221414, 0.0037609068664449163],