{"Year": [1970.0, 1970.5, 1971.0, 1971.5, 1972.0, 1972.5, 1973.0, 1973.5, 1974.0, 1974.5, 1975.0, 1975.5, 1976.0, 1976.5, 1977.0, 1977.5, 1978.0, 1978.5, 1979.0, 1979.5, 1980.0, 1980.5, 1981.0, 1981.5, 1982.0, 1982.5, 1983.0, 1983.5, 1984.0, 1984.5, 1985.0, 1985.5, 1986.0, 1986.5, 1987.0, 1987.5, 1988.0, 1988.5, 1989.0, 1989.5, 1990.0, 1990.5, 1991.0, 1991.5, 1992.0, 1992.5, 1993.0, 1993.5, 1994.0, 1994.5, 1995.0, 1995.5, 1996.0, 1996.5, 1997.0, 1997.5, 1998.0, 1998.5, 1999.0, 1999.5, 2000.0, 2000.5, 2001.0, 2001.5, 2002.0, 2002.5, 2003.0, 2003.5, 2004.0, 2004.5, 2005.0, 2005.5, 2006.0, 2006.5, 2007.0, 2007.5, 2008.0, 2008.5, 2009.0, 2009.5, 2010.0, 2010.5, 2011.0, 2011.5, 2012.0, 2012.5, 2013.0, 2013.5, 2014.0, 2014.5, 2015.0, 2015.5, 2016.0, 2016.5, 2017.0, 2017.5, 2018.0, 2018.5, 2019.0, 2019.5, 2020.0, 2020.5, 2021.0, 2021.5, 2022.0, 2022.5, 2023.0, 2023.5, 2024.0, 2024.5, 2025.0, 2025.5, 2026.0, 2026.5, 2027.0, 2027.5, 2028.0, 2028.5, 2029.0, 2029.5, 2030.0, 2030.5, 2031.0, 2031.5, 2032.0, 2032.5, 2033.0, 2033.5, 2034.0, 2034.5, 2035.0, 2035.5, 2036.0], "N": [6465464.543599856, 6654111.045609613, 6845406.8714756025, 7039307.072526842, 7235765.098964651, 7434740.941857453, 7636185.65040565, 7840042.428845848, 8046254.019725397, 8254762.703902387, 8465510.300545648, 8678438.16713475, 8893487.199460007, 9110597.83162247, 9329710.036033934, 9550763.323416933, 9773696.742804741, 9998448.881541377, 10224957.865281593, 10453161.357990893, 10682996.56194551, 10914400.217732424, 11147308.604249358, 11381657.53870477, 11617382.37661786, 11854418.011818577, 12092698.8764476, 12332158.940956352, 12572731.714107003, 12814350.24297245, 13056947.11293635, 13300454.447693078, 13544803.909247775, 13789926.697916303, 14035753.552325267, 14282214.749412032, 14529240.104424674, 14776758.970922034, 15024700.240773687, 15272992.344159938, 15521573.524840875, 15770400.316850802, 16019409.388191694, 16268537.366656702, 16517721.913281074, 16766901.722342156, 17016016.521359388, 17265007.07109432, 17513815.16555058, 17762383.631973907, 18010656.33085213, 18258578.155915175, 18506095.03413507, 18753153.925725937, 18999702.82414399, 19245690.75608755, 19491067.781497024, 19735784.993554927, 19979794.518685866, 20223049.516556535, 20465504.180075746, 20707113.735394385, 20947834.441905454, 21187623.59224404, 21426439.512287337, 21664241.561154615, 21900990.131207276, 22136646.64804878, 22371173.570524715, 22604534.390722748, 22836693.633972645, 23067616.858846277, 23297270.65715761, 23525622.6539627, 23752641.5075597, 23978296.909488875, 24202559.584532566, 24425401.29071523, 24646794.819303393, 24866713.99480572, 25085133.674972933, 25302029.75079787, 25517379.146515474, 25731159.81960277, 25943350.760778874, 26153931.994005013, 26362884.576484513, 26570190.598662797, 26775833.18422736, 26979796.490107823, 27182065.70647589, 27382627.056745376, 27581467.797572173, 27778576.218854282, 27973941.643731795, 28167554.428586908, 28359405.96304391, 28549485.723766554, 28737781.693513833, 28924288.146391306, 29109000.0, 29291912.67549675, 29473022.0975942, 29652324.694560837, 29829817.39822093, 30005497.643954575, 30179363.370697696, 30351413.020942014, 30521645.540735073, 30690060.379680235, 30856657.49093667, 31021437.331219368, 31184400.86079913, 31345549.54350258, 31504885.34671215, 31662410.741366092, 31818128.70195846, 31972042.706539147, 32124156.736713834, 32274475.277644046, 32423003.31804709, 32569746.350196123, 32714710.36992009, 32857901.876603756, 32999327.87318772, 33138995.866168372, 33276913.86559793, 33413090.385084428, 33547534.4417917, 33680255.55643942, 33811263.75330306, 33940569.5602139, 34068184.00855906], "RateAgeing": [0.0, 0.0, 0.0, 0.0, 0.0, 0.0, 0.0, 0.0, 0.0, 0.0, 0.0, 0.0, 0.0, 0.0, 0.0, 0.0, 0.0, 0.0, 0.0, 0.0, 0.0, 0.0, 0.0, 0.0, 0.0, 0.0, 0.0, 0.0, 0.0, 0.0, 0.0, 0.0, 0.0, 0.0, 0.0, 0.0, 0.0, 0.0, 0.0, 0.0, 0.0, 0.0, 0.0, 0.0, 0.0, 0.0, 0.0, 0.0, 0.0, 0.0, 0.0, 0.0, 0.0, 0.0, 0.0, 0.0, 0.0, 0.0, 0.0, 0.0, 0.0, 0.0, 0.0, 0.0, 0.0, 0.0, 0.0, 0.0, 0.0, 0.0, 0.0, 0.0, 0.0, 0.0, 0.0, 0.0, 0.0, 0.0, 0.0, 0.0, 0.0, 0.0, 0.0, 0.0, 0.0, 0.0, 0.0, 0.0, 0.0, 0.0, 0.0, 0.0, 0.0, 0.0, 0.0, 0.0, 0.0, 0.0, 0.0, 0.0, 0.0, 0.0, 0.0, 0.0, 0.0, 0.0, 0.0, 0.0, 0.0, 0.0, 0.0, 0.0, 0.0, 0.0, 0.0, 0.0, 0.0, 0.0, 0.0, 0.0, 0.0, 0.0, 0.0, 0.0, 0.0, 0.0, 0.0, 0.0, 0.0, 0.0, 0.0, 0.0, 0.0], "RateMig": [0.0, 0.0, 0.0, 0.0, 0.0, 0.0, 0.0, 0.0, 0.0, 0.0, 0.0, 0.0, 0.0, 0.0, 0.0, 0.0, 0.0, 0.0, 0.0, 0.0, 0.0, 0.0, 0.0, 0.0, 0.0, 0.0, 0.0, 0.0, 0.0, 0.0, 0.0, 0.0, 0.0, 0.0, 0.0, 0.0, 0.0, 0.0, 0.0, 0.0, 0.0, 0.0, 0.0, 0.0, 0.0, 0.0, 0.0, 0.0, 0.0, 0.0, 0.0, 0.0, 0.0, 0.0, 0.0, 0.0, 0.0, 0.0, 0.0, 0.0, 0.0, 0.0, 0.0, 0.0, 0.0, 0.0, 0.0, 0.0, 0.0, 0.0, 0.0, 0.0, 0.0, 0.0, 0.0, 0.0, 0.0, 0.0, 0.0, 0.0, 0.0, 0.0, 0.0, 0.0, 0.0, 0.0, 0.0, 0.0, 0.0, 0.0, 0.0, 0.0, 0.0, 0.0, 0.0, 0.0, 0.0, 0.0, 0.0, 0.0, 0.0, 0.0, 0.0, 0.0, 0.0, 0.0, 0.0, 0.0, 0.0, 0.0, 0.0, 0.0, 0.0, 0.0, 0.0, 0.0, 0.0, 0.0, 0.0, 0.0, 0.0, 0.0, 0.0, 0.0, 0.0, 0.0, 0.0, 0.0, 0.0, 0.0, 0.0, 0.0, 0.0], "RateDeath": [0.016858826047391275, 0.016722255115219666, 0.01658679052458464, 0.016452423313172062, 0.01631914459127022, 0.016186945541181687, 0.016055817416639924, 0.015925751542230658, 0.0157967393128179, 0.01566877219297463, 0.015541841716418092, 0.015415939485449693, 0.015291057170399367, 0.015167186509074528, 0.015044319306213423, 0.014922447432942933, 0.014801562826240787, 0.014681657488402089, 0.014562723486510207, 0.014444752951911935, 0.01432773807969689, 0.01421167112818115, 0.014096544418395073, 0.013982350333575234, 0.01386908131866053, 0.013756729879792323, 0.013645288583818636, 0.013534750057802402, 0.01342510698853366, 0.013316352122045712, 0.013208478263135202, 0.013101478274886086, 0.012995345078197452, 0.01289007165131517, 0.012785651029367339, 0.012682076303903476, 0.012579340622437474, 0.012477437187994229, 0.012376359258659953, 0.012276100147136145, 0.012176653220297142, 0.012078011898751287, 0.011980169656405625, 0.011883120020034148, 0.011786856568849521, 0.011691372934078292, 0.011596662798539523, 0.011502719896226856, 0.01140953801189395, 0.011317110980643287, 0.011225432687518296, 0.011134497067098794, 0.011044298103099695, 0.010954829827972981, 0.010866086322512878, 0.010778061715464252, 0.010690750183134172, 0.01060414594900659, 0.010518243283360207, 0.010433036502889362, 0.01034851997032804, 0.010264688094076912, 0.010181535327833394, 0.0100990561702247, 0.010017245164443878, 0.009936096897888788, 0.009855606001803999, 0.009775767150925607, 0.009696575063128895, 0.009618024499078892, 0.009540110261883722, 0.009462827196750788, 0.009386170190645722, 0.009310134171954126, 0.00923471411014601, 0.009159905015442997, 0.009085701938488181, 0.009012099970018691, 0.008939094240540891, 0.00886667992000821, 0.008794852217501595, 0.008723606380912541, 0.008652937696628695, 0.008582841489221994, 0.008513313121139355, 0.008444347992395847, 0.00837594154027035, 0.008308089239003703, 0.008240786599499264, 0.008174029169025921, 0.0081078125309235, 0.008042132304310556, 0.007976984143794538, 0.007912363739184294, 0.007848266815204915, 0.00778468913121488, 0.007721626480925496, 0.007659074692122614, 0.0075970296263905895, 0.007535487178838494, 0.00747444327782853, 0.007413893884706653, 0.0073538349935353756, 0.007294262630828738, 0.007235172855289417, 0.007176561757547978, 0.0071184254599042235, 0.00706076011607065, 0.007003561910917979, 0.006946827060222748, 0.006890551810416943, 0.006834732438339667, 0.006779365250990819, 0.006724446585286757, 0.006669972807817958, 0.006615940314608626, 0.0065623455308782596, 0.006509184910805137, 0.006456454937291734, 0.006404152121732027, 0.006352273003780688, 0.006300814151124153, 0.006249772159253537, 0.006199143651239393, 0.006148925277508295, 0.006099113715621232, 0.0060497056700537935, 0.006000697871978142, 0.005952087079046741, 0.005903870075177854, 0.005856043670342751, 0.005808604700354678, 0.0057615500266594965],