{"Year": [1970.0, 1970.5, 1971.0, 1971.5, 1972.0, 1972.5, 1973.0, 1973.5, 1974.0, 1974.5, 1975.0, 1975.5, 1976.0, 1976.5, 1977.0, 1977.5, 1978.0, 1978.5, 1979.0, 1979.5, 1980.0, 1980.5, 1981.0, 1981.5, 1982.0, 1982.5, 1983.0, 1983.5, 1984.0, 1984.5, 1985.0, 1985.5, 1986.0, 1986.5, 1987.0, 1987.5, 1988.0, 1988.5, 1989.0, 1989.5, 1990.0, 1990.5, 1991.0, 1991.5, 1992.0, 1992.5, 1993.0, 1993.5, 1994.0, 1994.5, 1995.0, 1995.5, 1996.0, 1996.5, 1997.0, 1997.5, 1998.0, 1998.5, 1999.0, 1999.5, 2000.0, 2000.5, 2001.0, 2001.5, 2002.0, 2002.5, 2003.0, 2003.5, 2004.0, 2004.5, 2005.0, 2005.5, 2006.0, 2006.5, 2007.0, 2007.5, 2008.0, 2008.5, 2009.0, 2009.5, 2010.0, 2010.5, 2011.0, 2011.5, 2012.0, 2012.5, 2013.0, 2013.5, 2014.0, 2014.5, 2015.0, 2015.5, 2016.0, 2016.5, 2017.0, 2017.5, 2018.0, 2018.5, 2019.0, 2019.5, 2020.0, 2020.5, 2021.0, 2021.5, 2022.0, 2022.5, 2023.0, 2023.5, 2024.0, 2024.5, 2025.0, 2025.5, 2026.0, 2026.5, 2027.0, 2027.5, 2028.0, 2028.5, 2029.0, 2029.5, 2030.0, 2030.5, 2031.0, 2031.5, 2032.0, 2032.5, 2033.0, 2033.5, 2034.0, 2034.5, 2035.0, 2035.5, 2036.0], "N": [28603540.50501902, 29457223.32530835, 30318635.64920761, 31187316.19550303, 32062800.93650015, 32944689.283589322, 33832517.615658805, 34725773.81792541, 35623953.15901495, 36526558.29096227, 37433099.24921124, 38343093.452614695, 39256065.70343452, 40171548.187341616, 41089080.47341588, 42008209.514146246, 42928489.645430624, 43849482.58657598, 44770757.44029827, 45691890.692722455, 46612466.21338254, 47532075.25522152, 48450316.45459142, 49366795.83125326, 50281126.788377084, 51192930.11254195, 52101833.973735936, 53007473.92535611, 53909492.9042086, 54807541.23050849, 55701276.607879914, 56590364.12335602, 57474476.24737896, 58353292.8337999, 59226501.119879015, 60093795.72628549, 60954878.65709757, 61809459.299802445, 62657254.42529637, 63497988.18788459, 64331261.60736981, 65156724.38282367, 65974234.155346245, 66783654.01211955, 67584852.00088768, 68377701.12995677, 69162079.36819504, 69937869.64503281, 70704959.85046242, 71463242.83503833, 72212616.40987702, 72952983.34665707, 73684251.37761915, 74406333.19556595, 75119146.45386228, 75822613.76643498, 76516662.707773, 77201225.81292732, 77876240.57751103, 78541649.45769927, 79197399.87022923, 79843444.19240022, 80479739.76207359, 81106248.87767275, 81722938.79818322, 82329781.74315254, 82926754.89269036, 83513840.3874684, 84091025.3287204, 84658301.77824226, 85215666.75839186, 85763122.2520892, 86300675.20281635, 86828337.51461744, 87346126.05209866, 87854062.6404283, 88352174.0653367, 88840492.07311627, 89319053.3706215, 89787899.62526892, 90247077.46503721, 90696638.47846702, 91136639.21466114, 91567141.18328439, 91988210.85456371, 92399919.65928805, 92802343.98880848, 93195565.19503811, 93579669.59045215, 93954748.44808784, 94320898.00154454, 94678219.44498362, 95026818.93312857, 95366807.58126496, 95698301.46524036, 96021421.6214645, 96336294.04690911, 96643049.69910803, 96941824.49615717, 97232759.31671447, 97516000.0, 97791697.34579585, 98060007.11444624, 98321090.02685736, 98575077.64120995, 98821825.3634701, 99061376.50497596, 99293837.54009546, 99519314.37825824, 99737912.36395566, 99949736.27674076, 100154890.33122833, 100353478.17709489, 100545602.89907858, 100731367.01697935, 100910872.48565882, 101084220.69504033, 101251512.47010893, 101412848.07091136, 101568327.19255611, 101718048.96521334, 101862111.95411497, 102000614.1595546, 102133653.01688755, 102261325.39653084, 102383727.60396321, 102500955.37972514, 102613103.89941877, 102720267.77370799, 102822541.0483184, 102920017.20403726, 103012789.15671363, 103100949.25725824], "RateAgeing": [0.0, 0.0, 0.0, 0.0, 0.0, 0.0, 0.0, 0.0, 0.0, 0.0, 0.0, 0.0, 0.0, 0.0, 0.0, 0.0, 0.0, 0.0, 0.0, 0.0, 0.0, 0.0, 0.0, 0.0, 0.0, 0.0, 0.0, 0.0, 0.0, 0.0, 0.0, 0.0, 0.0, 0.0, 0.0, 0.0, 0.0, 0.0, 0.0, 0.0, 0.0, 0.0, 0.0, 0.0, 0.0, 0.0, 0.0, 0.0, 0.0, 0.0, 0.0, 0.0, 0.0, 0.0, 0.0, 0.0, 0.0, 0.0, 0.0, 0.0, 0.0, 0.0, 0.0, 0.0, 0.0, 0.0, 0.0, 0.0, 0.0, 0.0, 0.0, 0.0, 0.0, 0.0, 0.0, 0.0, 0.0, 0.0, 0.0, 0.0, 0.0, 0.0, 0.0, 0.0, 0.0, 0.0, 0.0, 0.0, 0.0, 0.0, 0.0, 0.0, 0.0, 0.0, 0.0, 0.0, 0.0, 0.0, 0.0, 0.0, 0.0, 0.0, 0.0, 0.0, 0.0, 0.0, 0.0, 0.0, 0.0, 0.0, 0.0, 0.0, 0.0, 0.0, 0.0, 0.0, 0.0, 0.0, 0.0, 0.0, 0.0, 0.0, 0.0, 0.0, 0.0, 0.0, 0.0, 0.0, 0.0, 0.0, 0.0, 0.0, 0.0], "RateMig": [0.0, 0.0, 0.0, 0.0, 0.0, 0.0, 0.0, 0.0, 0.0, 0.0, 0.0, 0.0, 0.0, 0.0, 0.0, 0.0, 0.0, 0.0, 0.0, 0.0, 0.0, 0.0, 0.0, 0.0, 0.0, 0.0, 0.0, 0.0, 0.0, 0.0, 0.0, 0.0, 0.0, 0.0, 0.0, 0.0, 0.0, 0.0, 0.0, 0.0, 0.0, 0.0, 0.0, 0.0, 0.0, 0.0, 0.0, 0.0, 0.0, 0.0, 0.0, 0.0, 0.0, 0.0, 0.0, 0.0, 0.0, 0.0, 0.0, 0.0, 0.0, 0.0, 0.0, 0.0, 0.0, 0.0, 0.0, 0.0, 0.0, 0.0, 0.0, 0.0, 0.0, 0.0, 0.0, 0.0, 0.0, 0.0, 0.0, 0.0, 0.0, 0.0, 0.0, 0.0, 0.0, 0.0, 0.0, 0.0, 0.0, 0.0, 0.0, 0.0, 0.0, 0.0, 0.0, 0.0, 0.0, 0.0, 0.0, 0.0, 0.0, 0.0, 0.0, 0.0, 0.0, 0.0, 0.0, 0.0, 0.0, 0.0, 0.0, 0.0, 0.0, 0.0, 0.0, 0.0, 0.0, 0.0, 0.0, 0.0, 0.0, 0.0, 0.0, 0.0, 0.0, 0.0, 0.0, 0.0, 0.0, 0.0, 0.0, 0.0, 0.0], "RateDeath": [0.01072735247028384, 0.01066449663616966, 0.010602009099442285, 0.010539887702100525, 0.010478130298787774, 0.010416734756717927, 0.010355698955601718, 0.010295020787573508, 0.010234698157118478, 0.010174728981000266, 0.010115111188189026, 0.010055842719789898, 0.009996921528971909, 0.009938345580897281, 0.009880112852651168, 0.009822221333171784, 0.009764669023180959, 0.009707453935115084, 0.009650574093056485, 0.009594027532665172, 0.00953781230111101, 0.009481926457006275, 0.0094263680703386, 0.009371135222404335, 0.009316226005742282, 0.009261638524067814, 0.009207370892207394, 0.009153421236033465, 0.009099787692399736, 0.009046468409076828, 0.008993461544688313, 0.008940765268647123, 0.008888377761092331, 0.008836297212826291, 0.008784521825252183, 0.008733049810311868, 0.00868187939042416, 0.008631008798423429, 0.008580436277498571, 0.008530160081132339, 0.008480178473041028, 0.00843048972711451, 0.008381092127356627, 0.00833198396782592, 0.008283163552576729, 0.008234629195600607, 0.008186379220768114, 0.008138411961770911, 0.008090725762064226, 0.008043318974809645, 0.007996189962818234, 0.007949337098494004, 0.007902758763777698, 0.007856453350090916, 0.0078104192582805565, 0.007764654898563595, 0.00771915869047218, 0.00767392906279905, 0.007628964453543273, 0.007584263309856304, 0.007539824087988357, 0.00749564525323509, 0.007451725279884606, 0.007408062651164764, 0.007364655859190791, 0.007321503404913217, 0.007278603798066097, 0.00723595555711555, 0.007193557209208594, 0.007151407290122272, 0.007109504344213103, 0.007067846924366798, 0.007026433591948284, 0.006985262916752026, 0.006944333476952636, 0.006903643859055764, 0.006863192657849292, 0.006822978476354794, 0.0067829999257792975, 0.006743255625467329, 0.006703744202853219, 0.0066644642934137075, 0.0066254145406208255, 0.006586593595895035, 0.006548000118558668, 0.0065096327757896205, 0.006471490242575321, 0.006433571201666982, 0.006395874343534094, 0.006358398366319215, 0.006321141975793, 0.0062841038853095115, 0.0062472828157617835, 0.006210677495537649, 0.006174286660475819, 0.006138109053822236, 0.006102143426186658, 0.006066388535499526, 0.006030843146969054, 0.0059955060330386025, 0.005960375973344266, 0.005925451754672743, 0.0058907321709194315, 0.005856216023046778, 0.005821902119042866, 0.0057877892738802525, 0.005753876309475044, 0.005720162054646208, 0.0056866453450751305, 0.0056533250232654025, 0.005620199938502849, 0.00558726894681579, 0.005554530910935527, 0.005521984700257075, 0.005489629190800115, 0.005457463265170174, 0.0054254858125200416, 0.005393695728511401, 0.005362091915276697, 0.005330673281381215, 0.005299438741785395, 0.005268387217807352, 0.005237517637085631, 0.005206828933542169, 0.005176320047345481, 0.005145989924874054, 0.005115837518679967, 0.005085861787452711, 0.0050560616959832334, 0.0050264362151281805, 0.004996984321774362, 0.004967704998803415, 0.004938597235056679],