{"Year": [1970.0, 1970.5, 1971.0, 1971.5, 1972.0, 1972.5, 1973.0, 1973.5, 1974.0, 1974.5, 1975.0, 1975.5, 1976.0, 1976.5, 1977.0, 1977.5, 1978.0, 1978.5, 1979.0, 1979.5, 1980.0, 1980.5, 1981.0, 1981.5, 1982.0, 1982.5, 1983.0, 1983.5, 1984.0, 1984.5, 1985.0, 1985.5, 1986.0, 1986.5, 1987.0, 1987.5, 1988.0, 1988.5, 1989.0, 1989.5, 1990.0, 1990.5, 1991.0, 1991.5, 1992.0, 1992.5, 1993.0, 1993.5, 1994.0, 1994.5, 1995.0, 1995.5, 1996.0, 1996.5, 1997.0, 1997.5, 1998.0, 1998.5, 1999.0, 1999.5, 2000.0, 2000.5, 2001.0, 2001.5, 2002.0, 2002.5, 2003.0, 2003.5, 2004.0, 2004.5, 2005.0, 2005.5, 2006.0, 2006.5, 2007.0, 2007.5, 2008.0, 2008.5, 2009.0, 2009.5, 2010.0, 2010.5, 2011.0, 2011.5, 2012.0, 2012.5, 2013.0, 2013.5, 2014.0, 2014.5, 2015.0, 2015.5, 2016.0, 2016.5, 2017.0, 2017.5, 2018.0, 2018.5, 2019.0, 2019.5, 2020.0, 2020.5, 2021.0, 2021.5, 2022.0, 2022.5, 2023.0, 2023.5, 2024.0, 2024.5, 2025.0, 2025.5, 2026.0, 2026.5, 2027.0, 2027.5, 2028.0, 2028.5, 2029.0, 2029.5, 2030.0, 2030.5, 2031.0, 2031.5, 2032.0, 2032.5, 2033.0, 2033.5, 2034.0, 2034.5, 2035.0, 2035.5, 2036.0], "N": [3768694.255911416, 4065049.390813045, 4374382.168882601, 4696506.743441641, 5031198.0498872725, 5378176.922902917, 5737107.807321237, 6107628.6313324915, 6489351.404321429, 6881862.216867305, 7284721.240743867, 7697462.728919361, 8119595.015556529, 8550600.516012613, 8989935.726839354, 9437031.22578299, 9891291.671784248, 10352095.804978365, 10818798.880576415, 11290866.869859224, 11767724.278722074, 12248738.820950054, 12733293.913607148, 13220788.677036228, 13710637.934859063, 14202272.213976309, 14695137.744567523, 15188696.460091146, 15682425.997284513, 16175819.696163857, 16668386.600024298, 17159651.455439854, 17649154.712263428, 18136452.52362682, 18621116.745940723, 19102734.938894723, 19580910.365457293, 20055261.991875805, 20525424.487676516, 20991048.22566459, 21451795.638020985, 21907217.876712922, 22357040.87082386, 22801101.47947871, 23239245.583125904, 23671328.0835374, 24097212.903808698, 24516772.988358803, 24929890.302930273, 25336455.83458917, 25736369.591725107, 26129540.604051203, 26515886.922604125, 26895335.61974405, 27267822.7891547, 27633293.54584331, 27991702.026140653, 28343011.38770102, 28687193.80950224, 29024230.491845667, 29354111.656356182, 29676836.545982186, 29992413.424995624, 30300859.578991953, 30602201.314890172, 30896473.960932806, 31183721.866685882, 31463998.403039, 31737365.962205254, 32003895.957721274, 32263668.824447222, 32516774.018566776, 32763310.017587166, 33003384.320339132, 33237113.44697694, 33464622.9389784, 33686047.35914483, 33901530.291601084, 34111224.341795534, 34315291.13650012, 34513901.32381026, 34707136.65894691, 34894930.29154871, 35077395.03270879, 35254649.65174848, 35426811.35382136, 35593995.77991323, 35756317.00684216, 35913887.54725845, 36066818.349644676, 36215218.79831563, 36359196.71341837, 36498858.350932196, 36634308.40266867, 36765649.99627157, 36892984.695216954, 37016412.49881311, 37136031.84220058, 37251939.59635215, 37364231.06807286, 37473000.0, 37578338.570603095, 37680337.39418392, 37779085.52087651, 37874670.43664714, 37967178.06329433, 38056692.758448854, 38143297.31557372, 38227072.96396422, 38308099.36874783, 38386454.63088435, 38462215.28716577, 38535456.31021635, 38606251.1084926, 38674671.52628327, 38740787.843709365, 38804668.77672412, 38866381.47711305, 38925991.53249389, 38983562.96631663, 39039158.237863526, 39092838.24224905, 39144662.31041993, 39194688.20915517, 39242972.14106599, 39289568.74459588, 39334531.094020545, 39377910.69944798, 39419757.5068184, 39460119.89790428, 39499044.69031033, 39536577.13747351, 39572760.92866305], "RateAgeing": [0.0, 0.0, 0.0, 0.0, 0.0, 0.0, 0.0, 0.0, 0.0, 0.0, 0.0, 0.0, 0.0, 0.0, 0.0, 0.0, 0.0, 0.0, 0.0, 0.0, 0.0, 0.0, 0.0, 0.0, 0.0, 0.0, 0.0, 0.0, 0.0, 0.0, 0.0, 0.0, 0.0, 0.0, 0.0, 0.0, 0.0, 0.0, 0.0, 0.0, 0.0, 0.0, 0.0, 0.0, 0.0, 0.0, 0.0, 0.0, 0.0, 0.0, 0.0, 0.0, 0.0, 0.0, 0.0, 0.0, 0.0, 0.0, 0.0, 0.0, 0.0, 0.0, 0.0, 0.0, 0.0, 0.0, 0.0, 0.0, 0.0, 0.0, 0.0, 0.0, 0.0, 0.0, 0.0, 0.0, 0.0, 0.0, 0.0, 0.0, 0.0, 0.0, 0.0, 0.0, 0.0, 0.0, 0.0, 0.0, 0.0, 0.0, 0.0, 0.0, 0.0, 0.0, 0.0, 0.0, 0.0, 0.0, 0.0, 0.0, 0.0, 0.0, 0.0, 0.0, 0.0, 0.0, 0.0, 0.0, 0.0, 0.0, 0.0, 0.0, 0.0, 0.0, 0.0, 0.0, 0.0, 0.0, 0.0, 0.0, 0.0, 0.0, 0.0, 0.0, 0.0, 0.0, 0.0, 0.0, 0.0, 0.0, 0.0, 0.0, 0.0], "RateMig": [0.0, 0.0, 0.0, 0.0, 0.0, 0.0, 0.0, 0.0, 0.0, 0.0, 0.0, 0.0, 0.0, 0.0, 0.0, 0.0, 0.0, 0.0, 0.0, 0.0, 0.0, 0.0, 0.0, 0.0, 0.0, 0.0, 0.0, 0.0, 0.0, 0.0, 0.0, 0.0, 0.0, 0.0, 0.0, 0.0, 0.0, 0.0, 0.0, 0.0, 0.0, 0.0, 0.0, 0.0, 0.0, 0.0, 0.0, 0.0, 0.0, 0.0, 0.0, 0.0, 0.0, 0.0, 0.0, 0.0, 0.0, 0.0, 0.0, 0.0, 0.0, 0.0, 0.0, 0.0, 0.0, 0.0, 0.0, 0.0, 0.0, 0.0, 0.0, 0.0, 0.0, 0.0, 0.0, 0.0, 0.0, 0.0, 0.0, 0.0, 0.0, 0.0, 0.0, 0.0, 0.0, 0.0, 0.0, 0.0, 0.0, 0.0, 0.0, 0.0, 0.0, 0.0, 0.0, 0.0, 0.0, 0.0, 0.0, 0.0, 0.0, 0.0, 0.0, 0.0, 0.0, 0.0, 0.0, 0.0, 0.0, 0.0, 0.0, 0.0, 0.0, 0.0, 0.0, 0.0, 0.0, 0.0, 0.0, 0.0, 0.0, 0.0, 0.0, 0.0, 0.0, 0.0, 0.0, 0.0, 0.0, 0.0, 0.0, 0.0, 0.0], "RateDeath": [0.0530722831408536, 0.05184197391684388, 0.05064018543279679, 0.04946625652760572, 0.04831954136704583, 0.04719940908846982, 0.04610524345374038, 0.04503644251020822, 0.043992418259549214, 0.04297259633427852, 0.04197641568176366, 0.041003328255562736, 0.04005279871391797, 0.03912430412523868, 0.03821733368041171, 0.03733138841178102, 0.036465980918641755, 0.035620635099097915, 0.034794885888136055, 0.0339882790017708, 0.033200370687121616, 0.032430727478283204, 0.031678925957855236, 0.030944552524000295, 0.030227203162901787, 0.02952648322649666, 0.028842007215360756, 0.028173398566627154, 0.027520289446821045, 0.026882320549496984, 0.026259140897567274, 0.0256504076502128, 0.025055785914269924, 0.0244749485599898, 0.023907576041068728, 0.023353356218850475, 0.022811984190603974, 0.02228316212178177, 0.02176659908216706, 0.0212620108858191, 0.020769119934729005, 0.020287655066099836, 0.01981735140316704, 0.019357950209477105, 0.01890919874654433, 0.018470850134807325, 0.01804266321780881, 0.017624402429523938, 0.01721583766476425, 0.016816744152585786, 0.016426902332631905, 0.0160460977343427, 0.015674120858964476, 0.015310767064294527, 0.014955836452097715, 0.014609133758132916, 0.01427046824472886, 0.01393965359585025, 0.013616507814596437, 0.013300853123076243, 0.012992515864603895, 0.012691326408162175, 0.012397119055080346, 0.012109731947875395, 0.01182900698120654, 0.011554789714893928, 0.011286929288953754, 0.011025278340602978, 0.01076969292318805, 0.010520032426992985, 0.010276159501883275, 0.010037939981743016, 0.009805242810663752, 0.009577939970844366, 0.00935590641216239, 0.009139019983377976, 0.008927161364932676, 0.00872021400330607, 0.008518064046894123, 0.008320600283373983, 0.008127714078520799, 0.007939299316442845, 0.007755252341202115, 0.007575471899788258, 0.007399859086414462, 0.007228317288104684, 0.007060752131542228, 0.006897071431150507, 0.006737185138377351, 0.006581005292155015, 0.0064284459705086, 0.006279423243286286, 0.006133855125985354, 0.0059916615346485985, 0.0058527642418063405, 0.005717086833439757, 0.005584554666941893, 0.005455094830053206, 0.0053286361007490604, 0.005205108908057096, 0.00508444529378292, 0.0049665788751230705, 0.004851444808144669, 0.004738979752111687, 0.004629121834638184, 0.004521810617649366, 0.004416987064131716, 0.004314593505653926, 0.004214573610640738, 0.004116872353382261, 0.004021435983761715, 0.003928211997684921, 0.0038371491081952997, 0.003748197217258479, 0.003661307388200966, 0.003576431818787765, 0.003493523814924082, 0.003412537764966676, 0.003333429114630732, 0.0032561543424784152, 0.003180670935975658, 0.003106937368103991, 0.0030349130745145497, 0.0029645584312116935, 0.002895834732753959, 0.002828704170960352, 0.0027631298141102636, 0.002699075586625573, 0.002636506249223755, 0.002575387379531068, 0.0025156853531451665, 0.0024573673251367173, 0.0024004012119798386],