{"Year": [1970.0, 1970.5, 1971.0, 1971.5, 1972.0, 1972.5, 1973.0, 1973.5, 1974.0, 1974.5, 1975.0, 1975.5, 1976.0, 1976.5, 1977.0, 1977.5, 1978.0, 1978.5, 1979.0, 1979.5, 1980.0, 1980.5, 1981.0, 1981.5, 1982.0, 1982.5, 1983.0, 1983.5, 1984.0, 1984.5, 1985.0, 1985.5, 1986.0, 1986.5, 1987.0, 1987.5, 1988.0, 1988.5, 1989.0, 1989.5, 1990.0, 1990.5, 1991.0, 1991.5, 1992.0, 1992.5, 1993.0, 1993.5, 1994.0, 1994.5, 1995.0, 1995.5, 1996.0, 1996.5, 1997.0, 1997.5, 1998.0, 1998.5, 1999.0, 1999.5, 2000.0, 2000.5, 2001.0, 2001.5, 2002.0, 2002.5, 2003.0, 2003.5, 2004.0, 2004.5, 2005.0, 2005.5, 2006.0, 2006.5, 2007.0, 2007.5, 2008.0, 2008.5, 2009.0, 2009.5, 2010.0, 2010.5, 2011.0, 2011.5, 2012.0, 2012.5, 2013.0, 2013.5, 2014.0, 2014.5, 2015.0, 2015.5, 2016.0, 2016.5, 2017.0, 2017.5, 2018.0, 2018.5, 2019.0, 2019.5, 2020.0, 2020.5, 2021.0, 2021.5, 2022.0, 2022.5, 2023.0, 2023.5, 2024.0, 2024.5, 2025.0, 2025.5, 2026.0, 2026.5, 2027.0, 2027.5, 2028.0, 2028.5, 2029.0, 2029.5, 2030.0, 2030.5, 2031.0, 2031.5, 2032.0, 2032.5, 2033.0, 2033.5, 2034.0, 2034.5, 2035.0, 2035.5, 2036.0], "N": [284902.80103691644, 288867.527923088, 292845.24289587856, 296835.39710351045, 300837.44199591025, 304850.83808996476, 308875.0828151404, 312909.6183691112, 316953.88103723, 321007.3113716951, 325069.3541915503, 329139.4585826851, 333217.07789783436, 337301.66975657886, 341392.6960453444, 345489.6229174029, 349591.9207928714, 353699.06435871276, 357810.5325687351, 361925.80864359264, 366044.38007078454, 370165.7386046559, 374289.38026639726, 378414.80534404464, 382541.5183924798, 386669.02823342994, 390796.84795546776, 394924.4949140117, 399051.4907313256, 403177.36129651876, 407301.6367655464, 411423.85156120895, 415543.54437315254, 419660.25815786887, 423773.54013869504, 427882.94180581404, 431988.018916254, 436088.3314938889, 440183.44382943824, 444272.92448046687, 448356.3462713855, 452433.2862934503, 456503.3259047626, 460566.05073027004, 464621.0506617651, 468667.91985788627, 472706.228183904, 476735.449108692, 480755.2179663138, 484765.198502477, 488765.0594658819, 492754.4746082215, 496733.1226841815, 500700.68745144055, 504656.85767067, 508601.32710553386, 512533.79452268896, 516453.9636917849, 520361.543385464, 524256.2473793614, 528137.794452105, 532005.9083853154, 535860.317963606, 539700.7569745828, 543526.9642088449, 547338.683459984, 551135.6635245843, 554917.6582022231, 558684.4262954703, 562435.7316098886, 566171.3429540335, 569891.0341394533, 573594.5839806887, 577281.7762952738, 580952.3999037347, 584606.2486295911, 588243.1212993545, 591862.82174253, 595465.158791615, 599049.9462821, 602617.0030524677, 606166.1529441943, 609697.224801748, 613210.0524725904, 616704.4748071752, 620180.3356589497, 623637.4838843532, 627075.7733428181, 630495.0628967698, 633895.2164116259, 637276.102755797, 640637.5958006865, 643979.5744206908, 647301.9224931985, 650604.5288985914, 653887.2875202441, 657150.0972445235, 660392.8619607898, 663615.4905613954, 666817.8969416862, 670000.0, 673161.723637668, 676302.9967590137, 679423.7532713541, 682523.9320849981, 685603.4771132476, 688662.3372723978, 691700.4664817358, 694717.8236635423, 697714.37274309, 700690.0826486449, 703644.9273114656, 706578.8856658032, 709491.9416489021, 712384.0842009989, 715255.3072653234, 718105.6097880978, 720934.9957185374, 723743.4740088497, 726531.058614236, 729297.7684928891, 732043.6276059956, 734768.6649177341, 737472.9143952766, 740156.4150087871, 742819.210731423, 745461.3505393346, 748082.8884116639, 750683.8833305471, 753264.3992811119, 755824.5052514797, 758364.2752327641, 760883.7882190712], "RateAgeing": [0.0, 0.0, 0.0, 0.0, 0.0, 0.0, 0.0, 0.0, 0.0, 0.0, 0.0, 0.0, 0.0, 0.0, 0.0, 0.0, 0.0, 0.0, 0.0, 0.0, 0.0, 0.0, 0.0, 0.0, 0.0, 0.0, 0.0, 0.0, 0.0, 0.0, 0.0, 0.0, 0.0, 0.0, 0.0, 0.0, 0.0, 0.0, 0.0, 0.0, 0.0, 0.0, 0.0, 0.0, 0.0, 0.0, 0.0, 0.0, 0.0, 0.0, 0.0, 0.0, 0.0, 0.0, 0.0, 0.0, 0.0, 0.0, 0.0, 0.0, 0.0, 0.0, 0.0, 0.0, 0.0, 0.0, 0.0, 0.0, 0.0, 0.0, 0.0, 0.0, 0.0, 0.0, 0.0, 0.0, 0.0, 0.0, 0.0, 0.0, 0.0, 0.0, 0.0, 0.0, 0.0, 0.0, 0.0, 0.0, 0.0, 0.0, 0.0, 0.0, 0.0, 0.0, 0.0, 0.0, 0.0, 0.0, 0.0, 0.0, 0.0, 0.0, 0.0, 0.0, 0.0, 0.0, 0.0, 0.0, 0.0, 0.0, 0.0, 0.0, 0.0, 0.0, 0.0, 0.0, 0.0, 0.0, 0.0, 0.0, 0.0, 0.0, 0.0, 0.0, 0.0, 0.0, 0.0, 0.0, 0.0, 0.0, 0.0, 0.0, 0.0], "RateMig": [0.0, 0.0, 0.0, 0.0, 0.0, 0.0, 0.0, 0.0, 0.0, 0.0, 0.0, 0.0, 0.0, 0.0, 0.0, 0.0, 0.0, 0.0, 0.0, 0.0, 0.0, 0.0, 0.0, 0.0, 0.0, 0.0, 0.0, 0.0, 0.0, 0.0, 0.0, 0.0, 0.0, 0.0, 0.0, 0.0, 0.0, 0.0, 0.0, 0.0, 0.0, 0.0, 0.0, 0.0, 0.0, 0.0, 0.0, 0.0, 0.0, 0.0, 0.0, 0.0, 0.0, 0.0, 0.0, 0.0, 0.0, 0.0, 0.0, 0.0, 0.0, 0.0, 0.0, 0.0, 0.0, 0.0, 0.0, 0.0, 0.0, 0.0, 0.0, 0.0, 0.0, 0.0, 0.0, 0.0, 0.0, 0.0, 0.0, 0.0, 0.0, 0.0, 0.0, 0.0, 0.0, 0.0, 0.0, 0.0, 0.0, 0.0, 0.0, 0.0, 0.0, 0.0, 0.0, 0.0, 0.0, 0.0, 0.0, 0.0, 0.0, 0.0, 0.0, 0.0, 0.0, 0.0, 0.0, 0.0, 0.0, 0.0, 0.0, 0.0, 0.0, 0.0, 0.0, 0.0, 0.0, 0.0, 0.0, 0.0, 0.0, 0.0, 0.0, 0.0, 0.0, 0.0, 0.0, 0.0, 0.0, 0.0, 0.0, 0.0, 0.0], "RateDeath": [0.009001945403030332, 0.008947842755277487, 0.008894065270182583, 0.008840610993483515, 0.008787477982663506, 0.008734664306880505, 0.008682168046897035, 0.008629987295010433, 0.008578120154983536, 0.008526564741975764, 0.008475319182474633, 0.008424381614227663, 0.008373750186174716, 0.008323423058380717, 0.008273398401968796, 0.008223674399053828, 0.008174249242676374, 0.008125121136737008, 0.008076288295931053, 0.008027748945683708, 0.007979501322085551, 0.00793154367182844, 0.007883874252141803, 0.007836491330729311, 0.007789393185705909, 0.007742578105535264, 0.007696044388967549, 0.007649790344977636, 0.007603814292703636, 0.007558114561385814, 0.007512689490305885, 0.007467537428726654, 0.00742265673583203, 0.0073780457806674055, 0.007333702942080378, 0.007289626608661849, 0.007245815178687454, 0.007202267060059367, 0.0071589806702484346, 0.007115954436236675, 0.007073186794460111, 0.007030676190751948, 0.006988421080286103, 0.006946419927521058, 0.0069046712061440665, 0.006863173399015681, 0.006821924998114623, 0.006780924504482984, 0.006740170428171749, 0.006699661288186658, 0.00665939561243438, 0.0066193719376690255, 0.006579588809438965, 0.006540044782033978, 0.006500738418432717, 0.006461668290250486, 0.006422832977687331, 0.006384231069476448, 0.006345861162832894, 0.006307721863402615, 0.0062698117852117725, 0.006232129550616375, 0.006194673790252223, 0.006157443142985137, 0.006120436255861501, 0.00608365178405909, 0.006047088390838209, 0.006010744747493105, 0.0059746195333036925, 0.00593871143548755, 0.00590301914915222, 0.005867541377247786, 0.005832276830519743, 0.005797224227462134, 0.005762382294271, 0.005727749764798068, 0.00569332538050476, 0.005659107890416441, 0.005625096051076972, 0.005591288626503515, 0.00555768438814162, 0.005524282114820579, 0.005491080592709053, 0.005458078615270953, 0.005425274983221604, 0.005392668504484159, 0.005360257994146278, 0.005328042274417069, 0.005296020174584293, 0.005264190530971809, 0.0052325521868973, 0.005201103992630228, 0.005169844805350059, 0.0051387734891047325, 0.005107888914769379, 0.005077189960005292, 0.005046675509219134, 0.00501634445352241, 0.004986195690691157, 0.004956228125125896, 0.004926440667811819, 0.00489683223627921, 0.004867401754564114, 0.0048381481531692295, 0.004809070369025052, 0.004780167345451235, 0.004751438032118194, 0.004722881385008935, 0.004694496366381118, 0.004666281944729348, 0.004638237094747681, 0.004610360797292374, 0.004582652039344846, 0.004555109813974866, 0.004527733120303957, 0.004500520963469033, 0.004473472354586237, 0.00444658631071501, 0.004419861854822371, 0.00439329801574741, 0.004366893828165998, 0.004340648332555704, 0.004314560575160934, 0.00428862960795826, 0.00426285448862198, 0.004237234280489869, 0.0042117680525291384, 0.00418645487930261, 0.004161293840935078, 0.004136284023079883, 0.004111424516885692, 0.004086714418963459, 0.004062152831353606],