{"Year": [1970.0, 1970.5, 1971.0, 1971.5, 1972.0, 1972.5, 1973.0, 1973.5, 1974.0, 1974.5, 1975.0, 1975.5, 1976.0, 1976.5, 1977.0, 1977.5, 1978.0, 1978.5, 1979.0, 1979.5, 1980.0, 1980.5, 1981.0, 1981.5, 1982.0, 1982.5, 1983.0, 1983.5, 1984.0, 1984.5, 1985.0, 1985.5, 1986.0, 1986.5, 1987.0, 1987.5, 1988.0, 1988.5, 1989.0, 1989.5, 1990.0, 1990.5, 1991.0, 1991.5, 1992.0, 1992.5, 1993.0, 1993.5, 1994.0, 1994.5, 1995.0, 1995.5, 1996.0, 1996.5, 1997.0, 1997.5, 1998.0, 1998.5, 1999.0, 1999.5, 2000.0, 2000.5, 2001.0, 2001.5, 2002.0, 2002.5, 2003.0, 2003.5, 2004.0, 2004.5, 2005.0, 2005.5, 2006.0, 2006.5, 2007.0, 2007.5, 2008.0, 2008.5, 2009.0, 2009.5, 2010.0, 2010.5, 2011.0, 2011.5, 2012.0, 2012.5, 2013.0, 2013.5, 2014.0, 2014.5, 2015.0, 2015.5, 2016.0, 2016.5, 2017.0, 2017.5, 2018.0, 2018.5, 2019.0, 2019.5, 2020.0, 2020.5, 2021.0, 2021.5, 2022.0, 2022.5, 2023.0, 2023.5, 2024.0, 2024.5, 2025.0, 2025.5, 2026.0, 2026.5, 2027.0, 2027.5, 2028.0, 2028.5, 2029.0, 2029.5, 2030.0, 2030.5, 2031.0, 2031.5, 2032.0, 2032.5, 2033.0, 2033.5, 2034.0, 2034.5, 2035.0, 2035.5, 2036.0], "N": [1307678.42929476, 1326598.044940158, 1345581.2699578293, 1364625.288453913, 1383727.2875770973, 1402884.5074554111, 1422094.3636356776, 1441353.99355333, 1460660.5146397084, 1480011.06831241, 1499402.8199752904, 1518832.9590184637, 1538298.6988183009, 1557797.2767374313, 1577325.954124743, 1596882.016315381, 1616462.7726307483, 1636065.5563785073, 1655687.724852576, 1675326.6593331327, 1694979.7650866122, 1714644.4713657075, 1734318.2314093702, 1753998.522442809, 1773682.8456774913, 1793368.7263111416, 1813053.7135277432, 1832735.3804975373, 1852411.3243770227, 1872079.1663089558, 1891736.551422352, 1911381.1488324837, 1931010.6516408818, 1950622.7769353355, 1970215.2657898907, 1989785.8832648527, 2009332.4184067834, 2028852.6842485038, 2048344.5178090923, 2067805.7800938857, 2087234.3560944786, 2106628.1547887227, 2125985.1091407286, 2145303.1761008655, 2164580.336605758, 2183814.595578292, 2203003.481896608, 2222144.4623302044, 2241235.903877049, 2260276.207391705, 2279263.798831974, 2298197.1292589023, 2317074.6748367734, 2335894.936833115, 2354656.4416186935, 2373357.7406675178, 2391997.410556837, 2410574.052967141, 2429086.2946821614, 2447532.7875888706, 2465912.2086774814, 2484223.2600414483, 2502464.668877466, 2520635.187485472, 2538733.5932686417, 2556758.6887333947, 2574709.3014893895, 2592584.284249527, 2610382.5148299467, 2628102.8961500325, 2645744.3562324075, 2663305.848202935, 2680786.3502907204, 2698184.865828109, 2715500.4232506896, 2732732.0760972886, 2749878.9030099767, 2766940.0077340626, 2783914.5191180985, 2800801.5911138756, 2817600.402776427, 2834310.158264028, 2850930.086838192, 2867459.4428636753, 2883897.505808476, 2900243.580243831, 2916496.99584422, 2932657.1073873616, 2948723.2947542192, 2964694.9629289927, 2980571.5419991263, 2996352.4871553034, 3012037.2786914487, 3027625.422004729, 3043116.44759555, 3058509.911067561, 3073805.39312765, 3089002.4995859466, 3104100.861355823, 3119100.13445389, 3134000.0000000005, 3148800.1642172486, 3163500.3584319693, 3178100.339073738, 3192599.8876753724, 3206998.8108729296, 3221296.9404057083, 3235494.1331162495, 3249590.2709503327, 3263585.2609569803, 3277479.0352884545, 3291271.5512002604, 3304962.791051141, 3318552.762303083, 3332041.4975213134, 3345429.0543742995, 3358715.51563375, 3371900.9891746147, 3384985.6079750843, 3397969.530116591, 3410852.938783807, 3423636.042264647, 3436319.073950263, 3448902.2923350534, 3461385.9810166536, 3473770.4486959414, 3486056.029177035, 3498243.081367296, 3510331.9892773237, 3522323.162020959, 3534217.0338152843, 3546014.0639806255, 3557714.736940545], "RateAgeing": [0.0, 0.0, 0.0, 0.0, 0.0, 0.0, 0.0, 0.0, 0.0, 0.0, 0.0, 0.0, 0.0, 0.0, 0.0, 0.0, 0.0, 0.0, 0.0, 0.0, 0.0, 0.0, 0.0, 0.0, 0.0, 0.0, 0.0, 0.0, 0.0, 0.0, 0.0, 0.0, 0.0, 0.0, 0.0, 0.0, 0.0, 0.0, 0.0, 0.0, 0.0, 0.0, 0.0, 0.0, 0.0, 0.0, 0.0, 0.0, 0.0, 0.0, 0.0, 0.0, 0.0, 0.0, 0.0, 0.0, 0.0, 0.0, 0.0, 0.0, 0.0, 0.0, 0.0, 0.0, 0.0, 0.0, 0.0, 0.0, 0.0, 0.0, 0.0, 0.0, 0.0, 0.0, 0.0, 0.0, 0.0, 0.0, 0.0, 0.0, 0.0, 0.0, 0.0, 0.0, 0.0, 0.0, 0.0, 0.0, 0.0, 0.0, 0.0, 0.0, 0.0, 0.0, 0.0, 0.0, 0.0, 0.0, 0.0, 0.0, 0.0, 0.0, 0.0, 0.0, 0.0, 0.0, 0.0, 0.0, 0.0, 0.0, 0.0, 0.0, 0.0, 0.0, 0.0, 0.0, 0.0, 0.0, 0.0, 0.0, 0.0, 0.0, 0.0, 0.0, 0.0, 0.0, 0.0, 0.0, 0.0, 0.0, 0.0, 0.0, 0.0], "RateMig": [0.0, 0.0, 0.0, 0.0, 0.0, 0.0, 0.0, 0.0, 0.0, 0.0, 0.0, 0.0, 0.0, 0.0, 0.0, 0.0, 0.0, 0.0, 0.0, 0.0, 0.0, 0.0, 0.0, 0.0, 0.0, 0.0, 0.0, 0.0, 0.0, 0.0, 0.0, 0.0, 0.0, 0.0, 0.0, 0.0, 0.0, 0.0, 0.0, 0.0, 0.0, 0.0, 0.0, 0.0, 0.0, 0.0, 0.0, 0.0, 0.0, 0.0, 0.0, 0.0, 0.0, 0.0, 0.0, 0.0, 0.0, 0.0, 0.0, 0.0, 0.0, 0.0, 0.0, 0.0, 0.0, 0.0, 0.0, 0.0, 0.0, 0.0, 0.0, 0.0, 0.0, 0.0, 0.0, 0.0, 0.0, 0.0, 0.0, 0.0, 0.0, 0.0, 0.0, 0.0, 0.0, 0.0, 0.0, 0.0, 0.0, 0.0, 0.0, 0.0, 0.0, 0.0, 0.0, 0.0, 0.0, 0.0, 0.0, 0.0, 0.0, 0.0, 0.0, 0.0, 0.0, 0.0, 0.0, 0.0, 0.0, 0.0, 0.0, 0.0, 0.0, 0.0, 0.0, 0.0, 0.0, 0.0, 0.0, 0.0, 0.0, 0.0, 0.0, 0.0, 0.0, 0.0, 0.0, 0.0, 0.0, 0.0, 0.0, 0.0, 0.0], "RateDeath": [0.008263833643498848, 0.008207550832709723, 0.008151651349432621, 0.008096132582924057, 0.00804099194022164, 0.007986226846022968, 0.00793183474256535, 0.007877813089506346, 0.007824159363805129, 0.00777087105960464, 0.007717945688114559, 0.007665380777495063, 0.0076131738727413896, 0.0075613225355691685, 0.0075098243443005456, 0.0074586768937510844, 0.0074078777951174304, 0.007357424675865743, 0.00730731517962089, 0.007257546966056397, 0.007208117710785136, 0.007159025105250777, 0.00711026685661996, 0.007061840687675217, 0.007013744336708612, 0.006965975557416107, 0.0069185321187926595, 0.006871411805028016, 0.006824612415403226, 0.006778131764187863, 0.006731967680537939, 0.006686118008394515, 0.006640580606383008, 0.006595353347713175, 0.006550434120079789, 0.006505820825563978, 0.0064615113805352505, 0.006417503715554175, 0.0063737957752757314, 0.006330385518353319, 0.0062872709173434115, 0.0062444499586108764, 0.006201920642234918, 0.0061596809819156806, 0.006117729004881478, 0.006076062751796657, 0.006034680276670085, 0.005993579646764268, 0.0059527589425050825, 0.0059122162573921186, 0.005871949697909649, 0.00583195738343818, 0.005792237446166631, 0.005752788031005093, 0.005713607295498186, 0.005674693409739018, 0.005636044556283709, 0.005597658930066519, 0.005559534738315534, 0.0055216702004689455, 0.005484063548091882, 0.005446713024793823, 0.005409616886146562, 0.005372773399602738, 0.005336180844414921, 0.005299837511555233, 0.005263741703635549, 0.0052278917348282, 0.0051922859307872585, 0.005156922628570323, 0.005121800176560859, 0.005086916934391063, 0.005052271272865245, 0.005017861573883743, 0.004983686230367348, 0.004949743646182246, 0.004916032236065477, 0.004882550425550889, 0.004849296650895607, 0.004816269359007005, 0.004783467007370158, 0.004750888063975813, 0.004718531007248828, 0.0046863943259771125, 0.004654476519241046, 0.004622776096343381, 0.004591291576739617, 0.004560021489968857, 0.004528964375585126, 0.00449811878308917, 0.0044674832718607, 0.0044370564110911195, 0.004406836779716694, 0.004376822966352181, 0.004347013569224918, 0.004317407196109346, 0.0042880024642619925, 0.004258798000356887, 0.0042297924404214255, 0.004200984429772664, 0.00417237262295405, 0.004143955683672583, 0.004115732284736408, 0.00408770110799282, 0.0040598608442667175, 0.004032210193299439, 0.00400474786368805, 0.003977472572825022, 0.003950383046838332, 0.003923478020531966, 0.00389675623732683, 0.0038702164492020598, 0.003843857416636737, 0.003817677908551995, 0.003791676702253525, 0.0037658525833744673, 0.0037402043458187, 0.003714730791704505, 0.0036894307313086235, 0.003664302983010691, 0.0036393463732380506, 0.0036145597364109425, 0.003589941914888065, 0.0035654917589125093, 0.00354120812655806, 0.0035170898836758627, 0.003493135903841455, 0.003469345068302156, 0.0034457162659248175, 0.0034222483931439294, 0.003398940353910076, 0.0033757910596387505, 0.0033527994291595066],