{"Year": [1970.0, 1970.5, 1971.0, 1971.5, 1972.0, 1972.5, 1973.0, 1973.5, 1974.0, 1974.5, 1975.0, 1975.5, 1976.0, 1976.5, 1977.0, 1977.5, 1978.0, 1978.5, 1979.0, 1979.5, 1980.0, 1980.5, 1981.0, 1981.5, 1982.0, 1982.5, 1983.0, 1983.5, 1984.0, 1984.5, 1985.0, 1985.5, 1986.0, 1986.5, 1987.0, 1987.5, 1988.0, 1988.5, 1989.0, 1989.5, 1990.0, 1990.5, 1991.0, 1991.5, 1992.0, 1992.5, 1993.0, 1993.5, 1994.0, 1994.5, 1995.0, 1995.5, 1996.0, 1996.5, 1997.0, 1997.5, 1998.0, 1998.5, 1999.0, 1999.5, 2000.0, 2000.5, 2001.0, 2001.5, 2002.0, 2002.5, 2003.0, 2003.5, 2004.0, 2004.5, 2005.0, 2005.5, 2006.0, 2006.5, 2007.0, 2007.5, 2008.0, 2008.5, 2009.0, 2009.5, 2010.0, 2010.5, 2011.0, 2011.5, 2012.0, 2012.5, 2013.0, 2013.5, 2014.0, 2014.5, 2015.0, 2015.5, 2016.0, 2016.5, 2017.0, 2017.5, 2018.0, 2018.5, 2019.0, 2019.5, 2020.0, 2020.5, 2021.0, 2021.5, 2022.0, 2022.5, 2023.0, 2023.5, 2024.0, 2024.5, 2025.0, 2025.5, 2026.0, 2026.5, 2027.0, 2027.5, 2028.0, 2028.5, 2029.0, 2029.5, 2030.0, 2030.5, 2031.0, 2031.5, 2032.0, 2032.5, 2033.0, 2033.5, 2034.0, 2034.5, 2035.0, 2035.5, 2036.0], "N": [5093085.722379052, 5190689.34959944, 5289475.7929734625, 5389446.423041764, 5490602.409628358, 5592944.582598982, 5696473.403251077, 5801189.448911794, 5907093.109898399, 6014184.576899079, 6122463.840972941, 6231930.693550017, 6342584.726431256, 6454425.331788532, 6567451.70216464, 6681662.830473293, 6797057.509999127, 6913634.334397703, 7031391.697695499, 7150327.794289916, 7270440.618949276, 7391727.966812823, 7514187.433390722, 7637816.414564058, 7762612.106584841, 7888571.506076, 8015691.410031385, 8143968.415815766, 8273398.921164838, 8403979.124185218, 8535705.023354439, 8668572.417520957, 8802576.905904153, 8937713.88809433, 9073978.564052705, 9211365.934111424, 9349870.798973551, 9489487.759713069, 9630211.21777489, 9772035.374974836, 9914954.233499665, 10058961.595907042, 10204051.065125562, 10350216.320523351, 10497454.362244245, 10645759.026340166, 10795122.73138528, 10945537.819293689, 11096996.555319445, 11249491.128056541, 11403013.649438912, 11557556.154740432, 11713110.602574926, 11869668.874896154, 12027222.776997825, 12185764.037513588, 12345284.308417032, 12505775.165021693, 12667228.10598105, 12829634.553288523, 12992985.852277474, 13157273.271621209, 13322488.003332976, 13488621.16276597, 13655663.788613321, 13823606.842908112, 13992441.211023355, 14162157.701672018, 14332747.046907008, 14504199.902121171, 14676506.846047297, 14849658.380758125, 15023644.931666326, 15198456.847524526, 15374084.400425281, 15550517.785801101, 15727747.122424437, 15905762.452407671, 16084553.741203142, 16264110.87760313, 16444423.673739849, 16625481.865085466, 16807275.110452082, 16989792.991991747, 17173025.015196454, 17356960.608898133, 17541589.12526866, 17726899.839819856, 17912881.951403487, 18099524.58221125, 18286816.7777748, 18474747.506965723, 18663305.66199555, 18852480.058415763, 19042259.43511778, 19232632.454332963, 19423587.70163261, 19615113.68592798, 19807198.839470256, 19999831.517850574, 20193000.0, 20386692.488189563, 20580897.108030226, 20775601.908472896, 20970794.861808404, 21166463.863667555, 21362596.733021073, 21559181.212179642, 21756204.96679387, 21953655.585854325, 22151520.581691522, 22349787.389975887, 22548443.36971782, 22747475.803267654, 22946871.89631566, 23146620.996896382, 23346720.058618784, 23547158.72917066, 23747925.728302684, 23949009.810544807, 24150399.765206326, 24352084.416375827, 24554052.62292122, 24756293.278489716, 24958795.311507843, 25161547.685181443, 25364539.397495653, 25567759.481214948, 25771197.003883086, 25974841.067823153, 26178680.810137548, 26382705.402707968, 26586904.052195426], "RateAgeing": [0.0, 0.0, 0.0, 0.0, 0.0, 0.0, 0.0, 0.0, 0.0, 0.0, 0.0, 0.0, 0.0, 0.0, 0.0, 0.0, 0.0, 0.0, 0.0, 0.0, 0.0, 0.0, 0.0, 0.0, 0.0, 0.0, 0.0, 0.0, 0.0, 0.0, 0.0, 0.0, 0.0, 0.0, 0.0, 0.0, 0.0, 0.0, 0.0, 0.0, 0.0, 0.0, 0.0, 0.0, 0.0, 0.0, 0.0, 0.0, 0.0, 0.0, 0.0, 0.0, 0.0, 0.0, 0.0, 0.0, 0.0, 0.0, 0.0, 0.0, 0.0, 0.0, 0.0, 0.0, 0.0, 0.0, 0.0, 0.0, 0.0, 0.0, 0.0, 0.0, 0.0, 0.0, 0.0, 0.0, 0.0, 0.0, 0.0, 0.0, 0.0, 0.0, 0.0, 0.0, 0.0, 0.0, 0.0, 0.0, 0.0, 0.0, 0.0, 0.0, 0.0, 0.0, 0.0, 0.0, 0.0, 0.0, 0.0, 0.0, 0.0, 0.0, 0.0, 0.0, 0.0, 0.0, 0.0, 0.0, 0.0, 0.0, 0.0, 0.0, 0.0, 0.0, 0.0, 0.0, 0.0, 0.0, 0.0, 0.0, 0.0, 0.0, 0.0, 0.0, 0.0, 0.0, 0.0, 0.0, 0.0, 0.0, 0.0, 0.0, 0.0], "RateMig": [0.0, 0.0, 0.0, 0.0, 0.0, 0.0, 0.0, 0.0, 0.0, 0.0, 0.0, 0.0, 0.0, 0.0, 0.0, 0.0, 0.0, 0.0, 0.0, 0.0, 0.0, 0.0, 0.0, 0.0, 0.0, 0.0, 0.0, 0.0, 0.0, 0.0, 0.0, 0.0, 0.0, 0.0, 0.0, 0.0, 0.0, 0.0, 0.0, 0.0, 0.0, 0.0, 0.0, 0.0, 0.0, 0.0, 0.0, 0.0, 0.0, 0.0, 0.0, 0.0, 0.0, 0.0, 0.0, 0.0, 0.0, 0.0, 0.0, 0.0, 0.0, 0.0, 0.0, 0.0, 0.0, 0.0, 0.0, 0.0, 0.0, 0.0, 0.0, 0.0, 0.0, 0.0, 0.0, 0.0, 0.0, 0.0, 0.0, 0.0, 0.0, 0.0, 0.0, 0.0, 0.0, 0.0, 0.0, 0.0, 0.0, 0.0, 0.0, 0.0, 0.0, 0.0, 0.0, 0.0, 0.0, 0.0, 0.0, 0.0, 0.0, 0.0, 0.0, 0.0, 0.0, 0.0, 0.0, 0.0, 0.0, 0.0, 0.0, 0.0, 0.0, 0.0, 0.0, 0.0, 0.0, 0.0, 0.0, 0.0, 0.0, 0.0, 0.0, 0.0, 0.0, 0.0, 0.0, 0.0, 0.0, 0.0, 0.0, 0.0, 0.0], "RateDeath": [0.008864559755461325, 0.008797514243369685, 0.008730975818016207, 0.008664940644141049, 0.008599404915491672, 0.00853436485460345, 0.008469816712581929, 0.008405756768886753, 0.008342181331117204, 0.008279086734799379, 0.008216469343174968, 0.008154325546991628, 0.008092651764294957, 0.008031444440222017, 0.007970700046796444, 0.007910415082725095, 0.007850586073196225, 0.00779120956967921, 0.007732282149725772, 0.007673800416772703, 0.0076157609999461, 0.007558160553867055, 0.007500995758458839, 0.007444263318755531, 0.00738795996471209, 0.007332082451015882, 0.007276627556899609, 0.007221592085955675, 0.007166972865951937, 0.007112766748648863, 0.0070589706096180725, 0.007005581348062236, 0.006952595886636349, 0.006900011171270357, 0.00684782417099312, 0.006796031877757701, 0.0067446313062679945, 0.006693619493806642, 0.006642993500064273, 0.006592750406970016, 0.006542887318523312, 0.00649340136062698, 0.006444289680921558, 0.0063955494486208995, 0.006347177854349, 0.006299172109978066, 0.006251529448467814, 0.00620424712370597, 0.006157322410349993, 0.006110752603669983, 0.006064535019392776, 0.006018666993547232, 0.005973145882310679, 0.005927969061856528, 0.005883133928203025, 0.005838637897063174, 0.00579447840369577, 0.005750652902757568, 0.005707158868156569, 0.0056639937929064245, 0.005621155188981923, 0.005578640587175592, 0.005536447536955364, 0.005494573606323334, 0.00545301638167558, 0.005411773467663038, 0.005370842487053438, 0.005330221080594288, 0.005289906906876871, 0.0052498976422013, 0.0052101909804425795, 0.005170784632917673, 0.00513167632825359, 0.005092863812256466, 0.005054344847781626, 0.005016117214604638, 0.004978178709293344, 0.004940527145080848, 0.004903160351739473, 0.004866076175455674, 0.004829272478705889, 0.004792747140133331, 0.004756498054425717, 0.004720523132193918, 0.004684820299851525, 0.004649387499495326, 0.004614222688786696, 0.004579323840833873, 0.004544688944075124, 0.0045103160021628085, 0.0044762030338483, 0.004442348072867793, 0.0044087491678289695, 0.004375404382098514, 0.0043423117936904915, 0.0043094694951555665, 0.004276875593471053, 0.004244528209931804, 0.0042124254800419226, 0.004180565553407294, 0.004148946593628928, 0.004117566778197108, 0.004086424298386346, 0.0040555173591511244, 0.004024844179022433, 0.003994402990005081, 0.003964192037475793, 0.003934209580082079, 0.0039044538896418476, 0.003874923251043811, 0.003845615962148615, 0.0038165303336907337, 0.003787664689181098, 0.0037590173648104643, 0.0037305867093535127, 0.0037023710840736698, 0.003674368862628655, 0.0036465784309767345, 0.003618998187283692, 0.0035916265418304964, 0.0035644619169216745, 0.0035375027467943673, 0.0035107474775280863, 0.0034841945669551403, 0.0034578424845717486, 0.003431689711449822, 0.003405734740149413, 0.0033799760746318244, 0.0033544122301733823, 0.0033290417332798535, 0.0033038631216015155, 0.003278874943848865, 0.0032540757597089697],