{"Year": [1970.0, 1970.5, 1971.0, 1971.5, 1972.0, 1972.5, 1973.0, 1973.5, 1974.0, 1974.5, 1975.0, 1975.5, 1976.0, 1976.5, 1977.0, 1977.5, 1978.0, 1978.5, 1979.0, 1979.5, 1980.0, 1980.5, 1981.0, 1981.5, 1982.0, 1982.5, 1983.0, 1983.5, 1984.0, 1984.5, 1985.0, 1985.5, 1986.0, 1986.5, 1987.0, 1987.5, 1988.0, 1988.5, 1989.0, 1989.5, 1990.0, 1990.5, 1991.0, 1991.5, 1992.0, 1992.5, 1993.0, 1993.5, 1994.0, 1994.5, 1995.0, 1995.5, 1996.0, 1996.5, 1997.0, 1997.5, 1998.0, 1998.5, 1999.0, 1999.5, 2000.0, 2000.5, 2001.0, 2001.5, 2002.0, 2002.5, 2003.0, 2003.5, 2004.0, 2004.5, 2005.0, 2005.5, 2006.0, 2006.5, 2007.0, 2007.5, 2008.0, 2008.5, 2009.0, 2009.5, 2010.0, 2010.5, 2011.0, 2011.5, 2012.0, 2012.5, 2013.0, 2013.5, 2014.0, 2014.5, 2015.0, 2015.5, 2016.0, 2016.5, 2017.0, 2017.5, 2018.0, 2018.5, 2019.0, 2019.5, 2020.0, 2020.5, 2021.0, 2021.5, 2022.0, 2022.5, 2023.0, 2023.5, 2024.0, 2024.5, 2025.0, 2025.5, 2026.0, 2026.5, 2027.0, 2027.5, 2028.0, 2028.5, 2029.0, 2029.5, 2030.0, 2030.5, 2031.0, 2031.5, 2032.0, 2032.5, 2033.0, 2033.5, 2034.0, 2034.5, 2035.0, 2035.5, 2036.0], "N": [13989126.813983161, 14358184.39284722, 14730060.708679644, 15104594.38948399, 15481623.225775478, 15861002.766764453, 16242576.1471918, 16626167.57693334, 17011603.623653278, 17398713.212804224, 17787327.62762717, 18177280.50915151, 18568407.856195025, 18960548.025363892, 19353541.73105268, 19747232.045444362, 20141464.398510285, 20536086.578010198, 20930948.729492255, 21325903.356292985, 21720805.319537323, 22115511.83813859, 22509882.488798507, 22903779.20600718, 23297066.28204311, 23689610.366973203, 24081280.468652744, 24471947.952725418, 24861486.542623308, 25249772.31956687, 25636683.72256498, 26022101.548414893, 26405908.951702256, 26787991.444801114, 27168236.897873916, 27546535.538871475, 27922779.95353302, 28296865.08538617, 28668688.235746942, 29038149.063719735, 29405149.586197335, 29769536.440169964, 30131177.39249575, 30490018.4811017, 30846007.396136682, 31199093.44214901, 31549227.538086392, 31896362.217295963, 32240451.62752426, 32581451.53091723, 32919319.304020252, 33254013.93777808, 33585496.03753493, 33913727.82303438, 34238673.12841946, 34560297.402232595, 34878567.70741562, 35193452.72130979, 35504922.73565577, 35812949.65659363, 36117507.00466287, 36418569.914802395, 36716115.13635051, 37010121.03304494, 37300567.58302284, 37587436.37882075, 37870710.627374634, 38150375.15001987, 38426416.38249125, 38698822.37492298, 38967582.791848674, 39232688.91220135, 39494133.62931346, 39751911.45091685, 40006018.49914278, 40256452.51052194, 40503212.8359844, 40746300.44085968, 40985717.904876694, 41221469.422163755, 41453560.801248625, 41681999.46505844, 41906794.450919755, 42127956.410558574, 42345497.61010027, 42559431.93006964, 42769774.86539092, 42976543.52538772, 43179756.63378308, 43379434.52869946, 43575599.16265872, 43768274.10258214, 43957484.52979041, 44143257.24000362, 44325620.64334131, 44504604.76432239, 44680241.2418652, 44852563.3292875, 45021605.894306436, 45187405.419038616, 45350000.0, 45509429.34810601, 45665734.78867145, 45818959.261410564, 45969147.32043697, 46116345.13426372, 46260600.485803306, 46401962.772367574, 46540483.00566783, 46676213.81181478, 46809209.43131853, 46939522.76513675, 47067109.359204225, 47191960.26904501, 47314110.55412071, 47433595.184151515, 47550449.0391162, 47664706.909252115, 47776403.49505519, 47885573.40727995, 47992251.166939504, 48096471.20530552, 48198267.86390826, 48297675.39453658, 48394727.9592379, 48489459.63031825, 48581904.3903422, 48672096.13213294, 48760068.658772215, 48845855.68360038, 48929490.83021635, 49011007.632477626, 49090439.5345003], "RateAgeing": [0.0, 0.0, 0.0, 0.0, 0.0, 0.0, 0.0, 0.0, 0.0, 0.0, 0.0, 0.0, 0.0, 0.0, 0.0, 0.0, 0.0, 0.0, 0.0, 0.0, 0.0, 0.0, 0.0, 0.0, 0.0, 0.0, 0.0, 0.0, 0.0, 0.0, 0.0, 0.0, 0.0, 0.0, 0.0, 0.0, 0.0, 0.0, 0.0, 0.0, 0.0, 0.0, 0.0, 0.0, 0.0, 0.0, 0.0, 0.0, 0.0, 0.0, 0.0, 0.0, 0.0, 0.0, 0.0, 0.0, 0.0, 0.0, 0.0, 0.0, 0.0, 0.0, 0.0, 0.0, 0.0, 0.0, 0.0, 0.0, 0.0, 0.0, 0.0, 0.0, 0.0, 0.0, 0.0, 0.0, 0.0, 0.0, 0.0, 0.0, 0.0, 0.0, 0.0, 0.0, 0.0, 0.0, 0.0, 0.0, 0.0, 0.0, 0.0, 0.0, 0.0, 0.0, 0.0, 0.0, 0.0, 0.0, 0.0, 0.0, 0.0, 0.0, 0.0, 0.0, 0.0, 0.0, 0.0, 0.0, 0.0, 0.0, 0.0, 0.0, 0.0, 0.0, 0.0, 0.0, 0.0, 0.0, 0.0, 0.0, 0.0, 0.0, 0.0, 0.0, 0.0, 0.0, 0.0, 0.0, 0.0, 0.0, 0.0, 0.0, 0.0], "RateMig": [0.0, 0.0, 0.0, 0.0, 0.0, 0.0, 0.0, 0.0, 0.0, 0.0, 0.0, 0.0, 0.0, 0.0, 0.0, 0.0, 0.0, 0.0, 0.0, 0.0, 0.0, 0.0, 0.0, 0.0, 0.0, 0.0, 0.0, 0.0, 0.0, 0.0, 0.0, 0.0, 0.0, 0.0, 0.0, 0.0, 0.0, 0.0, 0.0, 0.0, 0.0, 0.0, 0.0, 0.0, 0.0, 0.0, 0.0, 0.0, 0.0, 0.0, 0.0, 0.0, 0.0, 0.0, 0.0, 0.0, 0.0, 0.0, 0.0, 0.0, 0.0, 0.0, 0.0, 0.0, 0.0, 0.0, 0.0, 0.0, 0.0, 0.0, 0.0, 0.0, 0.0, 0.0, 0.0, 0.0, 0.0, 0.0, 0.0, 0.0, 0.0, 0.0, 0.0, 0.0, 0.0, 0.0, 0.0, 0.0, 0.0, 0.0, 0.0, 0.0, 0.0, 0.0, 0.0, 0.0, 0.0, 0.0, 0.0, 0.0, 0.0, 0.0, 0.0, 0.0, 0.0, 0.0, 0.0, 0.0, 0.0, 0.0, 0.0, 0.0, 0.0, 0.0, 0.0, 0.0, 0.0, 0.0, 0.0, 0.0, 0.0, 0.0, 0.0, 0.0, 0.0, 0.0, 0.0, 0.0, 0.0, 0.0, 0.0, 0.0, 0.0], "RateDeath": [0.020689366527059588, 0.020498070583395717, 0.020308543381080905, 0.02012076856615646, 0.019934729935874033, 0.019750411437297485, 0.019567797165917736, 0.019386871364280373, 0.01920761842062598, 0.01903002286754302, 0.01885406938063319, 0.018679742777189087, 0.01850702801488415, 0.01833591019047466, 0.01816637453851377, 0.017998406430077434, 0.01783199137150208, 0.017667115003134008, 0.017503763098090302, 0.017341921561031218, 0.017181576426943936, 0.017022713859937526, 0.016865320152049088, 0.016709381722060913, 0.016554885114328587, 0.016401816997619913, 0.016250164163964607, 0.016099913527514585, 0.015951052123414827, 0.015803567106684645, 0.015657445751109327, 0.015512675448142004, 0.0153692437058157, 0.015227138147665393, 0.015086346511660104, 0.014946856649144805, 0.014808656523792145, 0.014671734210563853, 0.014536077894681755, 0.014401675870608284, 0.014268516541036448, 0.014136588415889108, 0.014005880111327518, 0.013876380348769044, 0.013748077953913949, 0.013620961855781183, 0.013495021085753095, 0.013370244776628955, 0.013246622161687264, 0.013124142573756697, 0.013002795444295657, 0.012882570302480339, 0.012763456774301216, 0.012645444581667883, 0.012528523541522186, 0.012412683564959542, 0.012297914656358384, 0.012184206912517655, 0.012071550521802284, 0.011959935763296554, 0.011849353005965305, 0.011739792707822884, 0.011631245415109789, 0.011523701761476924, 0.011417152467177383, 0.011311588338265727, 0.011207000265804654, 0.011103379225079004, 0.011000716274817027, 0.010899002556418867, 0.010798229293192164, 0.01069838778959473, 0.010599469430484225, 0.01050146568037477, 0.010404368082700446, 0.01030816825908558, 0.010212857908621795, 0.01011842880715174, 0.010024872806559447, 0.009932181834067227, 0.009840347891539114, 0.009749363054790693, 0.00965921947290535, 0.009569909367556827, 0.009481425032338049, 0.009393758832096146, 0.009306903202273628, 0.009220850648255664, 0.009135593744723374, 0.009051125135013117, 0.0089674375304817, 0.008884523709877443, 0.008802376518717087, 0.008720988868668431, 0.008640353736938704, 0.008560464165668575, 0.008481313261331773, 0.008402894194140257, 0.008325200197454889, 0.008248224567201548, 0.008171960661292652, 0.008096401899054018, 0.00802154176065704, 0.007947373786556088, 0.007873891576931141, 0.007801088791135547, 0.007728959147148906, 0.007657496421035005, 0.0075866944464047644, 0.007516547113884153, 0.00744704837058702, 0.007378192219592801, 0.007309972719429059, 0.007242383983558804, 0.007175420179872548, 0.007109075530185075, 0.0070433443097368395, 0.006978220846699996, 0.006913699521688983, 0.006849774767275638, 0.006786441067508795, 0.0067236929574383195, 0.006661525022643552, 0.006599931898766104, 0.006538908271046981, 0.00647844887386798, 0.006418548490297326, 0.0063592019516395155, 0.00630040413698932, 0.006242149972789909, 0.006184434432395063, 0.0061272525356354385, 0.006070599348388829],