{"Year": [1970.0, 1970.5, 1971.0, 1971.5, 1972.0, 1972.5, 1973.0, 1973.5, 1974.0, 1974.5, 1975.0, 1975.5, 1976.0, 1976.5, 1977.0, 1977.5, 1978.0, 1978.5, 1979.0, 1979.5, 1980.0, 1980.5, 1981.0, 1981.5, 1982.0, 1982.5, 1983.0, 1983.5, 1984.0, 1984.5, 1985.0, 1985.5, 1986.0, 1986.5, 1987.0, 1987.5, 1988.0, 1988.5, 1989.0, 1989.5, 1990.0, 1990.5, 1991.0, 1991.5, 1992.0, 1992.5, 1993.0, 1993.5, 1994.0, 1994.5, 1995.0, 1995.5, 1996.0, 1996.5, 1997.0, 1997.5, 1998.0, 1998.5, 1999.0, 1999.5, 2000.0, 2000.5, 2001.0, 2001.5, 2002.0, 2002.5, 2003.0, 2003.5, 2004.0, 2004.5, 2005.0, 2005.5, 2006.0, 2006.5, 2007.0, 2007.5, 2008.0, 2008.5, 2009.0, 2009.5, 2010.0, 2010.5, 2011.0, 2011.5, 2012.0, 2012.5, 2013.0, 2013.5, 2014.0, 2014.5, 2015.0, 2015.5, 2016.0, 2016.5, 2017.0, 2017.5, 2018.0, 2018.5, 2019.0, 2019.5, 2020.0, 2020.5, 2021.0, 2021.5, 2022.0, 2022.5, 2023.0, 2023.5, 2024.0, 2024.5, 2025.0, 2025.5, 2026.0, 2026.5, 2027.0, 2027.5, 2028.0, 2028.5, 2029.0, 2029.5, 2030.0, 2030.5, 2031.0, 2031.5, 2032.0, 2032.5, 2033.0, 2033.5, 2034.0, 2034.5, 2035.0, 2035.5, 2036.0], "N": [17959259.31163965, 18389634.03606316, 18824766.56108141, 19264577.071224086, 19708983.61232404, 20157911.97083279, 20611282.376084067, 21068999.333496734, 21530966.753443085, 21997087.975810297, 22467265.770000458, 22941402.334930543, 23419399.299032427, 23901157.72025289, 24386578.086053602, 24875560.31341112, 25368003.748816922, 25863807.168277364, 26362868.777313706, 26865086.210962106, 27370356.533773616, 27878576.23981419, 28389641.25266467, 28903446.92542081, 29419888.04069325, 29938858.810607523, 30460252.87680408, 30983963.310438238, 31509882.612180244, 32037902.712215222, 32567914.9702432, 33099810.17547909, 33633478.54665273, 34168809.73200882, 34705692.809306994, 35244016.285821736, 35783668.098342486, 36324535.61317354, 36866505.62613409, 37409464.36255825, 37953297.47729502, 38497890.961522914, 39043165.155784234, 39589028.56793738, 40135374.466795795, 40682097.55924485, 41229093.99024177, 41776261.34281571, 42323498.63806769, 42870706.33517061, 43417786.331369296, 43964641.961980425, 44511178.0003926, 45057300.6580663, 45602917.5845339, 46147937.86739963, 46692272.03233968, 47235832.043102056, 47778531.30150671, 48320284.64744546, 48861008.358882025, 49400620.151852, 49939039.180462874, 50476186.036894046, 51011982.75139679, 51546352.792294264, 52079221.06598153, 52610513.916925535, 53140159.12766512, 53668085.91881101, 54194224.94904582, 54718508.31512408, 55240869.55187216, 55761243.63218838, 56279566.9670429, 56795777.405477814, 57309814.23460708, 57821618.17961653, 58331131.40376395, 58838297.50837894, 59343061.53286304, 59845369.95468966, 60345170.68940413, 60842413.09062362, 61337047.95003722, 61829027.49740593, 62318305.400562614, 62804836.76541202, 63288578.135930814, 63769487.49416753, 64247524.260242596, 64722649.29234836, 65194824.88674901, 65664014.777780645, 66130184.13785129, 66593299.57744081, 67053329.14510099, 67510242.32745549, 67964010.04919988, 68414604.6731016, 68861999.99999999, 69306171.26880628, 69747095.15650359, 70184749.77814692, 70619114.6868632, 71050170.87385122, 71477900.76838164, 71902288.23779704, 72323317.28358717, 72740972.60209425, 73155241.21893911, 73566111.06107444, 73973570.95381494, 74377610.62083726, 74778220.68418004, 75175392.66424395, 75569118.97979163, 75959392.94794765, 76346208.78419869, 76729561.60239325, 77109447.41474198, 77485863.1318174, 77858806.56255408, 78228276.41424857, 78594272.29255939, 78956794.70150703, 79315845.043474, 79671425.61920482, 80023539.62780595, 80372191.16674581, 80717385.23185492, 81059127.71732566, 81397425.41571245], "RateAgeing": [0.0, 0.0, 0.0, 0.0, 0.0, 0.0, 0.0, 0.0, 0.0, 0.0, 0.0, 0.0, 0.0, 0.0, 0.0, 0.0, 0.0, 0.0, 0.0, 0.0, 0.0, 0.0, 0.0, 0.0, 0.0, 0.0, 0.0, 0.0, 0.0, 0.0, 0.0, 0.0, 0.0, 0.0, 0.0, 0.0, 0.0, 0.0, 0.0, 0.0, 0.0, 0.0, 0.0, 0.0, 0.0, 0.0, 0.0, 0.0, 0.0, 0.0, 0.0, 0.0, 0.0, 0.0, 0.0, 0.0, 0.0, 0.0, 0.0, 0.0, 0.0, 0.0, 0.0, 0.0, 0.0, 0.0, 0.0, 0.0, 0.0, 0.0, 0.0, 0.0, 0.0, 0.0, 0.0, 0.0, 0.0, 0.0, 0.0, 0.0, 0.0, 0.0, 0.0, 0.0, 0.0, 0.0, 0.0, 0.0, 0.0, 0.0, 0.0, 0.0, 0.0, 0.0, 0.0, 0.0, 0.0, 0.0, 0.0, 0.0, 0.0, 0.0, 0.0, 0.0, 0.0, 0.0, 0.0, 0.0, 0.0, 0.0, 0.0, 0.0, 0.0, 0.0, 0.0, 0.0, 0.0, 0.0, 0.0, 0.0, 0.0, 0.0, 0.0, 0.0, 0.0, 0.0, 0.0, 0.0, 0.0, 0.0, 0.0, 0.0, 0.0], "RateMig": [0.0, 0.0, 0.0, 0.0, 0.0, 0.0, 0.0, 0.0, 0.0, 0.0, 0.0, 0.0, 0.0, 0.0, 0.0, 0.0, 0.0, 0.0, 0.0, 0.0, 0.0, 0.0, 0.0, 0.0, 0.0, 0.0, 0.0, 0.0, 0.0, 0.0, 0.0, 0.0, 0.0, 0.0, 0.0, 0.0, 0.0, 0.0, 0.0, 0.0, 0.0, 0.0, 0.0, 0.0, 0.0, 0.0, 0.0, 0.0, 0.0, 0.0, 0.0, 0.0, 0.0, 0.0, 0.0, 0.0, 0.0, 0.0, 0.0, 0.0, 0.0, 0.0, 0.0, 0.0, 0.0, 0.0, 0.0, 0.0, 0.0, 0.0, 0.0, 0.0, 0.0, 0.0, 0.0, 0.0, 0.0, 0.0, 0.0, 0.0, 0.0, 0.0, 0.0, 0.0, 0.0, 0.0, 0.0, 0.0, 0.0, 0.0, 0.0, 0.0, 0.0, 0.0, 0.0, 0.0, 0.0, 0.0, 0.0, 0.0, 0.0, 0.0, 0.0, 0.0, 0.0, 0.0, 0.0, 0.0, 0.0, 0.0, 0.0, 0.0, 0.0, 0.0, 0.0, 0.0, 0.0, 0.0, 0.0, 0.0, 0.0, 0.0, 0.0, 0.0, 0.0, 0.0, 0.0, 0.0, 0.0, 0.0, 0.0, 0.0, 0.0], "RateDeath": [0.012354224540042421, 0.012274714040370893, 0.01219571526197637, 0.012117224911474123, 0.012039239716675303, 0.011961756426450528, 0.011884771810594347, 0.011808282659690571, 0.011732285784978482, 0.011656778018219892, 0.011581756211567061, 0.011507217237431469, 0.011433157988353435, 0.011359575376872556, 0.011286466335399006, 0.011213827816085648, 0.011141656790700968, 0.011069950250502837, 0.010998705206113074, 0.010927918687392825, 0.01085758774331874, 0.010787709441859946, 0.010718280869855816, 0.01064929913289452, 0.01058076135519236, 0.010512664679473881, 0.010445006266852762, 0.010377783296713445, 0.010310992966593567, 0.010244632492067125, 0.01017869910662838, 0.010113190061576545, 0.010048102625901176, 0.009983434086168334, 0.009919181746407456, 0.00985534292799896, 0.009791914969562587, 0.009728895226846437, 0.009666281072616741, 0.009604069896548339, 0.00954225910511584, 0.009480846121485519, 0.009419828385407884, 0.009359203353110936, 0.009298968497194134, 0.009239121306523018, 0.009179659286124532, 0.009120579957083, 0.009061880856436794, 0.009003559537075647, 0.00894561356763864, 0.00888804053241284, 0.008830838031232583, 0.00877400367937943, 0.008717535107482736, 0.008661429961420882, 0.008605685902223126, 0.008550300605972097, 0.00849527176370692, 0.008440597081326941, 0.00838627427949611, 0.008332301093547935, 0.00827867527339109, 0.008225394583415596, 0.008172456802399631, 0.008119859723416918, 0.008067601153744736, 0.008015678914772496, 0.00796409084191091, 0.007912834784501775, 0.00786190860572829, 0.007811310182525989, 0.0077610374054942225, 0.007711088178808229, 0.007661460420131751, 0.007612152060530234, 0.007563161044384569, 0.007514485329305394, 0.007466122886047958, 0.007418071698427513, 0.007370329763235266, 0.0073228950901548665, 0.007275765701679434, 0.007228939633029115, 0.007182414932069172, 0.007136189659228609, 0.007090261887419299, 0.007044629701955658, 0.006999291200474814, 0.0069542444928573114, 0.0069094877011483, 0.006865018959479251, 0.006820836413990174, 0.006776938222752326, 0.006733322555691425, 0.0066899875945113565, 0.006646931532618371, 0.006604152575045766, 0.006561648938379058, 0.006519418850681634, 0.006477460551420879, 0.006435772291394783, 0.006394352332659015, 0.0063531989484544756, 0.006312310423135306, 0.0062716850520973646, 0.006231321141707162, 0.006191217009231262, 0.00615137098276612, 0.006111781401168392, 0.006072446613985678, 0.006033364981387715, 0.005994534874098021, 0.005955954673325962, 0.005917622770699277, 0.005879537568197017, 0.005841697478082932, 0.005804100922839273, 0.005766746335101033, 0.005729632157590606, 0.005692756843052854, 0.005656118854190618, 0.005619716663600622, 0.005583548753709795, 0.005547613616712013, 0.00551190975450523, 0.00547643567862903, 0.005441189910202574, 0.005406170979862946, 0.005371377427703893, 0.005336807803214972, 0.005302460665221066, 0.005268334581822319],