{"Year": [1970.0, 1970.5, 1971.0, 1971.5, 1972.0, 1972.5, 1973.0, 1973.5, 1974.0, 1974.5, 1975.0, 1975.5, 1976.0, 1976.5, 1977.0, 1977.5, 1978.0, 1978.5, 1979.0, 1979.5, 1980.0, 1980.5, 1981.0, 1981.5, 1982.0, 1982.5, 1983.0, 1983.5, 1984.0, 1984.5, 1985.0, 1985.5, 1986.0, 1986.5, 1987.0, 1987.5, 1988.0, 1988.5, 1989.0, 1989.5, 1990.0, 1990.5, 1991.0, 1991.5, 1992.0, 1992.5, 1993.0, 1993.5, 1994.0, 1994.5, 1995.0, 1995.5, 1996.0, 1996.5, 1997.0, 1997.5, 1998.0, 1998.5, 1999.0, 1999.5, 2000.0, 2000.5, 2001.0, 2001.5, 2002.0, 2002.5, 2003.0, 2003.5, 2004.0, 2004.5, 2005.0, 2005.5, 2006.0, 2006.5, 2007.0, 2007.5, 2008.0, 2008.5, 2009.0, 2009.5, 2010.0, 2010.5, 2011.0, 2011.5, 2012.0, 2012.5, 2013.0, 2013.5, 2014.0, 2014.5, 2015.0, 2015.5, 2016.0, 2016.5, 2017.0, 2017.5, 2018.0, 2018.5, 2019.0, 2019.5, 2020.0, 2020.5, 2021.0, 2021.5, 2022.0, 2022.5, 2023.0, 2023.5, 2024.0, 2024.5, 2025.0, 2025.5, 2026.0, 2026.5, 2027.0, 2027.5, 2028.0, 2028.5, 2029.0, 2029.5, 2030.0, 2030.5, 2031.0, 2031.5, 2032.0, 2032.5, 2033.0, 2033.5, 2034.0, 2034.5, 2035.0, 2035.5, 2036.0], "N": [18283081.042607732, 19015088.106797636, 19758065.883102085, 20511454.04633798, 21274689.253487054, 22047283.884762418, 22828609.848242156, 23618004.600968394, 24414813.515830375, 25218389.88156446, 26028094.902754147, 26843297.69983003, 27663375.30906985, 28487712.682598453, 29315702.68838782, 30146746.110257022, 30980251.647872303, 31815635.916746978, 32652323.448241517, 33489746.68956349, 34327346.0037676, 35164569.66975567, 36000873.88227665, 36835722.75192658, 37668588.30514866, 38498950.484233215, 39326297.14731764, 40150124.0683865, 40969934.93727147, 41785241.35965133, 42595562.857052, 43400426.86684652, 44199368.74225503, 44991930.025461674, 45777620.99019298, 46556092.90630419, 47327064.193404995, 48090263.8165359, 48845431.286168136, 49592316.65820373, 50330680.533975504, 51060294.06024704, 51780938.92921268, 52492407.37849757, 53194502.1911576, 53887036.69567948, 54569834.76598064, 55242730.82140932, 55905569.82674454, 56558207.29219607, 57200509.27340448, 57832352.3714411, 58453623.73280803, 59064221.04943816, 59664052.55869517, 60253037.043373466, 60831103.831698276, 61398192.79732559, 61954254.35934215, 62499249.48226551, 63033149.67604397, 63555936.996056624, 64067604.04311335, 64568153.96345475, 65057600.44875226, 65535967.73610808, 66003290.60805515, 66459614.392557226, 66904994.963008806, 67339498.7382352, 67763202.68249245, 68176194.30546743, 68578571.66227771, 68970443.35347173, 69351928.52502862, 69723156.86835833, 70084268.62030159, 70435414.56312989, 70776756.02454548, 71108464.8776814, 71430723.54110152, 71743653.38942562, 72047107.58182661, 72341197.86895561, 72626073.71455118, 72901883.57987349, 73168774.92370434, 73426894.20234717, 73676386.86962703, 73917397.37689056, 74150069.17300603, 74374544.70436338, 74590965.41487412, 74799471.74597138, 75000203.13660996, 75193298.02326623, 75378893.83993821, 75557127.0181455, 75728132.98692939, 75892046.17285272, 76049000.00000001, 76199126.88997734, 76342558.26191247, 76479424.53245473, 76609855.11577512, 76733978.42356622, 76851921.86504227, 76963811.84693909, 77069773.7735141, 77169932.04654646, 77264410.06533681, 77353330.22670747, 77436813.92500243, 77514981.5520872, 77587952.497349, 77655845.14769661, 77718776.88756047, 77776864.09889261, 77830222.16116671, 77878965.45137806, 77923207.34404354, 77963060.21120171, 77998635.42241271, 78030043.34475832, 78057393.3428419, 78080793.77878849, 78100352.0122447, 78116174.40037881, 78128366.29788068, 78137032.0569618, 78142275.0273553, 78144197.5563159, 78142900.98861998], "RateAgeing": [0.0, 0.0, 0.0, 0.0, 0.0, 0.0, 0.0, 0.0, 0.0, 0.0, 0.0, 0.0, 0.0, 0.0, 0.0, 0.0, 0.0, 0.0, 0.0, 0.0, 0.0, 0.0, 0.0, 0.0, 0.0, 0.0, 0.0, 0.0, 0.0, 0.0, 0.0, 0.0, 0.0, 0.0, 0.0, 0.0, 0.0, 0.0, 0.0, 0.0, 0.0, 0.0, 0.0, 0.0, 0.0, 0.0, 0.0, 0.0, 0.0, 0.0, 0.0, 0.0, 0.0, 0.0, 0.0, 0.0, 0.0, 0.0, 0.0, 0.0, 0.0, 0.0, 0.0, 0.0, 0.0, 0.0, 0.0, 0.0, 0.0, 0.0, 0.0, 0.0, 0.0, 0.0, 0.0, 0.0, 0.0, 0.0, 0.0, 0.0, 0.0, 0.0, 0.0, 0.0, 0.0, 0.0, 0.0, 0.0, 0.0, 0.0, 0.0, 0.0, 0.0, 0.0, 0.0, 0.0, 0.0, 0.0, 0.0, 0.0, 0.0, 0.0, 0.0, 0.0, 0.0, 0.0, 0.0, 0.0, 0.0, 0.0, 0.0, 0.0, 0.0, 0.0, 0.0, 0.0, 0.0, 0.0, 0.0, 0.0, 0.0, 0.0, 0.0, 0.0, 0.0, 0.0, 0.0, 0.0, 0.0, 0.0, 0.0, 0.0, 0.0], "RateMig": [0.0, 0.0, 0.0, 0.0, 0.0, 0.0, 0.0, 0.0, 0.0, 0.0, 0.0, 0.0, 0.0, 0.0, 0.0, 0.0, 0.0, 0.0, 0.0, 0.0, 0.0, 0.0, 0.0, 0.0, 0.0, 0.0, 0.0, 0.0, 0.0, 0.0, 0.0, 0.0, 0.0, 0.0, 0.0, 0.0, 0.0, 0.0, 0.0, 0.0, 0.0, 0.0, 0.0, 0.0, 0.0, 0.0, 0.0, 0.0, 0.0, 0.0, 0.0, 0.0, 0.0, 0.0, 0.0, 0.0, 0.0, 0.0, 0.0, 0.0, 0.0, 0.0, 0.0, 0.0, 0.0, 0.0, 0.0, 0.0, 0.0, 0.0, 0.0, 0.0, 0.0, 0.0, 0.0, 0.0, 0.0, 0.0, 0.0, 0.0, 0.0, 0.0, 0.0, 0.0, 0.0, 0.0, 0.0, 0.0, 0.0, 0.0, 0.0, 0.0, 0.0, 0.0, 0.0, 0.0, 0.0, 0.0, 0.0, 0.0, 0.0, 0.0, 0.0, 0.0, 0.0, 0.0, 0.0, 0.0, 0.0, 0.0, 0.0, 0.0, 0.0, 0.0, 0.0, 0.0, 0.0, 0.0, 0.0, 0.0, 0.0, 0.0, 0.0, 0.0, 0.0, 0.0, 0.0, 0.0, 0.0, 0.0, 0.0, 0.0, 0.0], "RateDeath": [0.013308909809250945, 0.013221622695276195, 0.013134908057963713, 0.013048762142698258, 0.0129631812194894, 0.012878161582810039, 0.012793699551435942, 0.012709791468286361, 0.012626433700265685, 0.012543622638106138, 0.012461354696211485, 0.012379626312501805, 0.01229843394825924, 0.012217774087974781, 0.012137643239196054, 0.012058037932376097, 0.011978954720723136, 0.011900390180051342, 0.011822340908632574, 0.011744803527049083, 0.011667774678047194, 0.011591251026391932, 0.011515229258722627, 0.011439706083409436, 0.011364678230410829, 0.011290142451131996, 0.01121609551828419, 0.011142534225744988, 0.011069455388419476, 0.010996855842102334, 0.010924732443340832, 0.010853082069298721, 0.010781901617621025, 0.01071118800629971, 0.010640938173540232, 0.010571149077628976, 0.010501817696801549, 0.01043294102911194, 0.010364516092302545, 0.010296539923675034, 0.010229009579962083, 0.010161922137199917, 0.01009527469060172, 0.01002906435443185, 0.009963288261880912, 0.009897943564941603, 0.00983302743428542, 0.009768537059140138, 0.009704469647168118, 0.0096408224243454, 0.009577592634841588, 0.009514777540900531, 0.009452374422721782, 0.009390380578342837, 0.009328793323522135, 0.009267609991622842, 0.009206827933497388, 0.009146444517372765, 0.009086457128736566, 0.009026863170223796, 0.008967660061504392, 0.008908845239171518, 0.008850416156630554, 0.008792370283988845, 0.008734705107946156, 0.008677418131685849, 0.008620506874766776, 0.008563968873015887, 0.008507801678421516, 0.0084520028590274, 0.008396569998827383, 0.008341500697660794, 0.008286792571108531, 0.008232443250389814, 0.008178450382259627, 0.008124811628906823, 0.008071524667852896, 0.008018587191851431, 0.007965996908788195, 0.00791375154158189, 0.00786184882808557, 0.007810286520988683, 0.007759062387719773, 0.007708174210349803, 0.007657619785496134, 0.007607396924227116, 0.007557503451967305, 0.007507937208403322, 0.007458696047390295, 0.007409777836858955, 0.0073611804587233, 0.007312901808788903, 0.007264939796661794, 0.007217292345657945, 0.007169957392713366, 0.007122932888294767, 0.007076216796310815, 0.007029807094023984, 0.006983701771962965, 0.006937898833835661, 0.006892396296442752, 0.006847192189591823, 0.006802284556012063, 0.00675767145126951, 0.006713350943682866, 0.006669321114239854, 0.0066255800565141335, 0.006582125876582748, 0.006538956692944124, 0.006496070636436608, 0.00645346585015753, 0.006411140489382803, 0.00636909272148705, 0.006327320725864256, 0.006285822693848935, 0.0062445968286378205, 0.006203641345212064, 0.006162954470259947, 0.006122534442100101, 0.006082379510605227, 0.00604248793712632, 0.006002857994417386, 0.005963487966560653, 0.005924376148892282, 0.005885520847928546, 0.005846920381292518, 0.005808573077641213, 0.005770477276593234, 0.005732631328656868, 0.005695033595158675, 0.005657682448172534, 0.005620576270449147, 0.005583713455346031],