{"Year": [1970.0, 1970.5, 1971.0, 1971.5, 1972.0, 1972.5, 1973.0, 1973.5, 1974.0, 1974.5, 1975.0, 1975.5, 1976.0, 1976.5, 1977.0, 1977.5, 1978.0, 1978.5, 1979.0, 1979.5, 1980.0, 1980.5, 1981.0, 1981.5, 1982.0, 1982.5, 1983.0, 1983.5, 1984.0, 1984.5, 1985.0, 1985.5, 1986.0, 1986.5, 1987.0, 1987.5, 1988.0, 1988.5, 1989.0, 1989.5, 1990.0, 1990.5, 1991.0, 1991.5, 1992.0, 1992.5, 1993.0, 1993.5, 1994.0, 1994.5, 1995.0, 1995.5, 1996.0, 1996.5, 1997.0, 1997.5, 1998.0, 1998.5, 1999.0, 1999.5, 2000.0, 2000.5, 2001.0, 2001.5, 2002.0, 2002.5, 2003.0, 2003.5, 2004.0, 2004.5, 2005.0, 2005.5, 2006.0, 2006.5, 2007.0, 2007.5, 2008.0, 2008.5, 2009.0, 2009.5, 2010.0, 2010.5, 2011.0, 2011.5, 2012.0, 2012.5, 2013.0, 2013.5, 2014.0, 2014.5, 2015.0, 2015.5, 2016.0, 2016.5, 2017.0, 2017.5, 2018.0, 2018.5, 2019.0, 2019.5, 2020.0, 2020.5, 2021.0, 2021.5, 2022.0, 2022.5, 2023.0, 2023.5, 2024.0, 2024.5, 2025.0, 2025.5, 2026.0, 2026.5, 2027.0, 2027.5, 2028.0, 2028.5, 2029.0, 2029.5, 2030.0, 2030.5, 2031.0, 2031.5, 2032.0, 2032.5, 2033.0, 2033.5, 2034.0, 2034.5, 2035.0, 2035.5, 2036.0], "N": [3859701.1444429248, 3928408.698328356, 3997603.489118029, 4067275.118189425, 4137413.03049965, 4208007.13010973, 4279047.898328977, 4350523.727011448, 4422422.863590873, 4494733.526209322, 4567443.9037172, 4640542.1556732515, 4714016.412344553, 4787854.774706524, 4862045.314442917, 4936576.073945822, 5011435.066315668, 5086610.275361219, 5162089.655599578, 5237861.132256182, 5313912.601264807, 5390231.9292675685, 5466806.953614913, 5543625.48236563, 5620675.294286841, 5697944.138854007, 5775419.736250928, 5853089.777369739, 5930941.9238109095, 6008963.8078832505, 6087143.032603907, 6165467.1716983635, 6243923.769600438, 6322500.341452288, 6401184.37310441, 6479963.321115633, 6558824.612753124, 6637755.645992391, 6716743.789517273, 6795776.382719954, 6874840.735700944, 6953924.129269101, 7033013.814941615, 7112097.0149440095, 7191162.425765135, 7270201.663530146, 7349202.525499018, 7428152.689098742, 7507039.97692963, 7585852.356765316, 7664577.9415527545, 7743204.989412223, 7821721.90363732, 7900117.232694962, 7978379.670225396, 8056498.055042179, 8134461.3711322, 8212258.747655663, 8289879.458946095, 8367312.924510347, 8444548.709028587, 8521576.52235431, 8598386.219514327, 8674967.800708774, 8751311.41131111, 8827407.34186811, 8903246.028099878, 8978818.050899832, 9054114.136334714, 9129125.155644592, 9203842.12524285, 9278256.206716197, 9352358.706824658, 9426141.077501591, 9499594.915853662, 9572711.964160867, 9645484.109876523, 9717903.385627264, 9789961.96921305, 9861652.18360716, 9932966.496956196, 10003897.522580082, 10074438.01897206, 10144580.889798699, 10214319.183899885, 10283646.095288828, 10352554.96315206, 10421039.271849431, 10489092.650914114, 10556708.875052607, 10623881.86414473, 10690605.683243612, 10756874.54257572, 10822682.797540838, 10888024.948712062, 10952895.641835822, 11017289.66783186, 11081201.962793248, 11144627.607986374, 11207561.829850947, 11270000.0, 11331937.635219889, 11393370.397470288, 11454294.093884194, 11514704.676767927, 11574598.243601125, 11633971.037036749, 11692819.444901086, 11751140.000193737, 11808929.381087633, 11866184.410929017, 11922902.058237461, 11979079.436705854, 12034713.80520041, 12089802.567760663, 12144343.273599468, 12198333.617103001, 12251771.437830765, 12304654.720515575, 12356981.595063576, 12408750.33655423, 12459959.365240322, 12510607.246547962, 12560692.69107657, 12610214.554598903, 12659171.838061027, 12707563.68758234, 12755389.39445555, 12802648.3951467, 12849340.271295136, 12895464.403139407, 12941019.42826509, 12986004.89488316], "RateAgeing": [0.0, 0.0, 0.0, 0.0, 0.0, 0.0, 0.0, 0.0, 0.0, 0.0, 0.0, 0.0, 0.0, 0.0, 0.0, 0.0, 0.0, 0.0, 0.0, 0.0, 0.0, 0.0, 0.0, 0.0, 0.0, 0.0, 0.0, 0.0, 0.0, 0.0, 0.0, 0.0, 0.0, 0.0, 0.0, 0.0, 0.0, 0.0, 0.0, 0.0, 0.0, 0.0, 0.0, 0.0, 0.0, 0.0, 0.0, 0.0, 0.0, 0.0, 0.0, 0.0, 0.0, 0.0, 0.0, 0.0, 0.0, 0.0, 0.0, 0.0, 0.0, 0.0, 0.0, 0.0, 0.0, 0.0, 0.0, 0.0, 0.0, 0.0, 0.0, 0.0, 0.0, 0.0, 0.0, 0.0, 0.0, 0.0, 0.0, 0.0, 0.0, 0.0, 0.0, 0.0, 0.0, 0.0, 0.0, 0.0, 0.0, 0.0, 0.0, 0.0, 0.0, 0.0, 0.0, 0.0, 0.0, 0.0, 0.0, 0.0, 0.0, 0.0, 0.0, 0.0, 0.0, 0.0, 0.0, 0.0, 0.0, 0.0, 0.0, 0.0, 0.0, 0.0, 0.0, 0.0, 0.0, 0.0, 0.0, 0.0, 0.0, 0.0, 0.0, 0.0, 0.0, 0.0, 0.0, 0.0, 0.0, 0.0, 0.0, 0.0, 0.0], "RateMig": [0.0, 0.0, 0.0, 0.0, 0.0, 0.0, 0.0, 0.0, 0.0, 0.0, 0.0, 0.0, 0.0, 0.0, 0.0, 0.0, 0.0, 0.0, 0.0, 0.0, 0.0, 0.0, 0.0, 0.0, 0.0, 0.0, 0.0, 0.0, 0.0, 0.0, 0.0, 0.0, 0.0, 0.0, 0.0, 0.0, 0.0, 0.0, 0.0, 0.0, 0.0, 0.0, 0.0, 0.0, 0.0, 0.0, 0.0, 0.0, 0.0, 0.0, 0.0, 0.0, 0.0, 0.0, 0.0, 0.0, 0.0, 0.0, 0.0, 0.0, 0.0, 0.0, 0.0, 0.0, 0.0, 0.0, 0.0, 0.0, 0.0, 0.0, 0.0, 0.0, 0.0, 0.0, 0.0, 0.0, 0.0, 0.0, 0.0, 0.0, 0.0, 0.0, 0.0, 0.0, 0.0, 0.0, 0.0, 0.0, 0.0, 0.0, 0.0, 0.0, 0.0, 0.0, 0.0, 0.0, 0.0, 0.0, 0.0, 0.0, 0.0, 0.0, 0.0, 0.0, 0.0, 0.0, 0.0, 0.0, 0.0, 0.0, 0.0, 0.0, 0.0, 0.0, 0.0, 0.0, 0.0, 0.0, 0.0, 0.0, 0.0, 0.0, 0.0, 0.0, 0.0, 0.0, 0.0, 0.0, 0.0, 0.0, 0.0, 0.0, 0.0], "RateDeath": [0.007164196065978782, 0.007157613877791715, 0.0071510377370663505, 0.007144467638246513, 0.007137903575781128, 0.007131345544124229, 0.007124793537734939, 0.007118247551077474, 0.007111707578621135, 0.007105173614840305, 0.007098645654214444, 0.007092123691228085, 0.0070856077203708245, 0.007079097736137328, 0.007072593733027312, 0.007066095705545551, 0.007059603648201868, 0.00705311755551113, 0.00704663742199324, 0.007040163242173144, 0.007033695010580808, 0.007027232721751233, 0.007020776370224433, 0.007014325950545444, 0.007007881457264312, 0.00700144288493609, 0.006995010228120835, 0.0069885834813836, 0.006982162639294433, 0.006975747696428367, 0.006969338647365427, 0.006962935486690611, 0.0069565382089938925, 0.00695014680887022, 0.006943761280919504, 0.006937381619746616, 0.006931007819961389, 0.0069246398761786026, 0.006918277783017989, 0.006911921535104218, 0.006905571127066903, 0.00689922655354059, 0.006892887809164755, 0.0068865548885837955, 0.006880227786447036, 0.006873906497408712, 0.006867591016127972, 0.006861281337268871, 0.006854977455500369, 0.006848679365496319, 0.006842387061935471, 0.006836100539501463, 0.006829819792882818, 0.006823544816772938, 0.006817275605870104, 0.006811012154877462, 0.00680475445850303, 0.006798502511459686, 0.006792256308465162, 0.006786015844242049, 0.006779781113517785, 0.006773552111024651, 0.006767328831499767, 0.00676111126968509, 0.0067548994203274065, 0.006748693278178333, 0.006742492837994304, 0.006736298094536574, 0.006730109042571208, 0.006723925676869082, 0.006717747992205876, 0.00671157598336207, 0.0067054096451229376, 0.006699248972278547, 0.006693093959623749, 0.0066869446019581814, 0.006680800894086256, 0.006674662830817159, 0.006668530406964846, 0.006662403617348039, 0.006656282456790216, 0.006650166920119616, 0.006644057002169228, 0.006637952697776785, 0.006631854001784768, 0.006625760909040394, 0.006619673414395613, 0.006613591512707106, 0.0066075151988362795, 0.006601444467649264, 0.0065953793140169, 0.006589319732814747, 0.006583265718923071, 0.0065772172672268385, 0.006571174372615719, 0.0065651370299840755, 0.006559105234230964, 0.006553078980260124, 0.00654705826297998, 0.006541043077303633, 0.0065350334181488575, 0.006529029280438098, 0.006523030659098462, 0.006517037549061722, 0.006511049945264306, 0.0065050678426472885, 0.0064990912361563985, 0.006493120120742006, 0.006487154491359122, 0.00648119434296739, 0.006475239670531086, 0.006469290469019113, 0.006463346733404996, 0.0064574084586668775, 0.0064514756397875146, 0.006445548271754273, 0.006439626349559126, 0.006433709868198647, 0.006427798822674004, 0.006421893207990961, 0.00641599301915987, 0.006410098251195665, 0.006404208899117863, 0.006398324957950555, 0.006392446422722405, 0.006386573288466643, 0.0063807055502210636, 0.006374843203028019, 0.006368986241934417, 0.006363134661991719, 0.006357288458255926, 0.006351447625787589, 0.006345612159651791],