{"Year": [1970.0, 1970.5, 1971.0, 1971.5, 1972.0, 1972.5, 1973.0, 1973.5, 1974.0, 1974.5, 1975.0, 1975.5, 1976.0, 1976.5, 1977.0, 1977.5, 1978.0, 1978.5, 1979.0, 1979.5, 1980.0, 1980.5, 1981.0, 1981.5, 1982.0, 1982.5, 1983.0, 1983.5, 1984.0, 1984.5, 1985.0, 1985.5, 1986.0, 1986.5, 1987.0, 1987.5, 1988.0, 1988.5, 1989.0, 1989.5, 1990.0, 1990.5, 1991.0, 1991.5, 1992.0, 1992.5, 1993.0, 1993.5, 1994.0, 1994.5, 1995.0, 1995.5, 1996.0, 1996.5, 1997.0, 1997.5, 1998.0, 1998.5, 1999.0, 1999.5, 2000.0, 2000.5, 2001.0, 2001.5, 2002.0, 2002.5, 2003.0, 2003.5, 2004.0, 2004.5, 2005.0, 2005.5, 2006.0, 2006.5, 2007.0, 2007.5, 2008.0, 2008.5, 2009.0, 2009.5, 2010.0, 2010.5, 2011.0, 2011.5, 2012.0, 2012.5, 2013.0, 2013.5, 2014.0, 2014.5, 2015.0, 2015.5, 2016.0, 2016.5, 2017.0, 2017.5, 2018.0, 2018.5, 2019.0, 2019.5, 2020.0, 2020.5, 2021.0, 2021.5, 2022.0, 2022.5, 2023.0, 2023.5, 2024.0, 2024.5, 2025.0, 2025.5, 2026.0, 2026.5, 2027.0, 2027.5, 2028.0, 2028.5, 2029.0, 2029.5, 2030.0, 2030.5, 2031.0, 2031.5, 2032.0, 2032.5, 2033.0, 2033.5, 2034.0, 2034.5, 2035.0, 2035.5, 2036.0], "N": [187092.71927784555, 190205.49888709467, 193316.8418567335, 196425.78429661703, 199531.37481086026, 202632.68188004865, 205728.79705862893, 208818.79673283055, 211901.7729852148, 214976.83601155662, 218043.11412084446, 221099.75373528068, 224145.91939028117, 227180.7937344753, 230203.57752970644, 233213.48965103136, 236209.76708672056, 239191.66493825818, 242158.45642034206, 245109.43286088362, 248043.90370100806, 250961.19649505406, 253860.65691057403, 256741.64872833417, 259603.55384231417, 262445.77225970733, 265267.72210092086, 268068.8395995752, 270848.579102505, 273606.41306975816, 276341.8320745962, 279054.34480349463, 281743.4780561423, 284408.7767454419, 287049.80389750976, 289666.14065167564, 292257.3862604833, 294823.15808968985, 297363.09161826636, 299876.84043839725, 302364.07625548076, 304824.4888881287, 307257.78626816673, 309663.6944406339, 312041.94268101954, 314391.4651477574, 316711.6880730954, 319002.5699777723, 321264.0738909479, 323496.1673502036, 325698.8224015418, 327872.0155993865, 330015.72800658277, 332129.9451943971, 334214.6572425173, 336269.8587390525, 338295.548780533, 340291.73097191064, 342258.41342655837, 344195.60876627057, 346103.3341212629, 347981.6111301722, 349830.4659400569, 351649.92920639645, 353440.03609309177, 355200.826272465, 356932.3439252598, 358634.6377406407, 360307.7609161941, 361951.7711579273, 363566.730680269, 365152.7062060693, 366709.76896659966, 368237.9947015525, 369737.46365904197, 371208.2605956033, 372650.4747761931, 374064.1999741893, 375449.53447139094, 376806.5810580187, 378135.44703271444, 379436.2442025413, 380709.08888298355, 381954.1018979471, 383171.40857975895, 384361.1387691675, 385523.4268153424, 386658.4115758747, 387766.23641677666, 388847.0492124819, 389901.00234584534, 390928.2527081433, 391928.9616990732, 392903.29522675386, 393851.42370772554, 394773.52206694975, 395669.7697378091, 396540.3506621077, 397385.4532900711, 398205.2705803458, 399000.0, 399769.84352452296, 400515.0076378252, 401235.7033322388, 401932.1461085169, 402604.5559758342, 403253.1574517864, 403878.17956239084, 404479.8558420859, 405058.4243337314, 405614.1275886084, 406147.2126664194, 406657.9311352881, 407146.53907175956, 407613.29706079996, 408058.4701957971, 408482.3280785599, 408885.14481931867, 409267.1990367249, 409628.7738578516, 409970.15691819286, 410291.64036166423, 410593.52084060246, 410876.09951576573, 411139.6820563335, 411384.57863990654, 411611.10395250685, 411819.57718857774, 412010.32205098396, 412183.6667510114, 412339.9440083674, 412479.4910511806, 412602.6496160009], "RateAgeing": [0.0, 0.0, 0.0, 0.0, 0.0, 0.0, 0.0, 0.0, 0.0, 0.0, 0.0, 0.0, 0.0, 0.0, 0.0, 0.0, 0.0, 0.0, 0.0, 0.0, 0.0, 0.0, 0.0, 0.0, 0.0, 0.0, 0.0, 0.0, 0.0, 0.0, 0.0, 0.0, 0.0, 0.0, 0.0, 0.0, 0.0, 0.0, 0.0, 0.0, 0.0, 0.0, 0.0, 0.0, 0.0, 0.0, 0.0, 0.0, 0.0, 0.0, 0.0, 0.0, 0.0, 0.0, 0.0, 0.0, 0.0, 0.0, 0.0, 0.0, 0.0, 0.0, 0.0, 0.0, 0.0, 0.0, 0.0, 0.0, 0.0, 0.0, 0.0, 0.0, 0.0, 0.0, 0.0, 0.0, 0.0, 0.0, 0.0, 0.0, 0.0, 0.0, 0.0, 0.0, 0.0, 0.0, 0.0, 0.0, 0.0, 0.0, 0.0, 0.0, 0.0, 0.0, 0.0, 0.0, 0.0, 0.0, 0.0, 0.0, 0.0, 0.0, 0.0, 0.0, 0.0, 0.0, 0.0, 0.0, 0.0, 0.0, 0.0, 0.0, 0.0, 0.0, 0.0, 0.0, 0.0, 0.0, 0.0, 0.0, 0.0, 0.0, 0.0, 0.0, 0.0, 0.0, 0.0, 0.0, 0.0, 0.0, 0.0, 0.0, 0.0], "RateMig": [0.0, 0.0, 0.0, 0.0, 0.0, 0.0, 0.0, 0.0, 0.0, 0.0, 0.0, 0.0, 0.0, 0.0, 0.0, 0.0, 0.0, 0.0, 0.0, 0.0, 0.0, 0.0, 0.0, 0.0, 0.0, 0.0, 0.0, 0.0, 0.0, 0.0, 0.0, 0.0, 0.0, 0.0, 0.0, 0.0, 0.0, 0.0, 0.0, 0.0, 0.0, 0.0, 0.0, 0.0, 0.0, 0.0, 0.0, 0.0, 0.0, 0.0, 0.0, 0.0, 0.0, 0.0, 0.0, 0.0, 0.0, 0.0, 0.0, 0.0, 0.0, 0.0, 0.0, 0.0, 0.0, 0.0, 0.0, 0.0, 0.0, 0.0, 0.0, 0.0, 0.0, 0.0, 0.0, 0.0, 0.0, 0.0, 0.0, 0.0, 0.0, 0.0, 0.0, 0.0, 0.0, 0.0, 0.0, 0.0, 0.0, 0.0, 0.0, 0.0, 0.0, 0.0, 0.0, 0.0, 0.0, 0.0, 0.0, 0.0, 0.0, 0.0, 0.0, 0.0, 0.0, 0.0, 0.0, 0.0, 0.0, 0.0, 0.0, 0.0, 0.0, 0.0, 0.0, 0.0, 0.0, 0.0, 0.0, 0.0, 0.0, 0.0, 0.0, 0.0, 0.0, 0.0, 0.0, 0.0, 0.0, 0.0, 0.0, 0.0, 0.0], "RateDeath": [0.0044726408388137545, 0.004475355728817936, 0.0044780722667585385, 0.004480790453635858, 0.004483510290450798, 0.00448623177820487, 0.0044889549179001915, 0.004491679710539491, 0.004494406157126105, 0.0044971342586639755, 0.00449986401615766, 0.004502595430612322, 0.004505328503033734, 0.004508063234428282, 0.004510799625802962, 0.004513537678165379, 0.004516277392523753, 0.004519018769886915, 0.004521761811264306, 0.004524506517665982, 0.004527252890102613, 0.00453000092958548, 0.004532750637126479, 0.00453550201373812, 0.0045382550604335286, 0.004541009778226444, 0.00454376616813122, 0.00454652423116283, 0.004549283968336859, 0.004552045380669511, 0.004554808469177605, 0.004557573234878581, 0.004560339678790492, 0.00456310780193201, 0.004565877605322428, 0.004568649089981656, 0.004571422256930222, 0.004574197107189275, 0.004576973641780584, 0.0045797518617265364, 0.004582531768050142, 0.004585313361775031, 0.004588096643925454, 0.004590881615526285, 0.004593668277603019, 0.004596456631181774, 0.00459924667728929, 0.0046020384169529315, 0.004604831851200686, 0.004607626981061165, 0.004610423807563603, 0.004613222331737861, 0.004616022554614426, 0.004618824477224407, 0.004621628100599544, 0.004624433425772198, 0.004627240453775359, 0.004630049185642644, 0.0046328596224083, 0.0046356717651071955, 0.004638485614774833, 0.004641301172447341, 0.004644118439161477, 0.004646937415954628, 0.004649758103864811, 0.004652580503930673, 0.0046554046171914925, 0.004658230444687175, 0.004661057987458262, 0.004663887246545924, 0.0046667182229919646, 0.004669550917838818, 0.004672385332129553, 0.004675221466907871, 0.004678059323218106, 0.004680898902105228, 0.004683740204614839, 0.004686583231793178, 0.004689427984687115, 0.004692274464344162, 0.00469512267181246, 0.004697972608140791, 0.004700824274378571, 0.004703677671575855, 0.004706532800783332, 0.004709389663052334, 0.004712248259434826, 0.004715108590983413, 0.004717970658751343, 0.004720834463792497, 0.0047237000071614, 0.004726567289913215, 0.004729436313103748, 0.004732307077789442, 0.004735179585027384, 0.004738053835875303, 0.004740929831391568, 0.004743807572635193, 0.004746687060665831, 0.004749568296543783, 0.004752451281329989, 0.004755336016086037, 0.004758222501874155, 0.004761110739757222, 0.004764000730798756, 0.0047668924760629235, 0.004769785976614536, 0.004772681233519053, 0.004775578247842577, 0.004778477020651864, 0.00478137755301431, 0.004784279845997965, 0.004787183900671525, 0.004790089718104333, 0.004792997299366383, 0.004795906645528318, 0.004798817757661433, 0.004801730636837669, 0.004804645284129622, 0.004807561700610536, 0.004810479887354306, 0.004813399845435483, 0.004816321575929267, 0.0048192450799115095, 0.00482217035845872, 0.004825097412648055, 0.00482802624355733, 0.004830956852265011, 0.004833889239850223, 0.004836823407392742, 0.004839759355973, 0.004842697086672089, 0.00484563660057175],