{"Year": [1970.0, 1970.5, 1971.0, 1971.5, 1972.0, 1972.5, 1973.0, 1973.5, 1974.0, 1974.5, 1975.0, 1975.5, 1976.0, 1976.5, 1977.0, 1977.5, 1978.0, 1978.5, 1979.0, 1979.5, 1980.0, 1980.5, 1981.0, 1981.5, 1982.0, 1982.5, 1983.0, 1983.5, 1984.0, 1984.5, 1985.0, 1985.5, 1986.0, 1986.5, 1987.0, 1987.5, 1988.0, 1988.5, 1989.0, 1989.5, 1990.0, 1990.5, 1991.0, 1991.5, 1992.0, 1992.5, 1993.0, 1993.5, 1994.0, 1994.5, 1995.0, 1995.5, 1996.0, 1996.5, 1997.0, 1997.5, 1998.0, 1998.5, 1999.0, 1999.5, 2000.0, 2000.5, 2001.0, 2001.5, 2002.0, 2002.5, 2003.0, 2003.5, 2004.0, 2004.5, 2005.0, 2005.5, 2006.0, 2006.5, 2007.0, 2007.5, 2008.0, 2008.5, 2009.0, 2009.5, 2010.0, 2010.5, 2011.0, 2011.5, 2012.0, 2012.5, 2013.0, 2013.5, 2014.0, 2014.5, 2015.0, 2015.5, 2016.0, 2016.5, 2017.0, 2017.5, 2018.0, 2018.5, 2019.0, 2019.5, 2020.0, 2020.5, 2021.0, 2021.5, 2022.0, 2022.5, 2023.0, 2023.5, 2024.0, 2024.5, 2025.0, 2025.5, 2026.0, 2026.5, 2027.0, 2027.5, 2028.0, 2028.5, 2029.0, 2029.5, 2030.0, 2030.5, 2031.0, 2031.5, 2032.0, 2032.5, 2033.0, 2033.5, 2034.0, 2034.5, 2035.0, 2035.5, 2036.0], "N": [30279.218392804192, 30788.07463047289, 31297.562936179816, 31807.537063505515, 32317.851686805596, 32828.36635723497, 33338.94789044195, 33849.44967641059, 34359.72618314557, 34869.63411124689, 35379.03239390989, 35887.78219692526, 36395.746918679004, 36902.79219015247, 37408.7858749223, 37913.59806916054, 38417.1011016345, 38919.16953370686, 39419.680159335614, 39918.51200507411, 40415.546330070996, 40910.66662607029, 41403.75861741132, 41894.71026102874, 42383.411746452555, 42869.75549580809, 43353.63616381601, 43834.9506377923, 44313.5980376483, 44789.47971589066, 45262.49925762136, 45732.562480537745, 46199.57743493245, 46663.45440369347, 47124.10590230412, 47581.44667884307, 48035.39371398429, 48485.8662209971, 48932.78564574614, 49376.07566669141, 49815.66219488821, 50251.47337398719, 50683.43958023433, 51111.49342247093, 51535.565059012304, 51955.47586686637, 52371.135679575564, 52782.512517549316, 53189.57544243548, 53592.2945571204, 53990.64100572888, 54384.58697362418, 54774.105687408024, 55159.17141492061, 55539.75946524059, 55915.84618868509, 56287.4089768097, 56654.42626240845, 57016.87751951387, 57374.74326339694, 57728.00505056707, 58076.6454787722, 58420.64818699868, 58759.99785547135, 59094.68020565351, 59424.6820002469, 59749.99104319176, 60070.59617966679, 60386.487296089115, 60697.655320114376, 61004.09222063665, 61305.79100778846, 61602.74573294084, 61894.95148870326, 62182.404408923634, 62465.10166868839, 62743.04148432236, 63016.223113388914, 63284.64685468983, 63548.31404826535, 63807.2270753942, 64061.38935859357, 64310.80536161912, 64555.48058946493, 64795.421588363606, 65030.63594578619, 65261.132290442154, 65486.92029227951, 65708.01066248467, 65924.4151534825, 66136.14655893641, 66343.21871374823, 66545.64649405818, 66743.44581724508, 66936.63364192614, 67125.22796795699, 67309.24783643184, 67488.71332968325, 67663.64557128232, 67834.06672603857, 68000.0, 68161.46964045311, 68318.50093592278, 68471.12021617244, 68619.35485220392, 68763.23325625756, 68902.78488181214, 69038.0402235849, 69169.03081753156, 69295.7892408463, 69418.34911196174, 69536.74509054903, 69651.0128775177, 69761.18921501577, 69867.31188642979, 69969.41971638467, 70067.55257074388, 70161.75135660925, 70252.0580223212, 70338.51555745851, 70421.16799283845, 70500.06040051678, 70575.23889378773, 70646.75062718394, 70714.64379647655, 70778.96763867518, 70839.77243202788, 70897.10949602119, 70951.0311913801, 71001.59092006805, 71048.84312528699, 71092.84329147727, 71133.64794431777], "RateAgeing": [0.0, 0.0, 0.0, 0.0, 0.0, 0.0, 0.0, 0.0, 0.0, 0.0, 0.0, 0.0, 0.0, 0.0, 0.0, 0.0, 0.0, 0.0, 0.0, 0.0, 0.0, 0.0, 0.0, 0.0, 0.0, 0.0, 0.0, 0.0, 0.0, 0.0, 0.0, 0.0, 0.0, 0.0, 0.0, 0.0, 0.0, 0.0, 0.0, 0.0, 0.0, 0.0, 0.0, 0.0, 0.0, 0.0, 0.0, 0.0, 0.0, 0.0, 0.0, 0.0, 0.0, 0.0, 0.0, 0.0, 0.0, 0.0, 0.0, 0.0, 0.0, 0.0, 0.0, 0.0, 0.0, 0.0, 0.0, 0.0, 0.0, 0.0, 0.0, 0.0, 0.0, 0.0, 0.0, 0.0, 0.0, 0.0, 0.0, 0.0, 0.0, 0.0, 0.0, 0.0, 0.0, 0.0, 0.0, 0.0, 0.0, 0.0, 0.0, 0.0, 0.0, 0.0, 0.0, 0.0, 0.0, 0.0, 0.0, 0.0, 0.0, 0.0, 0.0, 0.0, 0.0, 0.0, 0.0, 0.0, 0.0, 0.0, 0.0, 0.0, 0.0, 0.0, 0.0, 0.0, 0.0, 0.0, 0.0, 0.0, 0.0, 0.0, 0.0, 0.0, 0.0, 0.0, 0.0, 0.0, 0.0, 0.0, 0.0, 0.0, 0.0], "RateMig": [0.0, 0.0, 0.0, 0.0, 0.0, 0.0, 0.0, 0.0, 0.0, 0.0, 0.0, 0.0, 0.0, 0.0, 0.0, 0.0, 0.0, 0.0, 0.0, 0.0, 0.0, 0.0, 0.0, 0.0, 0.0, 0.0, 0.0, 0.0, 0.0, 0.0, 0.0, 0.0, 0.0, 0.0, 0.0, 0.0, 0.0, 0.0, 0.0, 0.0, 0.0, 0.0, 0.0, 0.0, 0.0, 0.0, 0.0, 0.0, 0.0, 0.0, 0.0, 0.0, 0.0, 0.0, 0.0, 0.0, 0.0, 0.0, 0.0, 0.0, 0.0, 0.0, 0.0, 0.0, 0.0, 0.0, 0.0, 0.0, 0.0, 0.0, 0.0, 0.0, 0.0, 0.0, 0.0, 0.0, 0.0, 0.0, 0.0, 0.0, 0.0, 0.0, 0.0, 0.0, 0.0, 0.0, 0.0, 0.0, 0.0, 0.0, 0.0, 0.0, 0.0, 0.0, 0.0, 0.0, 0.0, 0.0, 0.0, 0.0, 0.0, 0.0, 0.0, 0.0, 0.0, 0.0, 0.0, 0.0, 0.0, 0.0, 0.0, 0.0, 0.0, 0.0, 0.0, 0.0, 0.0, 0.0, 0.0, 0.0, 0.0, 0.0, 0.0, 0.0, 0.0, 0.0, 0.0, 0.0, 0.0, 0.0, 0.0, 0.0, 0.0], "RateDeath": [0.0061237728750253, 0.0061237728750253, 0.0061237728750253, 0.0061237728750253, 0.0061237728750253, 0.0061237728750253, 0.0061237728750253, 0.0061237728750253, 0.0061237728750253, 0.0061237728750253, 0.0061237728750253, 0.0061237728750253, 0.0061237728750253, 0.0061237728750253, 0.0061237728750253, 0.0061237728750253, 0.0061237728750253, 0.0061237728750253, 0.0061237728750253, 0.0061237728750253, 0.0061237728750253, 0.0061237728750253, 0.0061237728750253, 0.0061237728750253, 0.0061237728750253, 0.0061237728750253, 0.0061237728750253, 0.0061237728750253, 0.0061237728750253, 0.0061237728750253, 0.0061237728750253, 0.0061237728750253, 0.0061237728750253, 0.0061237728750253, 0.0061237728750253, 0.0061237728750253, 0.0061237728750253, 0.0061237728750253, 0.0061237728750253, 0.0061237728750253, 0.0061237728750253, 0.0061237728750253, 0.0061237728750253, 0.0061237728750253, 0.0061237728750253, 0.0061237728750253, 0.0061237728750253, 0.0061237728750253, 0.0061237728750253, 0.0061237728750253, 0.0061237728750253, 0.0061237728750253, 0.0061237728750253, 0.0061237728750253, 0.0061237728750253, 0.0061237728750253, 0.0061237728750253, 0.0061237728750253, 0.0061237728750253, 0.0061237728750253, 0.0061237728750253, 0.0061237728750253, 0.0061237728750253, 0.0061237728750253, 0.0061237728750253, 0.0061237728750253, 0.0061237728750253, 0.0061237728750253, 0.0061237728750253, 0.0061237728750253, 0.0061237728750253, 0.0061237728750253, 0.0061237728750253, 0.0061237728750253, 0.0061237728750253, 0.0061237728750253, 0.0061237728750253, 0.0061237728750253, 0.0061237728750253, 0.0061237728750253, 0.0061237728750253, 0.0061237728750253, 0.0061237728750253, 0.0061237728750253, 0.0061237728750253, 0.0061237728750253, 0.0061237728750253, 0.0061237728750253, 0.0061237728750253, 0.0061237728750253, 0.0061237728750253, 0.0061237728750253, 0.0061237728750253, 0.0061237728750253, 0.0061237728750253, 0.0061237728750253, 0.0061237728750253, 0.0061237728750253, 0.0061237728750253, 0.0061237728750253, 0.0061237728750253, 0.0061237728750253, 0.0061237728750253, 0.0061237728750253, 0.0061237728750253, 0.0061237728750253, 0.0061237728750253, 0.0061237728750253, 0.0061237728750253, 0.0061237728750253, 0.0061237728750253, 0.0061237728750253, 0.0061237728750253, 0.0061237728750253, 0.0061237728750253, 0.0061237728750253, 0.0061237728750253, 0.0061237728750253, 0.0061237728750253, 0.0061237728750253, 0.0061237728750253, 0.0061237728750253, 0.0061237728750253, 0.0061237728750253, 0.0061237728750253, 0.0061237728750253, 0.0061237728750253, 0.0061237728750253, 0.0061237728750253, 0.0061237728750253, 0.0061237728750253, 0.0061237728750253, 0.0061237728750253],