{"Year": [1970.0, 1970.5, 1971.0, 1971.5, 1972.0, 1972.5, 1973.0, 1973.5, 1974.0, 1974.5, 1975.0, 1975.5, 1976.0, 1976.5, 1977.0, 1977.5, 1978.0, 1978.5, 1979.0, 1979.5, 1980.0, 1980.5, 1981.0, 1981.5, 1982.0, 1982.5, 1983.0, 1983.5, 1984.0, 1984.5, 1985.0, 1985.5, 1986.0, 1986.5, 1987.0, 1987.5, 1988.0, 1988.5, 1989.0, 1989.5, 1990.0, 1990.5, 1991.0, 1991.5, 1992.0, 1992.5, 1993.0, 1993.5, 1994.0, 1994.5, 1995.0, 1995.5, 1996.0, 1996.5, 1997.0, 1997.5, 1998.0, 1998.5, 1999.0, 1999.5, 2000.0, 2000.5, 2001.0, 2001.5, 2002.0, 2002.5, 2003.0, 2003.5, 2004.0, 2004.5, 2005.0, 2005.5, 2006.0, 2006.5, 2007.0, 2007.5, 2008.0, 2008.5, 2009.0, 2009.5, 2010.0, 2010.5, 2011.0, 2011.5, 2012.0, 2012.5, 2013.0, 2013.5, 2014.0, 2014.5, 2015.0, 2015.5, 2016.0, 2016.5, 2017.0, 2017.5, 2018.0, 2018.5, 2019.0, 2019.5, 2020.0, 2020.5, 2021.0, 2021.5, 2022.0, 2022.5, 2023.0, 2023.5, 2024.0, 2024.5, 2025.0, 2025.5, 2026.0, 2026.5, 2027.0, 2027.5, 2028.0, 2028.5, 2029.0, 2029.5, 2030.0, 2030.5, 2031.0, 2031.5, 2032.0, 2032.5, 2033.0, 2033.5, 2034.0, 2034.5, 2035.0, 2035.5, 2036.0], "N": [6059956.113157623, 6142368.874585836, 6224907.264080213, 6307557.723759619, 6390306.785978909, 6473141.197347205, 6556048.361234825, 6639014.922311405, 6722027.522267312, 6805072.970110134, 6888138.2421646835, 6971210.482072987, 7054277.000794294, 7137325.276605076, 7220342.955099019, 7303317.849187036, 7386237.939097254, 7469091.372375021, 7551866.463882911, 7634551.69580071, 7717135.717625428, 7799607.346171297, 7881955.565569764, 7964169.527269501, 8046238.550036398, 8128152.119953562, 8209899.890421324, 8291471.682157238, 8372857.48319607, 8454047.44888981, 8535031.901907671, 8615801.332236081, 8696346.39717869, 8776657.92135637, 8856726.896707214, 8936544.482486527, 9016102.005266842, 9095390.95893791, 9174403.0047067, 9253129.971097404, 9331563.853951434, 9409696.816427419, 9487521.18900121, 9565029.469465878, 9642214.322931714, 9719068.58182623, 9795584.66562439, 9871748.694909269, 9947553.21298239, 10022993.31579195, 10098064.20255348, 10172761.17574985, 10247079.641131256, 10321015.10771524, 10394563.187786672, 10467719.596897757, 10540480.153868038, 10612840.780784395, 10684797.50300103, 10756346.4491395, 10827483.85108868, 10898206.044004787, 10968509.466311373, 11038390.659699325, 11107846.26912686, 11176873.04281954, 11245467.832270252, 11313627.59223922, 11381349.38075401, 11448630.359109515, 11515467.791867964, 11581859.046858924, 11647801.595179295, 11713293.011193313, 11778330.972532548, 11842913.260095904, 11907037.758049624, 11970702.45382728, 12033905.438129785, 12096644.904925382, 12158919.151449649, 12220726.578205505, 12282065.688963197, 12342935.090760313, 12403333.493901769, 12463259.711959818, 12522712.661774054, 12581691.363451397, 12640194.94036611, 12698222.61915979, 12755773.729741355, 12812847.705287082, 12869444.082240561, 12925562.50031273, 12981202.702481858, 13036364.534993546, 13091047.94736074, 13145252.9923637, 13198979.826050049, 13252228.707734725, 13305000.0, 13357294.1686955, 13409111.78293816, 13460453.515112277, 13511320.140869457, 13561712.539128661, 13611631.692076175, 13661078.685165618, 13710054.707117954, 13758561.049921473, 13806599.1088318, 13854170.382371904, 13901276.472332077, 13947919.083769955, 13994100.025010504, 14039821.207646027, 14085084.64653616, 14129892.459807876, 14174246.868855486, 14218150.198340625, 14261604.876192274, 14304613.433606748, 14347178.505047685, 14389302.828246076, 14430989.244200235, 14472240.697175812, 14513060.234705793, 14553451.007590503, 14593416.269897597, 14632959.378962068, 14672083.795386236, 14710793.083039768, 14749090.909059662], "RateAgeing": [0.0, 0.0, 0.0, 0.0, 0.0, 0.0, 0.0, 0.0, 0.0, 0.0, 0.0, 0.0, 0.0, 0.0, 0.0, 0.0, 0.0, 0.0, 0.0, 0.0, 0.0, 0.0, 0.0, 0.0, 0.0, 0.0, 0.0, 0.0, 0.0, 0.0, 0.0, 0.0, 0.0, 0.0, 0.0, 0.0, 0.0, 0.0, 0.0, 0.0, 0.0, 0.0, 0.0, 0.0, 0.0, 0.0, 0.0, 0.0, 0.0, 0.0, 0.0, 0.0, 0.0, 0.0, 0.0, 0.0, 0.0, 0.0, 0.0, 0.0, 0.0, 0.0, 0.0, 0.0, 0.0, 0.0, 0.0, 0.0, 0.0, 0.0, 0.0, 0.0, 0.0, 0.0, 0.0, 0.0, 0.0, 0.0, 0.0, 0.0, 0.0, 0.0, 0.0, 0.0, 0.0, 0.0, 0.0, 0.0, 0.0, 0.0, 0.0, 0.0, 0.0, 0.0, 0.0, 0.0, 0.0, 0.0, 0.0, 0.0, 0.0, 0.0, 0.0, 0.0, 0.0, 0.0, 0.0, 0.0, 0.0, 0.0, 0.0, 0.0, 0.0, 0.0, 0.0, 0.0, 0.0, 0.0, 0.0, 0.0, 0.0, 0.0, 0.0, 0.0, 0.0, 0.0, 0.0, 0.0, 0.0, 0.0, 0.0, 0.0, 0.0], "RateMig": [0.0, 0.0, 0.0, 0.0, 0.0, 0.0, 0.0, 0.0, 0.0, 0.0, 0.0, 0.0, 0.0, 0.0, 0.0, 0.0, 0.0, 0.0, 0.0, 0.0, 0.0, 0.0, 0.0, 0.0, 0.0, 0.0, 0.0, 0.0, 0.0, 0.0, 0.0, 0.0, 0.0, 0.0, 0.0, 0.0, 0.0, 0.0, 0.0, 0.0, 0.0, 0.0, 0.0, 0.0, 0.0, 0.0, 0.0, 0.0, 0.0, 0.0, 0.0, 0.0, 0.0, 0.0, 0.0, 0.0, 0.0, 0.0, 0.0, 0.0, 0.0, 0.0, 0.0, 0.0, 0.0, 0.0, 0.0, 0.0, 0.0, 0.0, 0.0, 0.0, 0.0, 0.0, 0.0, 0.0, 0.0, 0.0, 0.0, 0.0, 0.0, 0.0, 0.0, 0.0, 0.0, 0.0, 0.0, 0.0, 0.0, 0.0, 0.0, 0.0, 0.0, 0.0, 0.0, 0.0, 0.0, 0.0, 0.0, 0.0, 0.0, 0.0, 0.0, 0.0, 0.0, 0.0, 0.0, 0.0, 0.0, 0.0, 0.0, 0.0, 0.0, 0.0, 0.0, 0.0, 0.0, 0.0, 0.0, 0.0, 0.0, 0.0, 0.0, 0.0, 0.0, 0.0, 0.0, 0.0, 0.0, 0.0, 0.0, 0.0, 0.0], "RateDeath": [0.010202445146170941, 0.010134091957427852, 0.010066196713652305, 0.009998756346756376, 0.009931767809207364, 0.009865228073890082, 0.009799134133970069, 0.009733483002757714, 0.009668271713573292, 0.009603497319612901, 0.009539156893815301, 0.009475247528729656, 0.009411766336384129, 0.009348710448155396, 0.00928607701463901, 0.009223863205520643, 0.009162066209448184, 0.009100683233904705, 0.009039711505082261, 0.008979148267756563, 0.008918990785162452, 0.00885923633887024, 0.008799882228662874, 0.008740925772413902, 0.008682364305966285, 0.008624195183011996, 0.008566415774972453, 0.008509023470879718, 0.008452015677258527, 0.008395389818009087, 0.008339143334290665, 0.008283273684405961, 0.008227778343686256, 0.008172654804377311, 0.008117900575526065, 0.008063513182868059, 0.008009490168715628, 0.00795582909184685, 0.007902527527395228, 0.007849583066740103, 0.007796993317397826, 0.0077447559029136396, 0.007692868462754288, 0.007641328652201348, 0.007590134142245277, 0.007539282619480171, 0.007488771785999214, 0.007438599359290853, 0.007388763072135643, 0.0073392606725038055, 0.007290089923453448, 0.0072412486030294975, 0.007192734504163279, 0.007144545434572786, 0.007096679216663618, 0.007049133687430577, 0.007001906698359916, 0.006954996115332266, 0.0069083998185261826, 0.0068621157023223646, 0.0068161416752085015, 0.006770475659684758, 0.006725115592169902, 0.006680059422908044, 0.006635305115876022, 0.00659085064869139, 0.00654669401252103, 0.006502833211990379, 0.006459266265093258, 0.0064159912031023095, 0.006373006070480033, 0.006330308924790416, 0.006287897836611161, 0.006245770889446493, 0.006203926179640564, 0.006162361816291419, 0.006121075921165555, 0.00608006662861305, 0.006039332085483246, 0.0059988704510410195, 0.005958679896883592, 0.005918758606857917, 0.0058791047769785965, 0.005839716615346378, 0.005800592342067168, 0.00576173018917161, 0.005723128400535185, 0.005684785231798861, 0.005646698950290264, 0.005608867834945384, 0.0055712901762308, 0.005533964276066431, 0.005496888447748799, 0.005460061015874813, 0.005423480316266058, 0.005387144695893592, 0.0053510525128032515, 0.005315202136041451, 0.005279591945581484, 0.005244220332250313, 0.0052090856976558615, 0.0051741864541147735, 0.00513952102458068, 0.005105087842572923, 0.005070885352105783, 0.005036912007618148, 0.005003166273903688, 0.004969646626041474, 0.0049363515493270685, 0.00490327953920408, 0.004870429101196174, 0.004837798750839539, 0.004805387013615808, 0.004773192424885424, 0.004741213529821456, 0.00470944888334386, 0.004677897050054175, 0.00464655660417066, 0.004615426129463866, 0.004584504219192636, 0.004553789476040543, 0.0045232805120527355, 0.004492975948573233, 0.004462874416182612, 0.004432974554636135, 0.004403275012802276, 0.004373774448601666, 0.004344471528946452, 0.004315364929680048, 0.004286453335517307, 0.004257735439985074, 0.004229209945363162, 0.004200875562625701],