{"Year": [1970.0, 1970.5, 1971.0, 1971.5, 1972.0, 1972.5, 1973.0, 1973.5, 1974.0, 1974.5, 1975.0, 1975.5, 1976.0, 1976.5, 1977.0, 1977.5, 1978.0, 1978.5, 1979.0, 1979.5, 1980.0, 1980.5, 1981.0, 1981.5, 1982.0, 1982.5, 1983.0, 1983.5, 1984.0, 1984.5, 1985.0, 1985.5, 1986.0, 1986.5, 1987.0, 1987.5, 1988.0, 1988.5, 1989.0, 1989.5, 1990.0, 1990.5, 1991.0, 1991.5, 1992.0, 1992.5, 1993.0, 1993.5, 1994.0, 1994.5, 1995.0, 1995.5, 1996.0, 1996.5, 1997.0, 1997.5, 1998.0, 1998.5, 1999.0, 1999.5, 2000.0, 2000.5, 2001.0, 2001.5, 2002.0, 2002.5, 2003.0, 2003.5, 2004.0, 2004.5, 2005.0, 2005.5, 2006.0, 2006.5, 2007.0, 2007.5, 2008.0, 2008.5, 2009.0, 2009.5, 2010.0, 2010.5, 2011.0, 2011.5, 2012.0, 2012.5, 2013.0, 2013.5, 2014.0, 2014.5, 2015.0, 2015.5, 2016.0, 2016.5, 2017.0, 2017.5, 2018.0, 2018.5, 2019.0, 2019.5, 2020.0, 2020.5, 2021.0, 2021.5, 2022.0, 2022.5, 2023.0, 2023.5, 2024.0, 2024.5, 2025.0, 2025.5, 2026.0, 2026.5, 2027.0, 2027.5, 2028.0, 2028.5, 2029.0, 2029.5, 2030.0, 2030.5, 2031.0, 2031.5, 2032.0, 2032.5, 2033.0, 2033.5, 2034.0, 2034.5, 2035.0, 2035.5, 2036.0], "N": [821614.1036817946, 830791.3283051634, 839961.7778232181, 849124.065930138, 858276.8195831287, 867418.6826608068, 876548.3606078885, 885664.5191950162, 894765.8197458187, 903850.9424950577, 912918.5865886266, 921967.4700835516, 930996.329947991, 940003.9220612354, 948989.0212137077, 957950.4211069633, 966886.9343536894, 975797.3924777062, 984680.6459139654, 993535.5640085518, 1002361.0350186818, 1011155.9661127046, 1019919.2833701015, 1028649.9317814858, 1037346.8752486039, 1046009.0965843338, 1054635.597512686, 1063225.3986688033, 1071777.5395989604, 1080291.0787605655, 1088765.0935221578, 1097198.6801634093, 1105590.9538751245, 1113941.0487592397, 1122248.1178288243, 1130511.333008079, 1138729.8851323375, 1146902.9839480654, 1155029.8581128612, 1163109.7551954552, 1171141.9416757096, 1179125.7029446196, 1187060.343304313, 1194945.1859680486, 1202779.573060219, 1210562.8656163479, 1218294.443583092, 1225973.70581824, 1233599.9324538307, 1241171.8271733364, 1248688.8637009235, 1256150.6592321624, 1263556.8415397117, 1270907.04897332, 1278200.9304598253, 1285438.1455031545, 1292618.364184325, 1299741.2671614424, 1306806.5456697019, 1313813.9015213887, 1320763.0471058767, 1327653.70538963, 1334485.6099162013, 1341258.5048062329, 1347972.1447574566, 1354626.2950446936, 1361220.7315198546, 1367755.2406119395, 1374229.6193270371, 1380643.6752483267, 1386997.2265360765, 1393290.1019276434, 1399522.140737475, 1405693.192857107, 1411803.1187551648, 1417851.7894773644, 1423839.0866465096, 1429764.9024624939, 1435629.1397023015, 1441431.7117200042, 1447172.5424467642, 1452851.5663908331, 1458468.728637551, 1464023.9848493491, 1469517.301265746, 1474948.654703351, 1480318.0325558626, 1485625.4327940682, 1490870.863965845, 1496054.3451961596, 1501175.9061870675, 1506235.5872177144, 1511233.439144335, 1516169.5234002527, 1521043.9119958817, 1525856.6875187245, 1530607.9431333728, 1535297.782581509, 1539926.320181904, 1544493.6808304177, 1549000.0, 1553445.42374069, 1557830.1086796166, 1562154.2220209974, 1566417.9415461398, 1570621.4556134404, 1574764.9631583856, 1578848.6736935505, 1582872.8073086003, 1586837.594670289, 1590743.2770224602, 1594590.1061860474, 1598378.3445590725, 1602108.2651166476, 1605780.1514109739, 1609394.2975713415, 1612951.0083041312, 1616450.5988928117, 1619893.3951979422, 1623279.7336571703, 1626609.9612852342, 1629884.4356739603, 1633103.5249922653, 1636267.6079861543, 1639377.073978723, 1642432.3228701556, 1645433.7651377262, 1648381.821835798, 1651276.9245958233, 1654119.515626344, 1656910.0477129922, 1659648.9842184882, 1662336.7990826422], "RateAgeing": [0.0, 0.0, 0.0, 0.0, 0.0, 0.0, 0.0, 0.0, 0.0, 0.0, 0.0, 0.0, 0.0, 0.0, 0.0, 0.0, 0.0, 0.0, 0.0, 0.0, 0.0, 0.0, 0.0, 0.0, 0.0, 0.0, 0.0, 0.0, 0.0, 0.0, 0.0, 0.0, 0.0, 0.0, 0.0, 0.0, 0.0, 0.0, 0.0, 0.0, 0.0, 0.0, 0.0, 0.0, 0.0, 0.0, 0.0, 0.0, 0.0, 0.0, 0.0, 0.0, 0.0, 0.0, 0.0, 0.0, 0.0, 0.0, 0.0, 0.0, 0.0, 0.0, 0.0, 0.0, 0.0, 0.0, 0.0, 0.0, 0.0, 0.0, 0.0, 0.0, 0.0, 0.0, 0.0, 0.0, 0.0, 0.0, 0.0, 0.0, 0.0, 0.0, 0.0, 0.0, 0.0, 0.0, 0.0, 0.0, 0.0, 0.0, 0.0, 0.0, 0.0, 0.0, 0.0, 0.0, 0.0, 0.0, 0.0, 0.0, 0.0, 0.0, 0.0, 0.0, 0.0, 0.0, 0.0, 0.0, 0.0, 0.0, 0.0, 0.0, 0.0, 0.0, 0.0, 0.0, 0.0, 0.0, 0.0, 0.0, 0.0, 0.0, 0.0, 0.0, 0.0, 0.0, 0.0, 0.0, 0.0, 0.0, 0.0, 0.0, 0.0], "RateMig": [0.0, 0.0, 0.0, 0.0, 0.0, 0.0, 0.0, 0.0, 0.0, 0.0, 0.0, 0.0, 0.0, 0.0, 0.0, 0.0, 0.0, 0.0, 0.0, 0.0, 0.0, 0.0, 0.0, 0.0, 0.0, 0.0, 0.0, 0.0, 0.0, 0.0, 0.0, 0.0, 0.0, 0.0, 0.0, 0.0, 0.0, 0.0, 0.0, 0.0, 0.0, 0.0, 0.0, 0.0, 0.0, 0.0, 0.0, 0.0, 0.0, 0.0, 0.0, 0.0, 0.0, 0.0, 0.0, 0.0, 0.0, 0.0, 0.0, 0.0, 0.0, 0.0, 0.0, 0.0, 0.0, 0.0, 0.0, 0.0, 0.0, 0.0, 0.0, 0.0, 0.0, 0.0, 0.0, 0.0, 0.0, 0.0, 0.0, 0.0, 0.0, 0.0, 0.0, 0.0, 0.0, 0.0, 0.0, 0.0, 0.0, 0.0, 0.0, 0.0, 0.0, 0.0, 0.0, 0.0, 0.0, 0.0, 0.0, 0.0, 0.0, 0.0, 0.0, 0.0, 0.0, 0.0, 0.0, 0.0, 0.0, 0.0, 0.0, 0.0, 0.0, 0.0, 0.0, 0.0, 0.0, 0.0, 0.0, 0.0, 0.0, 0.0, 0.0, 0.0, 0.0, 0.0, 0.0, 0.0, 0.0, 0.0, 0.0, 0.0, 0.0], "RateDeath": [0.009299741331240511, 0.009270906803701842, 0.009242161679722772, 0.009213505682101032, 0.009184938534493842, 0.009156459961415236, 0.009128069688233417, 0.009099767441168105, 0.009071552947287892, 0.009043425934507613, 0.009015386131585729, 0.008987433268121698, 0.008959567074553382, 0.008931787282154435, 0.008904093623031718, 0.00887648583012271, 0.008848963637192949, 0.008821526778833438, 0.00879417499045811, 0.00876690800830126, 0.008739725569415012, 0.00871262741166678, 0.008685613273736731, 0.008658682895115288, 0.008631836016100588, 0.008605072377796001, 0.008578391722107621, 0.008551793791741787, 0.008525278330202586, 0.0084988450817894, 0.008472493791594423, 0.008446224205500208, 0.008420036070177224, 0.0083939291330814, 0.008367903142451701, 0.008341957847307695, 0.00831609299744713, 0.008290308343443529, 0.008264603636643775, 0.00823897862916572, 0.008213433073895797, 0.008187966724486627, 0.00816257933535465, 0.008137270661677758, 0.008112040459392933, 0.008086888485193884, 0.008061814496528721, 0.008036818251597593, 0.008011899509350377, 0.007987058029484333, 0.007962293572441806, 0.007937605899407901, 0.007912994772308191, 0.007888459953806411, 0.00786400120730218, 0.00783961829692871, 0.007815310987550537, 0.007791079044761248, 0.007766922234881229, 0.007742840324955405, 0.007718833082750995, 0.007694900276755272, 0.007671041676173333, 0.007647257050925868, 0.007623546171646949, 0.007599908809681813, 0.007576344737084653, 0.00755285372661643, 0.007529435551742676, 0.007506089986631307, 0.007482816806150447, 0.0074596157858662655, 0.0074364867020407935, 0.007413429331629788, 0.007390443452280566, 0.007367528842329866, 0.007344685280801712, 0.007321912547405277, 0.0072992104225327635, 0.007276578687257285, 0.00725401712333075, 0.0072315255131817635, 0.00720910363991353, 0.007186751287301751, 0.007164468239792554, 0.007142254282500403, 0.007120109201206032, 0.0070980327823543755, 0.007076024813052515, 0.00705408508106762, 0.0070322133748249, 0.007010409483405573, 0.006988673196544823, 0.006967004304629777, 0.00694540259869748, 0.006923867870432884, 0.006902399912166836, 0.006880998516874077, 0.006859663478171243, 0.00683839459031488, 0.0068171916481994535, 0.006796054447355376, 0.006774982783947031, 0.0067539764547708105, 0.006733035257253155, 0.006712158989448595, 0.006691347450037813, 0.006670600438325693, 0.006649917754239391, 0.006629299198326403, 0.0066087445717526415, 0.006588253676300518, 0.006567826314367034, 0.0065474622889618705, 0.006527161403705496, 0.006506923462827265, 0.006486748271163531, 0.006466635634155773, 0.006446585357848708, 0.006426597248888425, 0.006406671114520524, 0.006386806762588254, 0.006367004001530656, 0.006347262640380724, 0.00632758248876356, 0.006307963356894531, 0.006288405055577451, 0.006268907396202749, 0.006249470190745652, 0.00623009325176437, 0.00621077639239829, 0.006191519426366178, 0.006172322167964373],