{"Year": [1970.0, 1970.5, 1971.0, 1971.5, 1972.0, 1972.5, 1973.0, 1973.5, 1974.0, 1974.5, 1975.0, 1975.5, 1976.0, 1976.5, 1977.0, 1977.5, 1978.0, 1978.5, 1979.0, 1979.5, 1980.0, 1980.5, 1981.0, 1981.5, 1982.0, 1982.5, 1983.0, 1983.5, 1984.0, 1984.5, 1985.0, 1985.5, 1986.0, 1986.5, 1987.0, 1987.5, 1988.0, 1988.5, 1989.0, 1989.5, 1990.0, 1990.5, 1991.0, 1991.5, 1992.0, 1992.5, 1993.0, 1993.5, 1994.0, 1994.5, 1995.0, 1995.5, 1996.0, 1996.5, 1997.0, 1997.5, 1998.0, 1998.5, 1999.0, 1999.5, 2000.0, 2000.5, 2001.0, 2001.5, 2002.0, 2002.5, 2003.0, 2003.5, 2004.0, 2004.5, 2005.0, 2005.5, 2006.0, 2006.5, 2007.0, 2007.5, 2008.0, 2008.5, 2009.0, 2009.5, 2010.0, 2010.5, 2011.0, 2011.5, 2012.0, 2012.5, 2013.0, 2013.5, 2014.0, 2014.5, 2015.0, 2015.5, 2016.0, 2016.5, 2017.0, 2017.5, 2018.0, 2018.5, 2019.0, 2019.5, 2020.0, 2020.5, 2021.0, 2021.5, 2022.0, 2022.5, 2023.0, 2023.5, 2024.0, 2024.5, 2025.0, 2025.5, 2026.0, 2026.5, 2027.0, 2027.5, 2028.0, 2028.5, 2029.0, 2029.5, 2030.0, 2030.5, 2031.0, 2031.5, 2032.0, 2032.5, 2033.0, 2033.5, 2034.0, 2034.5, 2035.0, 2035.5, 2036.0], "N": [10230034.895780176, 10473615.433721697, 10719236.218851954, 10966826.984462762, 11216316.787115598, 11467640.912826896, 11720731.749593878, 11975511.4814783, 12231902.827503523, 12489829.062328642, 12749214.01624847, 13009982.075193547, 13272058.180730138, 13535367.830060232, 13799837.076021548, 14065392.527087525, 14331961.347367328, 14599471.256605854, 14867850.530183714, 15137027.99911725, 15406933.050058529, 15677495.625295348, 15948646.222751223, 16220315.89598539, 16492436.254192824, 16764939.462204216, 17037758.240485985, 17310825.86514027, 17584076.167904947, 17857443.536153607, 18130862.912895568, 18404269.796775877, 18677600.242075298, 18950790.85871033, 19223778.8122332, 19496501.823831838, 19768898.170329925, 20040906.684186853, 20312466.753497746, 20583518.32199345, 20854001.889040533, 21123858.2408207, 21393015.59964804, 21661417.760938387, 21929020.366738185, 22195779.93365014, 22461653.852833197, 22726600.39000254, 22990578.68542961, 23253548.753942087, 23515471.484923895, 23776308.64231522, 24036022.86461247, 24294577.664868325, 24551937.43069168, 24808067.42424772, 25062933.78225782, 25316503.515999656, 25568744.511307113, 25819625.52857034, 26069116.202735715, 26317187.04330588, 26563809.43433973, 26808955.634452373, 27052598.77681519, 27294712.8691558, 27535272.793758076, 27774254.307462126, 28011634.041664302, 28247389.502317213, 28481499.06992971, 28713941.99956689, 28944698.420850098, 29173749.337956913, 29401076.62962118, 29626663.049132977, 29850492.224338625, 30072548.657640707, 30292817.725998033, 30511285.68092567, 30727939.648494933, 30942767.629333384, 31155758.498624817, 31366902.006109282, 31576188.776083086, 31783610.307398748, 31989158.973465085, 32192828.022247106, 32394611.576266106, 32594504.632599607, 32792503.062881384, 32988603.613301452, 33182803.90460607, 33375102.432097755, 33565498.56563527, 33753992.54963361, 33940585.503064014, 34125279.419454, 34308077.16688728, 34488982.48800387, 34667999.99999999, 34845135.19462813, 35020394.438196994, 35193784.971571565, 35365314.910173066, 35534993.24397895, 35702829.83752294, 35868835.42989498, 36033021.63474128, 36195400.94026427, 36355986.70922267, 36514793.17893141, 36671835.461261675, 36827121.36437322, 36980629.096140005, 37132364.297173955, 37282336.66994677, 37430556.116004616, 37577032.73596819, 37721776.82953265, 37864798.89546768, 38006109.63161744, 38145719.9349006, 38283640.901310325, 38419883.82591426, 38554460.20285458, 38687381.72534792, 38818660.28568544, 38948307.9752328, 39076337.08443011, 39202760.10279204, 39327589.718907714, 39450838.82044077], "RateAgeing": [0.0, 0.0, 0.0, 0.0, 0.0, 0.0, 0.0, 0.0, 0.0, 0.0, 0.0, 0.0, 0.0, 0.0, 0.0, 0.0, 0.0, 0.0, 0.0, 0.0, 0.0, 0.0, 0.0, 0.0, 0.0, 0.0, 0.0, 0.0, 0.0, 0.0, 0.0, 0.0, 0.0, 0.0, 0.0, 0.0, 0.0, 0.0, 0.0, 0.0, 0.0, 0.0, 0.0, 0.0, 0.0, 0.0, 0.0, 0.0, 0.0, 0.0, 0.0, 0.0, 0.0, 0.0, 0.0, 0.0, 0.0, 0.0, 0.0, 0.0, 0.0, 0.0, 0.0, 0.0, 0.0, 0.0, 0.0, 0.0, 0.0, 0.0, 0.0, 0.0, 0.0, 0.0, 0.0, 0.0, 0.0, 0.0, 0.0, 0.0, 0.0, 0.0, 0.0, 0.0, 0.0, 0.0, 0.0, 0.0, 0.0, 0.0, 0.0, 0.0, 0.0, 0.0, 0.0, 0.0, 0.0, 0.0, 0.0, 0.0, 0.0, 0.0, 0.0, 0.0, 0.0, 0.0, 0.0, 0.0, 0.0, 0.0, 0.0, 0.0, 0.0, 0.0, 0.0, 0.0, 0.0, 0.0, 0.0, 0.0, 0.0, 0.0, 0.0, 0.0, 0.0, 0.0, 0.0, 0.0, 0.0, 0.0, 0.0, 0.0, 0.0], "RateMig": [0.0, 0.0, 0.0, 0.0, 0.0, 0.0, 0.0, 0.0, 0.0, 0.0, 0.0, 0.0, 0.0, 0.0, 0.0, 0.0, 0.0, 0.0, 0.0, 0.0, 0.0, 0.0, 0.0, 0.0, 0.0, 0.0, 0.0, 0.0, 0.0, 0.0, 0.0, 0.0, 0.0, 0.0, 0.0, 0.0, 0.0, 0.0, 0.0, 0.0, 0.0, 0.0, 0.0, 0.0, 0.0, 0.0, 0.0, 0.0, 0.0, 0.0, 0.0, 0.0, 0.0, 0.0, 0.0, 0.0, 0.0, 0.0, 0.0, 0.0, 0.0, 0.0, 0.0, 0.0, 0.0, 0.0, 0.0, 0.0, 0.0, 0.0, 0.0, 0.0, 0.0, 0.0, 0.0, 0.0, 0.0, 0.0, 0.0, 0.0, 0.0, 0.0, 0.0, 0.0, 0.0, 0.0, 0.0, 0.0, 0.0, 0.0, 0.0, 0.0, 0.0, 0.0, 0.0, 0.0, 0.0, 0.0, 0.0, 0.0, 0.0, 0.0, 0.0, 0.0, 0.0, 0.0, 0.0, 0.0, 0.0, 0.0, 0.0, 0.0, 0.0, 0.0, 0.0, 0.0, 0.0, 0.0, 0.0, 0.0, 0.0, 0.0, 0.0, 0.0, 0.0, 0.0, 0.0, 0.0, 0.0, 0.0, 0.0, 0.0, 0.0], "RateDeath": [0.02288883300035166, 0.02263302025299477, 0.022380066548810126, 0.022129939934238157, 0.021882608812842257, 0.021638041941317476, 0.021396208425543777, 0.021157077716683483, 0.020920619607322256, 0.02068680422765326, 0.020455602041703946, 0.020226983843605023, 0.02000092075390113, 0.019777384215902697, 0.019556345992078655, 0.019337778160489396, 0.019121653111259632, 0.01890794354309067, 0.018696622459811643, 0.018487663166969343, 0.0182810392684561, 0.018076724663175395, 0.017874693541744698, 0.017674920383235225, 0.017477379951948046, 0.01728204729422629, 0.01708889773530296, 0.016897906876183946, 0.01670905059056593, 0.016522305021788693, 0.016337646579821494, 0.01615505193828316, 0.015974498031495428, 0.015795962051569266, 0.01561942144552373, 0.015444853912437042, 0.015272237400629489, 0.015101550104877818, 0.01493277046366076, 0.014765877156435346, 0.014600849100943657, 0.014437665450549668, 0.014276305591605875, 0.014116749140849339, 0.013958975942826825, 0.013802966067348755, 0.01364869980697156, 0.013496157674508222, 0.013345320400566615, 0.01319616893111536, 0.013048684425076873, 0.012902848251947353, 0.012758641989443318, 0.012616047421174491, 0.01247504653434265, 0.012335621517466247, 0.012197754758130404, 0.012061428840762096, 0.01192662654443019, 0.011793330840670043, 0.01166152489133247, 0.011531192046456688, 0.011402315842167082, 0.011274879998593453, 0.011148868417814515, 0.01102426518182438, 0.010901054550521767, 0.010779220959721685, 0.01065874901918933, 0.010539623510695975, 0.01042182938609657, 0.010305351765428832, 0.010190175935033591, 0.01007628734569612, 0.009963671610808265, 0.0098523145045511, 0.009742201960097889, 0.00963332006783715, 0.009525655073615566, 0.009419193377000527, 0.009313921529562114, 0.009209826233174258, 0.009106894338334899, 0.009005112842504921, 0.008904468888465649, 0.008804949762694695, 0.008706542893759973, 0.00860923585073165, 0.008513016341611843, 0.008417872211781878, 0.0083237914424669, 0.008230762149217634, 0.008138772580409117, 0.008047811115756228, 0.007957866264845775, 0.007868926665685012, 0.007780981083266378, 0.007694018408148264, 0.00760802765505165, 0.007522997961472424, 0.007438918586309218, 0.007355778908506564, 0.007273568425713229, 0.007192276752955538, 0.007111893621325526, 0.0070324088766837494, 0.006953812478376601, 0.006876094497967953, 0.0067992451179849835, 0.0067232546306780095, 0.006648113436794195, 0.00657381204436495, 0.006500341067506892, 0.0064276912252362, 0.00635585334029623, 0.006284818337998225, 0.006214577245074982, 0.006145121188547338, 0.006076441394603314, 0.006008529187489796, 0.0059413759884165964, 0.0058749733144727685, 0.005809312777555023, 0.005744386083308139, 0.005680185030077196, 0.005616701507871534, 0.005553927497340279, 0.00549185506875933, 0.005430476381029659, 0.0053697836806868085, 0.005309769300921462, 0.005250425660610961, 0.005191745263361641],