{"Year": [1970.0, 1970.5, 1971.0, 1971.5, 1972.0, 1972.5, 1973.0, 1973.5, 1974.0, 1974.5, 1975.0, 1975.5, 1976.0, 1976.5, 1977.0, 1977.5, 1978.0, 1978.5, 1979.0, 1979.5, 1980.0, 1980.5, 1981.0, 1981.5, 1982.0, 1982.5, 1983.0, 1983.5, 1984.0, 1984.5, 1985.0, 1985.5, 1986.0, 1986.5, 1987.0, 1987.5, 1988.0, 1988.5, 1989.0, 1989.5, 1990.0, 1990.5, 1991.0, 1991.5, 1992.0, 1992.5, 1993.0, 1993.5, 1994.0, 1994.5, 1995.0, 1995.5, 1996.0, 1996.5, 1997.0, 1997.5, 1998.0, 1998.5, 1999.0, 1999.5, 2000.0, 2000.5, 2001.0, 2001.5, 2002.0, 2002.5, 2003.0, 2003.5, 2004.0, 2004.5, 2005.0, 2005.5, 2006.0, 2006.5, 2007.0, 2007.5, 2008.0, 2008.5, 2009.0, 2009.5, 2010.0, 2010.5, 2011.0, 2011.5, 2012.0, 2012.5, 2013.0, 2013.5, 2014.0, 2014.5, 2015.0, 2015.5, 2016.0, 2016.5, 2017.0, 2017.5, 2018.0, 2018.5, 2019.0, 2019.5, 2020.0, 2020.5, 2021.0, 2021.5, 2022.0, 2022.5, 2023.0, 2023.5, 2024.0, 2024.5, 2025.0, 2025.5, 2026.0, 2026.5, 2027.0, 2027.5, 2028.0, 2028.5, 2029.0, 2029.5, 2030.0, 2030.5, 2031.0, 2031.5, 2032.0, 2032.5, 2033.0, 2033.5, 2034.0, 2034.5, 2035.0, 2035.5, 2036.0], "N": [20509248.008061882, 21026047.19548932, 21546965.487928256, 22071806.76794763, 22600373.131847084, 23132489.544668607, 23667967.4116469, 24206588.24888905, 24748135.702612393, 25292395.549399793, 25839155.69619967, 26388206.180325992, 26939339.169458285, 27492348.961641606, 28047031.985286567, 28603186.799169343, 29160614.09243164, 29719116.684580717, 30278499.525489386, 30838569.695396006, 31399136.404904485, 31960010.994984273, 32521006.936970387, 33081939.832563363, 33642627.41382931, 34202889.5431999, 34762548.21347229, 35321427.54780925, 35879353.79973909, 36436155.353155635, 36991662.7223183, 37545708.551852, 38098127.616747245, 38648756.822360076, 39197435.20441207, 39744003.92899038, 40288306.29254768, 40830187.721902214, 41369495.774237745, 41906080.13710364, 42439792.62841475, 42970466.9942481, 43497896.42905042, 44021972.47613804, 44542598.75088485, 45059681.29482927, 45573128.575674176, 46082851.48728697, 46588763.34969953, 47090779.90910823, 47588819.337873966, 48082802.23452208, 48572651.62374246, 49058292.95638946, 49539654.10948193, 50016665.38620323, 50489259.5159012, 50957371.654088184, 51420939.382441014, 51879902.70880103, 52334204.06717405, 52783788.31773039, 53228602.746804886, 53668597.06689683, 54103723.41667006, 54533936.36095285, 54959192.890738, 55379452.423182815, 55794676.80160907, 56204830.29550306, 56609879.60051556, 57009793.838461846, 57404544.55732166, 57794105.73123931, 58178453.760523535, 58557567.47164758, 58931428.11724921, 59300019.376130655, 59663327.35325867, 60021340.57976447, 60374050.012943804, 60721449.03625688, 61063533.45932844, 61400301.51794769, 61731753.874068335, 62057893.61580858, 62378726.257451124, 62694259.73944318, 63004504.428396426, 63309473.11708705, 63609181.02445575, 63903645.79560766, 64192887.501812495, 64476928.64050441, 64755794.13528207, 65029511.33590862, 65298110.01831171, 65561622.38458352, 65820083.06298065, 66073529.10792427, 66322000.0, 66565537.64595797, 66804186.3787128, 67037992.957343616, 67267006.56709403, 67491278.81937216, 67710863.75175059, 67925817.82796644, 68136199.93792129, 68342071.39768124, 68543495.94947685, 68740539.76170325, 68933254.83038622, 69121571.47399954, 69305507.22911043, 69485106.44304864, 69660413.64484306, 69831473.54522167, 69998331.03661157, 70161031.19313896, 70319619.27062914, 70474140.70660654, 70624641.12029462, 70771166.31261604, 70913762.2661925, 71052475.14534484, 71187351.29609297, 71318437.24615595, 71445779.70495191, 71569425.5635981, 71689421.89491084, 71805815.9534056, 71918655.17529698], "RateAgeing": [0.0, 0.0, 0.0, 0.0, 0.0, 0.0, 0.0, 0.0, 0.0, 0.0, 0.0, 0.0, 0.0, 0.0, 0.0, 0.0, 0.0, 0.0, 0.0, 0.0, 0.0, 0.0, 0.0, 0.0, 0.0, 0.0, 0.0, 0.0, 0.0, 0.0, 0.0, 0.0, 0.0, 0.0, 0.0, 0.0, 0.0, 0.0, 0.0, 0.0, 0.0, 0.0, 0.0, 0.0, 0.0, 0.0, 0.0, 0.0, 0.0, 0.0, 0.0, 0.0, 0.0, 0.0, 0.0, 0.0, 0.0, 0.0, 0.0, 0.0, 0.0, 0.0, 0.0, 0.0, 0.0, 0.0, 0.0, 0.0, 0.0, 0.0, 0.0, 0.0, 0.0, 0.0, 0.0, 0.0, 0.0, 0.0, 0.0, 0.0, 0.0, 0.0, 0.0, 0.0, 0.0, 0.0, 0.0, 0.0, 0.0, 0.0, 0.0, 0.0, 0.0, 0.0, 0.0, 0.0, 0.0, 0.0, 0.0, 0.0, 0.0, 0.0, 0.0, 0.0, 0.0, 0.0, 0.0, 0.0, 0.0, 0.0, 0.0, 0.0, 0.0, 0.0, 0.0, 0.0, 0.0, 0.0, 0.0, 0.0, 0.0, 0.0, 0.0, 0.0, 0.0, 0.0, 0.0, 0.0, 0.0, 0.0, 0.0, 0.0, 0.0], "RateMig": [0.0, 0.0, 0.0, 0.0, 0.0, 0.0, 0.0, 0.0, 0.0, 0.0, 0.0, 0.0, 0.0, 0.0, 0.0, 0.0, 0.0, 0.0, 0.0, 0.0, 0.0, 0.0, 0.0, 0.0, 0.0, 0.0, 0.0, 0.0, 0.0, 0.0, 0.0, 0.0, 0.0, 0.0, 0.0, 0.0, 0.0, 0.0, 0.0, 0.0, 0.0, 0.0, 0.0, 0.0, 0.0, 0.0, 0.0, 0.0, 0.0, 0.0, 0.0, 0.0, 0.0, 0.0, 0.0, 0.0, 0.0, 0.0, 0.0, 0.0, 0.0, 0.0, 0.0, 0.0, 0.0, 0.0, 0.0, 0.0, 0.0, 0.0, 0.0, 0.0, 0.0, 0.0, 0.0, 0.0, 0.0, 0.0, 0.0, 0.0, 0.0, 0.0, 0.0, 0.0, 0.0, 0.0, 0.0, 0.0, 0.0, 0.0, 0.0, 0.0, 0.0, 0.0, 0.0, 0.0, 0.0, 0.0, 0.0, 0.0, 0.0, 0.0, 0.0, 0.0, 0.0, 0.0, 0.0, 0.0, 0.0, 0.0, 0.0, 0.0, 0.0, 0.0, 0.0, 0.0, 0.0, 0.0, 0.0, 0.0, 0.0, 0.0, 0.0, 0.0, 0.0, 0.0, 0.0, 0.0, 0.0, 0.0, 0.0, 0.0, 0.0], "RateDeath": [0.01092386642342671, 0.010872095591413616, 0.010820570113833052, 0.01076928882789131, 0.010718250576305446, 0.010667454207277155, 0.010616898574466785, 0.01056658253696746, 0.010516504959279338, 0.010466664711283984, 0.010417060668218866, 0.010367691710651975, 0.010318556724456555, 0.010269654600785966, 0.010220984236048662, 0.010172544531883279, 0.010124334395133857, 0.010076352737825159, 0.010028598477138129, 0.009981070535385451, 0.009933767839987223, 0.009886689323446768, 0.009839833923326519, 0.00979320058222407, 0.009746788247748288, 0.009700595872495582, 0.009654622414026256, 0.009608866834840989, 0.009563328102357415, 0.009518005188886828, 0.00947289707161098, 0.009428002732559016, 0.00938332115858448, 0.009338851341342465, 0.009294592277266854, 0.009250542967547666, 0.009206702418108524, 0.009163069639584224, 0.009119643647298392, 0.00907642346124128, 0.009033408106047636, 0.008990596610974705, 0.00894798800988031, 0.008905581341201054, 0.00886337564793063, 0.008821369977598201, 0.008779563382246927, 0.00873795491841256, 0.00869654364710216, 0.008655328633772894, 0.008614308948310959, 0.00857348366501058, 0.008532851862553129, 0.008492412623986326, 0.00845216503670355, 0.00841210819242324, 0.008372241187168401, 0.008332563121246207, 0.008293073099227683, 0.008253770229927517, 0.008214653626383933, 0.008175722405838685, 0.008136975689717125, 0.008098412603608388, 0.008060032277245645, 0.008021833844486478, 0.007983816443293323, 0.00794597921571402, 0.00790832130786245, 0.007870841869899269, 0.007833540056012722, 0.0077964150243995615, 0.007759465937246048, 0.007722691960709042, 0.0076860922648971895, 0.00764966602385219, 0.007613412415530157, 0.007577330621783071, 0.007541419828340309, 0.007505679224790278, 0.007470108004562112, 0.007434705364907485, 0.007399470506882489, 0.007364402635329601, 0.00732950095885974, 0.007294764689834409, 0.007260193044347921, 0.007225785242209706, 0.007191540506926705, 0.007157458065685844, 0.0071235371493366, 0.007089776992373636, 0.007056176832919534, 0.007022735912707589, 0.006989453477064711, 0.006956328774894384, 0.0069233610586597214, 0.006890549584366591, 0.00685789361154683, 0.006825392403241531, 0.006793045225984414, 0.00676085134978527, 0.006728810048113493, 0.006696920597881675, 0.006665182279429298, 0.006633594376506485, 0.006602156176257842, 0.006570866969206369, 0.006539726049237443, 0.006508732713582895, 0.006477886262805138, 0.006447186000781392, 0.006416631234687969, 0.006386221274984636, 0.006355955435399063, 0.006325833032911324, 0.006295853387738495, 0.0062660158233193005, 0.006236319666298856, 0.006206764246513466, 0.0061773488969755035, 0.0061480729538583535, 0.006118935756481439, 0.006089936647295303, 0.006061074971866779, 0.006032350078864212, 0.0060037613200427655, 0.005975308050229792, 0.005946989627310274, 0.005918805412212329, 0.0058907547688927895, 0.0058628370643228536, 0.005835051668473792],