{"Year": [1970.0, 1970.5, 1971.0, 1971.5, 1972.0, 1972.5, 1973.0, 1973.5, 1974.0, 1974.5, 1975.0, 1975.5, 1976.0, 1976.5, 1977.0, 1977.5, 1978.0, 1978.5, 1979.0, 1979.5, 1980.0, 1980.5, 1981.0, 1981.5, 1982.0, 1982.5, 1983.0, 1983.5, 1984.0, 1984.5, 1985.0, 1985.5, 1986.0, 1986.5, 1987.0, 1987.5, 1988.0, 1988.5, 1989.0, 1989.5, 1990.0, 1990.5, 1991.0, 1991.5, 1992.0, 1992.5, 1993.0, 1993.5, 1994.0, 1994.5, 1995.0, 1995.5, 1996.0, 1996.5, 1997.0, 1997.5, 1998.0, 1998.5, 1999.0, 1999.5, 2000.0, 2000.5, 2001.0, 2001.5, 2002.0, 2002.5, 2003.0, 2003.5, 2004.0, 2004.5, 2005.0, 2005.5, 2006.0, 2006.5, 2007.0, 2007.5, 2008.0, 2008.5, 2009.0, 2009.5, 2010.0, 2010.5, 2011.0, 2011.5, 2012.0, 2012.5, 2013.0, 2013.5, 2014.0, 2014.5, 2015.0, 2015.5, 2016.0, 2016.5, 2017.0, 2017.5, 2018.0, 2018.5, 2019.0, 2019.5, 2020.0, 2020.5, 2021.0, 2021.5, 2022.0, 2022.5, 2023.0, 2023.5, 2024.0, 2024.5, 2025.0, 2025.5, 2026.0, 2026.5, 2027.0, 2027.5, 2028.0, 2028.5, 2029.0, 2029.5, 2030.0, 2030.5, 2031.0, 2031.5, 2032.0, 2032.5, 2033.0, 2033.5, 2034.0, 2034.5, 2035.0, 2035.5, 2036.0], "N": [6455853.964263264, 6638538.097306399, 6823769.958087527, 7011511.974834986, 7201725.114941447, 7394375.280584919, 7589421.519671352, 7786816.093932119, 7986510.745124703, 8188456.69503269, 8392604.645465763, 8598904.778259719, 8807306.755276449, 9017759.718403956, 9230212.289556336, 9444612.5706738, 9660908.143722653, 9879046.070695309, 10098972.893610286, 10320634.634512201, 10543976.79547178, 10768944.358585846, 10995481.785977332, 11223533.019795272, 11453041.482214801, 11683950.075437164, 11916201.181689698, 12149736.663225861, 12384497.862325195, 12620425.60129336, 12857460.182462113, 13095541.388189316, 13334608.480858935, 13574600.202881038, 13815454.776691798, 14057109.904753493, 14299502.769554503, 14542570.033609305, 14786247.839458492, 15030471.80966875, 15275181.715466553, 15520341.158225844, 15765894.308848746, 16011782.03672107, 16257946.070147516, 16504328.99635169, 16750874.26147607, 16997526.17058203, 17244229.88764985, 17490931.435578674, 17737577.696186554, 17984116.410210427, 18230496.17730613, 18476666.45604837, 18722577.56393076, 18968180.677365806, 19213427.831684895, 19458271.921138305, 19702666.698895212, 19946566.777043674, 20189927.626590643, 20432705.577461965, 20674857.81850237, 20916342.397475485, 21157118.221063823, 21397145.054868788, 21636383.523410674, 21874795.110128667, 22112342.15738084, 22348987.866444167, 22584696.2975145, 22819432.369706582, 23053161.861054063, 23285851.408509452, 23517468.507944185, 23747981.514148563, 23977359.64083179, 24205572.960621953, 24432592.40506603, 24658389.764629897, 24882937.68869831, 25106209.685574923, 25328180.12248228, 25548824.225561813, 25768118.079873845, 25986038.629397586, 26202563.67703115, 26417671.884591516, 26631342.772814576, 26843556.72135511, 27054294.968786787, 27263539.61260215, 27471273.609212648, 27677480.77394863, 27882145.781059314, 28085254.16371281, 28286792.313996155, 28486747.48291522, 28685107.533700705, 28881861.44965443, 29077000.0, 29270514.5042413, 29462396.79104232, 29652639.198227216, 29841234.572780255, 30028176.27084586, 30213458.157728568, 30397074.607893076, 30579020.504964188, 30759291.241726868, 30937882.7201262, 31114791.351267412, 31290014.05541586, 31463548.261997044, 31635391.90959659, 31805543.44596026, 31974001.82799397, 32140766.52176374, 32305837.502495755, 32469215.25457631, 32630900.77155186, 32790895.556128968, 32949201.62017436, 33105821.48471487, 33260758.179937497, 33414015.245189358, 33565596.728977695, 33715507.1889699, 33863751.69199352, 34010335.81403618, 34155265.640245706, 34298547.76493001, 34440189.29155717], "RateAgeing": [0.0, 0.0, 0.0, 0.0, 0.0, 0.0, 0.0, 0.0, 0.0, 0.0, 0.0, 0.0, 0.0, 0.0, 0.0, 0.0, 0.0, 0.0, 0.0, 0.0, 0.0, 0.0, 0.0, 0.0, 0.0, 0.0, 0.0, 0.0, 0.0, 0.0, 0.0, 0.0, 0.0, 0.0, 0.0, 0.0, 0.0, 0.0, 0.0, 0.0, 0.0, 0.0, 0.0, 0.0, 0.0, 0.0, 0.0, 0.0, 0.0, 0.0, 0.0, 0.0, 0.0, 0.0, 0.0, 0.0, 0.0, 0.0, 0.0, 0.0, 0.0, 0.0, 0.0, 0.0, 0.0, 0.0, 0.0, 0.0, 0.0, 0.0, 0.0, 0.0, 0.0, 0.0, 0.0, 0.0, 0.0, 0.0, 0.0, 0.0, 0.0, 0.0, 0.0, 0.0, 0.0, 0.0, 0.0, 0.0, 0.0, 0.0, 0.0, 0.0, 0.0, 0.0, 0.0, 0.0, 0.0, 0.0, 0.0, 0.0, 0.0, 0.0, 0.0, 0.0, 0.0, 0.0, 0.0, 0.0, 0.0, 0.0, 0.0, 0.0, 0.0, 0.0, 0.0, 0.0, 0.0, 0.0, 0.0, 0.0, 0.0, 0.0, 0.0, 0.0, 0.0, 0.0, 0.0, 0.0, 0.0, 0.0, 0.0, 0.0, 0.0], "RateMig": [0.0, 0.0, 0.0, 0.0, 0.0, 0.0, 0.0, 0.0, 0.0, 0.0, 0.0, 0.0, 0.0, 0.0, 0.0, 0.0, 0.0, 0.0, 0.0, 0.0, 0.0, 0.0, 0.0, 0.0, 0.0, 0.0, 0.0, 0.0, 0.0, 0.0, 0.0, 0.0, 0.0, 0.0, 0.0, 0.0, 0.0, 0.0, 0.0, 0.0, 0.0, 0.0, 0.0, 0.0, 0.0, 0.0, 0.0, 0.0, 0.0, 0.0, 0.0, 0.0, 0.0, 0.0, 0.0, 0.0, 0.0, 0.0, 0.0, 0.0, 0.0, 0.0, 0.0, 0.0, 0.0, 0.0, 0.0, 0.0, 0.0, 0.0, 0.0, 0.0, 0.0, 0.0, 0.0, 0.0, 0.0, 0.0, 0.0, 0.0, 0.0, 0.0, 0.0, 0.0, 0.0, 0.0, 0.0, 0.0, 0.0, 0.0, 0.0, 0.0, 0.0, 0.0, 0.0, 0.0, 0.0, 0.0, 0.0, 0.0, 0.0, 0.0, 0.0, 0.0, 0.0, 0.0, 0.0, 0.0, 0.0, 0.0, 0.0, 0.0, 0.0, 0.0, 0.0, 0.0, 0.0, 0.0, 0.0, 0.0, 0.0, 0.0, 0.0, 0.0, 0.0, 0.0, 0.0, 0.0, 0.0, 0.0, 0.0, 0.0, 0.0], "RateDeath": [0.013034942360166234, 0.01293756592961584, 0.012840916941424968, 0.012744989961297217, 0.01264977959553263, 0.012555280490724432, 0.012461487333458011, 0.012368394850012187, 0.012275997806062639, 0.012184291006387645, 0.012093269294575935, 0.012002927552736773, 0.011913260701212193, 0.01182426369829138, 0.011735931539927193, 0.011648259259454808, 0.011561241927312432, 0.01147487465076416, 0.01138915257362485, 0.011304070875987081, 0.011219624773950136, 0.011135809519351026, 0.011052620399497512, 0.010970052736903121, 0.010888101889024143, 0.010806763247998603, 0.01072603224038716, 0.01064590432691597, 0.010566375002221445, 0.010487439794596935, 0.010409094265741294, 0.01033133401050933, 0.010254154656664112, 0.010177551864631134, 0.010101521327254314, 0.010026058769553817, 0.009951159948485675, 0.009876820652703224, 0.009803036702320309, 0.00972980394867626, 0.009657118274102615, 0.00958497559169162, 0.009513371845066407, 0.009442303008152934, 0.009371765084953597, 0.009301754109322557, 0.009232266144742733, 0.009163297284104453, 0.009094843649485785, 0.009026901391934478, 0.008959466691251555, 0.008892535755776509, 0.008826104822174111, 0.008760170155222813, 0.008694728047604716, 0.008629774819697126, 0.008565306819365664, 0.008501320421758905, 0.00843781202910457, 0.008374778070507233, 0.008312215001747541, 0.008250119305082926, 0.008188487489049823, 0.008127316088267344, 0.00806660166324244, 0.008006340800176497, 0.0079465301107734, 0.007887166232049008, 0.007828245826142069, 0.007769765580126542, 0.007711722205825315, 0.007654112439625328, 0.007596933042294062, 0.007540180798797412, 0.007483852518118912, 0.007427945033080312, 0.0073724552001635, 0.0073173798993337496, 0.007262716033864287, 0.007208460530162174, 0.007154610337595488, 0.007101162428321794, 0.007048113797117894, 0.006995461461210857, 0.006943202460110306, 0.00689133385544195, 0.00683985273078238, 0.0067887561914950776, 0.00673804136456766, 0.006687705398450343, 0.0066377454628956, 0.006588158748799029, 0.006538942468041403, 0.006490093853331906, 0.006441610158052531, 0.006393488656103647, 0.006345726641750722, 0.006298321429472181, 0.006251270353808411, 0.006204570769211889, 0.006158220049898431, 0.00611221558969955, 0.006066554801915918, 0.006021235119171928, 0.005976253993271332, 0.005931608895053968, 0.005887297314253547, 0.0058433167593565155, 0.005799664757461957, 0.005756338854142553, 0.005713336613306576, 0.005670655617060914, 0.005628293465575121, 0.005586247776946481, 0.00554451618706608, 0.0055030963494858785, 0.005461985935286777, 0.005421182632947671, 0.005380684148215476, 0.005340488203976131, 0.005300592540126563, 0.005260994913447606, 0.005221693097477875, 0.005182684882388573, 0.005143968074859241, 0.005105540497954436, 0.005067399991001327, 0.005029544409468205, 0.0049919716248439045, 0.004954679524518119, 0.00491766601166262, 0.004880929005113356, 0.004844466439253436],