{"Year": [1970.0, 1970.5, 1971.0, 1971.5, 1972.0, 1972.5, 1973.0, 1973.5, 1974.0, 1974.5, 1975.0, 1975.5, 1976.0, 1976.5, 1977.0, 1977.5, 1978.0, 1978.5, 1979.0, 1979.5, 1980.0, 1980.5, 1981.0, 1981.5, 1982.0, 1982.5, 1983.0, 1983.5, 1984.0, 1984.5, 1985.0, 1985.5, 1986.0, 1986.5, 1987.0, 1987.5, 1988.0, 1988.5, 1989.0, 1989.5, 1990.0, 1990.5, 1991.0, 1991.5, 1992.0, 1992.5, 1993.0, 1993.5, 1994.0, 1994.5, 1995.0, 1995.5, 1996.0, 1996.5, 1997.0, 1997.5, 1998.0, 1998.5, 1999.0, 1999.5, 2000.0, 2000.5, 2001.0, 2001.5, 2002.0, 2002.5, 2003.0, 2003.5, 2004.0, 2004.5, 2005.0, 2005.5, 2006.0, 2006.5, 2007.0, 2007.5, 2008.0, 2008.5, 2009.0, 2009.5, 2010.0, 2010.5, 2011.0, 2011.5, 2012.0, 2012.5, 2013.0, 2013.5, 2014.0, 2014.5, 2015.0, 2015.5, 2016.0, 2016.5, 2017.0, 2017.5, 2018.0, 2018.5, 2019.0, 2019.5, 2020.0, 2020.5, 2021.0, 2021.5, 2022.0, 2022.5, 2023.0, 2023.5, 2024.0, 2024.5, 2025.0, 2025.5, 2026.0, 2026.5, 2027.0, 2027.5, 2028.0, 2028.5, 2029.0, 2029.5, 2030.0, 2030.5, 2031.0, 2031.5, 2032.0, 2032.5, 2033.0, 2033.5, 2034.0, 2034.5, 2035.0, 2035.5, 2036.0], "N": [669815.9640513539, 678178.2424044773, 686573.1076638278, 694999.6789833648, 703457.0691394155, 711944.3965562005, 720460.8609035657, 729005.5466942523, 737577.507400051, 746175.7963334668, 754799.4666477186, 763447.57133674, 772119.1632351782, 780813.2950183954, 789529.0192024672, 798265.3881441841, 807021.4540410504, 815796.2689312847, 824588.8846938199, 833398.3530483032, 842223.7255550958, 851064.0536152732, 859918.3884706253, 868785.781203656, 877665.2827375835, 886555.9438363403, 895456.8151045729, 904366.9469876421, 913285.3897716232, 922211.1935833052, 931143.4083901921, 940081.0840005009, 949023.2700631643, 957969.016067828, 966917.3713448527, 975867.3850653128, 984818.1062409972, 993768.583724409, 1002717.8662087655, 1011665.0022279982, 1020609.0401567527, 1029549.0282103892, 1038484.0144449814, 1047413.046757318, 1056335.1728849018, 1065249.440405949, 1074154.8967393914, 1083050.6580918022, 1091936.1300875826, 1100810.4091621744, 1109672.5479225297, 1118521.6079803, 1127356.6599518352, 1136176.7834581851, 1144981.0671250997, 1153768.608583027, 1162538.5144671146, 1171289.9004172096, 1180021.8910778589, 1188733.6200983073, 1197424.2301325004, 1206092.8728390823, 1214738.7088813968, 1223360.9079274863, 1231958.6486500935, 1240531.1187266593, 1249077.514839325, 1257597.0426749308, 1266088.9169250154, 1274552.361285818, 1282986.6084582766, 1291390.9001480285, 1299764.48706541, 1308106.6289254576, 1316416.594447906, 1324693.6613571898, 1332937.1163824429, 1341146.2552574987, 1349320.3827208888, 1357458.8125158458, 1365560.8673903006, 1373625.879096883, 1381653.1883929232, 1389642.1450404497, 1397592.1078061908, 1405502.4444615748, 1413372.5317827275, 1421201.7555504753, 1428989.5105503441, 1436735.2005725584, 1444438.2384120424, 1452098.0458684189, 1459714.053746011, 1467285.701853841, 1474812.4390056296, 1482293.7230197978, 1489729.020719465, 1497117.8079324507, 1504459.5694912733, 1511753.799233151, 1519000.0, 1526197.6836384372, 1533346.3709997782, 1540445.5919400384, 1547494.8853199317, 1554493.7990048716, 1561441.889864971, 1568338.7237750425, 1575183.875614597, 1581976.929267846, 1588717.4776236992, 1595405.1225757662, 1602039.4750223556, 1608620.1548664754, 1615146.7910158332, 1621619.021382835, 1628036.4928845875, 1634398.8614428954, 1640705.7919842633, 1646956.9584398952, 1653152.0437456942, 1659290.7398422628, 1665372.7476749024, 1671397.7771936143, 1677365.5473530993, 1683275.7861127562, 1689128.2304366848, 1694922.6262936827, 1700658.7286572475, 1706336.3015055768, 1711955.1178215656, 1717514.9595928106, 1723015.6178116056], "RateAgeing": [0.0, 0.0, 0.0, 0.0, 0.0, 0.0, 0.0, 0.0, 0.0, 0.0, 0.0, 0.0, 0.0, 0.0, 0.0, 0.0, 0.0, 0.0, 0.0, 0.0, 0.0, 0.0, 0.0, 0.0, 0.0, 0.0, 0.0, 0.0, 0.0, 0.0, 0.0, 0.0, 0.0, 0.0, 0.0, 0.0, 0.0, 0.0, 0.0, 0.0, 0.0, 0.0, 0.0, 0.0, 0.0, 0.0, 0.0, 0.0, 0.0, 0.0, 0.0, 0.0, 0.0, 0.0, 0.0, 0.0, 0.0, 0.0, 0.0, 0.0, 0.0, 0.0, 0.0, 0.0, 0.0, 0.0, 0.0, 0.0, 0.0, 0.0, 0.0, 0.0, 0.0, 0.0, 0.0, 0.0, 0.0, 0.0, 0.0, 0.0, 0.0, 0.0, 0.0, 0.0, 0.0, 0.0, 0.0, 0.0, 0.0, 0.0, 0.0, 0.0, 0.0, 0.0, 0.0, 0.0, 0.0, 0.0, 0.0, 0.0, 0.0, 0.0, 0.0, 0.0, 0.0, 0.0, 0.0, 0.0, 0.0, 0.0, 0.0, 0.0, 0.0, 0.0, 0.0, 0.0, 0.0, 0.0, 0.0, 0.0, 0.0, 0.0, 0.0, 0.0, 0.0, 0.0, 0.0, 0.0, 0.0, 0.0, 0.0, 0.0, 0.0], "RateMig": [0.0, 0.0, 0.0, 0.0, 0.0, 0.0, 0.0, 0.0, 0.0, 0.0, 0.0, 0.0, 0.0, 0.0, 0.0, 0.0, 0.0, 0.0, 0.0, 0.0, 0.0, 0.0, 0.0, 0.0, 0.0, 0.0, 0.0, 0.0, 0.0, 0.0, 0.0, 0.0, 0.0, 0.0, 0.0, 0.0, 0.0, 0.0, 0.0, 0.0, 0.0, 0.0, 0.0, 0.0, 0.0, 0.0, 0.0, 0.0, 0.0, 0.0, 0.0, 0.0, 0.0, 0.0, 0.0, 0.0, 0.0, 0.0, 0.0, 0.0, 0.0, 0.0, 0.0, 0.0, 0.0, 0.0, 0.0, 0.0, 0.0, 0.0, 0.0, 0.0, 0.0, 0.0, 0.0, 0.0, 0.0, 0.0, 0.0, 0.0, 0.0, 0.0, 0.0, 0.0, 0.0, 0.0, 0.0, 0.0, 0.0, 0.0, 0.0, 0.0, 0.0, 0.0, 0.0, 0.0, 0.0, 0.0, 0.0, 0.0, 0.0, 0.0, 0.0, 0.0, 0.0, 0.0, 0.0, 0.0, 0.0, 0.0, 0.0, 0.0, 0.0, 0.0, 0.0, 0.0, 0.0, 0.0, 0.0, 0.0, 0.0, 0.0, 0.0, 0.0, 0.0, 0.0, 0.0, 0.0, 0.0, 0.0, 0.0, 0.0, 0.0], "RateDeath": [0.005036819298186605, 0.005041983081239306, 0.005047152158239206, 0.005052326534613697, 0.005057506215795736, 0.00506269120722385, 0.005067881514342141, 0.005073077142600292, 0.005078278097453573, 0.005083484384362848, 0.005088696008794579, 0.0050939129762208315, 0.005099135292119282, 0.005104362961973223, 0.005109595991271566, 0.005114834385508853, 0.005120078150185258, 0.005125327290806592, 0.005130581812884313, 0.005135841721935528, 0.005141107023483002, 0.005146377723055159, 0.005151653826186093, 0.00515693533841557, 0.005162222265289038, 0.005167514612357628, 0.005172812385178163, 0.005178115589313161, 0.005183424230330847, 0.00518873831380515, 0.005194057845315715, 0.005199382830447909, 0.005204713274792823, 0.005210049183947281, 0.0052153905635138435, 0.005220737419100818, 0.005226089756322259, 0.005231447580797977, 0.0052368108981535435, 0.005242179714020299, 0.005247554034035357, 0.005252933863841607, 0.005258319209087729, 0.005263710075428191, 0.005269106468523256, 0.005274508394038995, 0.005279915857647283, 0.005285328865025813, 0.005290747421858097, 0.005296171533833475, 0.005301601206647121, 0.0053070364460000435, 0.0053124772575990995, 0.005317923647156995, 0.005323375620392293, 0.0053288331830294204, 0.00533429634079867, 0.005339765099436213, 0.005345239464684099, 0.005350719442290265, 0.005356205038008539, 0.0053616962575986525, 0.005367193106826236, 0.005372695591462836, 0.005378203717285914, 0.005383717490078854, 0.005389236915630969, 0.0053947619997375094, 0.005400292748199665, 0.005405829166824573, 0.005411371261425326, 0.005416919037820973, 0.005422472501836532, 0.005428031659302992, 0.005433596516057318, 0.005439167077942461, 0.0054447433508073625, 0.005450325340506958, 0.00545591305290219, 0.005461506493860004, 0.005467105669253364, 0.005472710584961256, 0.005478321246868689, 0.005483937660866709, 0.0054895598328524005, 0.0054951877687288925, 0.005500821474405367, 0.005506460955797065, 0.00551210621882529, 0.005517757269417418, 0.0055234141135069, 0.005529076757033271, 0.0055347452059421555, 0.005540419466185271, 0.005546099543720442, 0.005551785444511596, 0.005557477174528775, 0.005563174739748146, 0.005568878146151999, 0.005574587399728758, 0.005580302506472985, 0.005586023472385389, 0.005591750303472834, 0.005597483005748337, 0.005603221585231081, 0.005608966047946422, 0.005614716399925892, 0.005620472647207207, 0.005626234795834271, 0.005632002851857188, 0.00563777682133226, 0.005643556710322002, 0.005649342524895141, 0.005655134271126628, 0.005660931955097643, 0.005666735582895597, 0.005672545160614144, 0.0056783606943531855, 0.0056841821902188765, 0.005690009654323631, 0.00569584309278613, 0.00570168251173133, 0.00570752791729046, 0.005713379315601045, 0.005719236712806891, 0.005725100115058111, 0.00573096952851112, 0.0057368449593286465, 0.005742726413679731, 0.0057486138977397485, 0.005754507417690397, 0.0057604069797197125, 0.0057663125900220815],