{"Year": [1970.0, 1970.5, 1971.0, 1971.5, 1972.0, 1972.5, 1973.0, 1973.5, 1974.0, 1974.5, 1975.0, 1975.5, 1976.0, 1976.5, 1977.0, 1977.5, 1978.0, 1978.5, 1979.0, 1979.5, 1980.0, 1980.5, 1981.0, 1981.5, 1982.0, 1982.5, 1983.0, 1983.5, 1984.0, 1984.5, 1985.0, 1985.5, 1986.0, 1986.5, 1987.0, 1987.5, 1988.0, 1988.5, 1989.0, 1989.5, 1990.0, 1990.5, 1991.0, 1991.5, 1992.0, 1992.5, 1993.0, 1993.5, 1994.0, 1994.5, 1995.0, 1995.5, 1996.0, 1996.5, 1997.0, 1997.5, 1998.0, 1998.5, 1999.0, 1999.5, 2000.0, 2000.5, 2001.0, 2001.5, 2002.0, 2002.5, 2003.0, 2003.5, 2004.0, 2004.5, 2005.0, 2005.5, 2006.0, 2006.5, 2007.0, 2007.5, 2008.0, 2008.5, 2009.0, 2009.5, 2010.0, 2010.5, 2011.0, 2011.5, 2012.0, 2012.5, 2013.0, 2013.5, 2014.0, 2014.5, 2015.0, 2015.5, 2016.0, 2016.5, 2017.0, 2017.5, 2018.0, 2018.5, 2019.0, 2019.5, 2020.0, 2020.5, 2021.0, 2021.5, 2022.0, 2022.5, 2023.0, 2023.5, 2024.0, 2024.5, 2025.0, 2025.5, 2026.0, 2026.5, 2027.0, 2027.5, 2028.0, 2028.5, 2029.0, 2029.5, 2030.0, 2030.5, 2031.0, 2031.5, 2032.0, 2032.5, 2033.0, 2033.5, 2034.0, 2034.5, 2035.0, 2035.5, 2036.0], "N": [448089.0338801123, 454074.418562562, 460131.3430006303, 466260.5286265302, 472462.7021190975, 478738.5956877285, 485088.9487337066, 491514.5046042083, 498016.0113751115, 504594.2222143499, 511249.89538191224, 517983.7942298429, 524796.6872022415, 531689.3478352632, 538662.5547571183, 545717.0916880729, 552853.747440448, 560073.3159186204, 567376.5961190222, 574764.3921301406, 582237.5131325186, 589796.7733987544, 597442.9922935015, 605176.9942734691, 612999.6088874214, 620911.6707761785, 628914.0196726151, 637007.5004016621, 645192.9628803055, 653471.2621175866, 661843.2582146019, 670309.816364504, 678871.8068525002, 687530.1050558534, 696285.591443882, 705139.1515779598, 714091.6761115157, 723144.0607900344, 732297.2064510556, 741552.0190241748, 750909.4095310428, 760370.2940853653, 769935.5938929041, 779606.2352514759, 789383.149550953, 799267.273273263, 809259.5407290509, 819360.3247613293, 829570.2799228766, 839890.4504709919, 850321.881208356, 860865.6174830312, 871522.7051884618, 882294.1907634734, 893181.1211922735, 904184.5440044511, 915305.5072749772, 926545.059624204, 937904.2502178656, 949384.1287670779, 960985.7455283382, 972710.1513035259, 984558.3974399014, 996531.5358301072, 1008630.6189121674, 1020856.6996694878, 1033210.831630856, 1045694.0688704407, 1058307.4660077929, 1071052.078207845, 1083928.961180911, 1096939.1711826867, 1110083.7650142496, 1123363.8000220587, 1136780.3340979547, 1150334.42567916, 1164027.1337482787, 1177859.517833297, 1191832.6380075815, 1205947.5548898818, 1220205.3296443284, 1234607.0239804338, 1249153.7001530922, 1263846.4209625793, 1278686.2497545525, 1293674.2504200507, 1308811.4873954947, 1324099.025662687, 1339537.9307488115, 1355129.268726434, 1370874.1062135021, 1386773.5103733446, 1402828.5489146723, 1419040.290091578, 1435409.802703535, 1451938.1560953993, 1468626.4201574086, 1485475.6653251818, 1502486.9625797195, 1519661.3834474043, 1537000.0, 1554503.8848546527, 1572174.1111738894, 1590011.7526656194, 1608017.883583133, 1626193.578725103, 1644539.9134355832, 1663057.96360401, 1681748.8056651999, 1700613.5165993522, 1719653.1739320478, 1738868.8557342484, 1758261.6406222999, 1777832.607757926, 1797582.8368482345, 1817513.408145715, 1837625.4024482379, 1857919.9010990558, 1878397.9859868025, 1899060.7395454934, 1919909.2447545265, 1940944.5851386809, 1962167.8447681165, 1983580.1082583766, 2005182.4607703842, 2026975.9880104458, 2048961.7762302486, 2071140.9122268613, 2093514.4833427353, 2116083.577465702, 2138849.283028976, 2161812.6890111533, 2184974.8849362107], "RateAgeing": [0.0, 0.0, 0.0, 0.0, 0.0, 0.0, 0.0, 0.0, 0.0, 0.0, 0.0, 0.0, 0.0, 0.0, 0.0, 0.0, 0.0, 0.0, 0.0, 0.0, 0.0, 0.0, 0.0, 0.0, 0.0, 0.0, 0.0, 0.0, 0.0, 0.0, 0.0, 0.0, 0.0, 0.0, 0.0, 0.0, 0.0, 0.0, 0.0, 0.0, 0.0, 0.0, 0.0, 0.0, 0.0, 0.0, 0.0, 0.0, 0.0, 0.0, 0.0, 0.0, 0.0, 0.0, 0.0, 0.0, 0.0, 0.0, 0.0, 0.0, 0.0, 0.0, 0.0, 0.0, 0.0, 0.0, 0.0, 0.0, 0.0, 0.0, 0.0, 0.0, 0.0, 0.0, 0.0, 0.0, 0.0, 0.0, 0.0, 0.0, 0.0, 0.0, 0.0, 0.0, 0.0, 0.0, 0.0, 0.0, 0.0, 0.0, 0.0, 0.0, 0.0, 0.0, 0.0, 0.0, 0.0, 0.0, 0.0, 0.0, 0.0, 0.0, 0.0, 0.0, 0.0, 0.0, 0.0, 0.0, 0.0, 0.0, 0.0, 0.0, 0.0, 0.0, 0.0, 0.0, 0.0, 0.0, 0.0, 0.0, 0.0, 0.0, 0.0, 0.0, 0.0, 0.0, 0.0, 0.0, 0.0, 0.0, 0.0, 0.0, 0.0], "RateMig": [0.0, 0.0, 0.0, 0.0, 0.0, 0.0, 0.0, 0.0, 0.0, 0.0, 0.0, 0.0, 0.0, 0.0, 0.0, 0.0, 0.0, 0.0, 0.0, 0.0, 0.0, 0.0, 0.0, 0.0, 0.0, 0.0, 0.0, 0.0, 0.0, 0.0, 0.0, 0.0, 0.0, 0.0, 0.0, 0.0, 0.0, 0.0, 0.0, 0.0, 0.0, 0.0, 0.0, 0.0, 0.0, 0.0, 0.0, 0.0, 0.0, 0.0, 0.0, 0.0, 0.0, 0.0, 0.0, 0.0, 0.0, 0.0, 0.0, 0.0, 0.0, 0.0, 0.0, 0.0, 0.0, 0.0, 0.0, 0.0, 0.0, 0.0, 0.0, 0.0, 0.0, 0.0, 0.0, 0.0, 0.0, 0.0, 0.0, 0.0, 0.0, 0.0, 0.0, 0.0, 0.0, 0.0, 0.0, 0.0, 0.0, 0.0, 0.0, 0.0, 0.0, 0.0, 0.0, 0.0, 0.0, 0.0, 0.0, 0.0, 0.0, 0.0, 0.0, 0.0, 0.0, 0.0, 0.0, 0.0, 0.0, 0.0, 0.0, 0.0, 0.0, 0.0, 0.0, 0.0, 0.0, 0.0, 0.0, 0.0, 0.0, 0.0, 0.0, 0.0, 0.0, 0.0, 0.0, 0.0, 0.0, 0.0, 0.0, 0.0, 0.0], "RateDeath": [0.005302566283013978, 0.005319541533605139, 0.005336571127530687, 0.005353655238761429, 0.005370794041825103, 0.0053879877118081735, 0.005405236424357609, 0.005422540355682686, 0.005439899682556782, 0.005457314582319184, 0.005474785232876899, 0.005492311812706477, 0.005509894500855826, 0.005527533476946045, 0.005545228921173262, 0.005562981014310468, 0.0055807899377093685, 0.005598655873302238, 0.005616579003603772, 0.0056345595117129575, 0.005652597581314941, 0.005670693396682905, 0.0056888471426799515, 0.005707059004760987, 0.005725329168974624, 0.005743657821965075, 0.005762045150974062, 0.005780491343842729, 0.005798996589013563, 0.005817561075532313, 0.005836184993049929, 0.005854868531824495, 0.005873611882723172, 0.00589241523722415, 0.005911278787418604, 0.005930202726012657, 0.005949187246329342, 0.005968232542310588, 0.005987338808519195, 0.006006506240140819, 0.006025735032985971, 0.006045025383492015, 0.006064377488725178, 0.006083791546382556, 0.006103267754794143, 0.006122806312924847, 0.006142407420376533, 0.006162071277390053, 0.006181798084847297, 0.006201588044273244, 0.006221441357838021, 0.006241358228358964, 0.006261338859302701, 0.006281383454787215, 0.006301492219583942, 0.006321665359119859, 0.0063419030794795795, 0.006362205587407464, 0.006382573090309727, 0.006403005796256558, 0.00642350391398425, 0.006444067652897327, 0.006464697223070687, 0.006485392835251744, 0.006506154700862587, 0.006526983032002132, 0.006547878041448296, 0.006568839942660169, 0.00658986894978019, 0.00661096527763634, 0.006632129141744335, 0.006653360758309825, 0.006674660344230609, 0.006696028117098843, 0.006717464295203269, 0.006738969097531443, 0.006760542743771969, 0.00678218545431675, 0.006803897450263233, 0.006825678953416669, 0.006847530186292387, 0.006869451372118051, 0.006891442734835957, 0.006913504499105311, 0.006935636890304526, 0.006957840134533526, 0.006980114458616055, 0.007002460090101993, 0.0070248772572696835, 0.007047366189128263, 0.00706992711542, 0.007092560266622645, 0.00711526587395178, 0.00713804416936319, 0.0071608953855552175, 0.007183819755971159, 0.007206817514801629, 0.007229888896986973, 0.007253034138219647, 0.007276253474946645, 0.007299547144371898, 0.007322915384458711, 0.007346358433932182, 0.007369876532281649, 0.007393469919763131, 0.0074171388374017905, 0.007440883526994386, 0.007464704231111748, 0.007488601193101254, 0.007512574657089319, 0.007536624867983883, 0.007560752071476922, 0.007584956514046946, 0.007609238442961529, 0.007633598106279825, 0.007658035752855109, 0.0076825516323373155, 0.007707145995175592, 0.007731819092620855, 0.007756571176728356, 0.007781402500360261, 0.007806313317188225, 0.007831303881695995, 0.007856374449182002, 0.007881525275761967, 0.007906756618371528, 0.007932068734768852, 0.007957461883537279, 0.007982936324087954, 0.008008492316662487, 0.008034130122335604, 0.008059850003017817, 0.008085652221458097],