{"Year": [1970.0, 1970.5, 1971.0, 1971.5, 1972.0, 1972.5, 1973.0, 1973.5, 1974.0, 1974.5, 1975.0, 1975.5, 1976.0, 1976.5, 1977.0, 1977.5, 1978.0, 1978.5, 1979.0, 1979.5, 1980.0, 1980.5, 1981.0, 1981.5, 1982.0, 1982.5, 1983.0, 1983.5, 1984.0, 1984.5, 1985.0, 1985.5, 1986.0, 1986.5, 1987.0, 1987.5, 1988.0, 1988.5, 1989.0, 1989.5, 1990.0, 1990.5, 1991.0, 1991.5, 1992.0, 1992.5, 1993.0, 1993.5, 1994.0, 1994.5, 1995.0, 1995.5, 1996.0, 1996.5, 1997.0, 1997.5, 1998.0, 1998.5, 1999.0, 1999.5, 2000.0, 2000.5, 2001.0, 2001.5, 2002.0, 2002.5, 2003.0, 2003.5, 2004.0, 2004.5, 2005.0, 2005.5, 2006.0, 2006.5, 2007.0, 2007.5, 2008.0, 2008.5, 2009.0, 2009.5, 2010.0, 2010.5, 2011.0, 2011.5, 2012.0, 2012.5, 2013.0, 2013.5, 2014.0, 2014.5, 2015.0, 2015.5, 2016.0, 2016.5, 2017.0, 2017.5, 2018.0, 2018.5, 2019.0, 2019.5, 2020.0, 2020.5, 2021.0, 2021.5, 2022.0, 2022.5, 2023.0, 2023.5, 2024.0, 2024.5, 2025.0, 2025.5, 2026.0, 2026.5, 2027.0, 2027.5, 2028.0, 2028.5, 2029.0, 2029.5, 2030.0, 2030.5, 2031.0, 2031.5, 2032.0, 2032.5, 2033.0, 2033.5, 2034.0, 2034.5, 2035.0, 2035.5, 2036.0], "N": [30093858.476804297, 30792149.42892115, 31498681.451238144, 32213371.955943685, 32936135.30943606, 33666891.186259605, 34405553.71896894, 35152021.08288796, 35906189.9050494, 36667955.320652686, 37437210.973063946, 38213849.01381601, 38997760.10260836, 39788833.4073072, 40586956.60394543, 41392015.876722604, 42203895.91800501, 43022479.928325586, 43847649.61638399, 44679285.19904657, 45517265.40134634, 46361467.45648303, 47211767.10582304, 48068038.59889948, 48930154.69341213, 49797986.65522748, 50671404.25837871, 51550275.78506566, 52434468.02565491, 53323846.27867968, 54218274.35083991, 55117614.55700224, 56021727.72019998, 56930473.17163311, 57843708.750668354, 58761290.80483909, 59683074.18984539, 60608912.26955403, 61538656.91599847, 62472158.509378836, 63409265.93806198, 64349826.59858145, 65293727.22210925, 66240870.03689098, 67191104.07949533, 68144279.46167548, 69100247.68378547, 70058861.63478014, 71019975.5922152, 71983445.22224712, 72949127.57963328, 73916881.10773182, 74886565.63850175, 75858042.39250287, 76831173.97889583, 77805824.39544213, 78781859.02850403, 79759144.65304469, 80737549.43262805, 81716942.91941892, 82697196.05418287, 83678181.16628638, 84659771.9736967, 85641843.5829819, 86624272.48931092, 87606936.57645352, 88589715.11678025, 89572488.77126253, 90555139.58947259, 91537551.00958346, 92519607.85836907, 93501196.3512041, 94482204.09206408, 95462520.07352541, 96442034.67676526, 97420639.67156166, 98398228.21629344, 99374694.8579403, 100349935.53208275, 101323847.56290208, 102296329.66318047, 103267281.93430091, 104236605.86624722, 105204204.33760402, 106169981.61555679, 107133843.35589181, 108095696.60299622, 109055449.78985797, 110013012.73806581, 110968296.65780935, 111921214.14787905, 112871679.19566612, 113819607.17716272, 114764914.85696167, 115707520.38825677, 116647343.3128426, 117584304.56111449, 118518326.45206873, 119449332.69330233, 120377248.38101317, 121302000.0, 122223515.42366228, 123141723.91400039, 124056556.12161559, 124967944.08570978, 125875821.23408586, 126780122.38314751, 127680783.73789915, 128577764.92987688, 129471036.75661787, 130360546.79012322, 131246243.92276132, 132128078.4406198, 133006002.02350563, 133879967.74494492, 134749930.0721831, 135615844.86618492, 136477669.3816343, 137335362.26693437, 138188883.5642077, 139038194.70929596, 139883258.53176013, 140724039.25488043, 141560502.4956564, 142392615.26480675, 143220345.96676952, 144043664.399702, 144862541.7554807, 145676950.61970142, 146486864.97167918, 147292260.1844483, 148093113.02476233, 148889401.65309414], "RateAgeing": [0.0, 0.0, 0.0, 0.0, 0.0, 0.0, 0.0, 0.0, 0.0, 0.0, 0.0, 0.0, 0.0, 0.0, 0.0, 0.0, 0.0, 0.0, 0.0, 0.0, 0.0, 0.0, 0.0, 0.0, 0.0, 0.0, 0.0, 0.0, 0.0, 0.0, 0.0, 0.0, 0.0, 0.0, 0.0, 0.0, 0.0, 0.0, 0.0, 0.0, 0.0, 0.0, 0.0, 0.0, 0.0, 0.0, 0.0, 0.0, 0.0, 0.0, 0.0, 0.0, 0.0, 0.0, 0.0, 0.0, 0.0, 0.0, 0.0, 0.0, 0.0, 0.0, 0.0, 0.0, 0.0, 0.0, 0.0, 0.0, 0.0, 0.0, 0.0, 0.0, 0.0, 0.0, 0.0, 0.0, 0.0, 0.0, 0.0, 0.0, 0.0, 0.0, 0.0, 0.0, 0.0, 0.0, 0.0, 0.0, 0.0, 0.0, 0.0, 0.0, 0.0, 0.0, 0.0, 0.0, 0.0, 0.0, 0.0, 0.0, 0.0, 0.0, 0.0, 0.0, 0.0, 0.0, 0.0, 0.0, 0.0, 0.0, 0.0, 0.0, 0.0, 0.0, 0.0, 0.0, 0.0, 0.0, 0.0, 0.0, 0.0, 0.0, 0.0, 0.0, 0.0, 0.0, 0.0, 0.0, 0.0, 0.0, 0.0, 0.0, 0.0], "RateMig": [0.0, 0.0, 0.0, 0.0, 0.0, 0.0, 0.0, 0.0, 0.0, 0.0, 0.0, 0.0, 0.0, 0.0, 0.0, 0.0, 0.0, 0.0, 0.0, 0.0, 0.0, 0.0, 0.0, 0.0, 0.0, 0.0, 0.0, 0.0, 0.0, 0.0, 0.0, 0.0, 0.0, 0.0, 0.0, 0.0, 0.0, 0.0, 0.0, 0.0, 0.0, 0.0, 0.0, 0.0, 0.0, 0.0, 0.0, 0.0, 0.0, 0.0, 0.0, 0.0, 0.0, 0.0, 0.0, 0.0, 0.0, 0.0, 0.0, 0.0, 0.0, 0.0, 0.0, 0.0, 0.0, 0.0, 0.0, 0.0, 0.0, 0.0, 0.0, 0.0, 0.0, 0.0, 0.0, 0.0, 0.0, 0.0, 0.0, 0.0, 0.0, 0.0, 0.0, 0.0, 0.0, 0.0, 0.0, 0.0, 0.0, 0.0, 0.0, 0.0, 0.0, 0.0, 0.0, 0.0, 0.0, 0.0, 0.0, 0.0, 0.0, 0.0, 0.0, 0.0, 0.0, 0.0, 0.0, 0.0, 0.0, 0.0, 0.0, 0.0, 0.0, 0.0, 0.0, 0.0, 0.0, 0.0, 0.0, 0.0, 0.0, 0.0, 0.0, 0.0, 0.0, 0.0, 0.0, 0.0, 0.0, 0.0, 0.0, 0.0, 0.0], "RateDeath": [0.021217555661049898, 0.02096512679058665, 0.02071570110935318, 0.020469242887896137, 0.020225716821841565, 0.019985088026837648, 0.019747322033557658, 0.01951238478276228, 0.0192802426204208, 0.01905086229289021, 0.018824210942151767, 0.01860025610110416, 0.01837896568891271, 0.018160308006413883, 0.017944251731574507, 0.01773076591500494, 0.017519819975525718, 0.017311383695786862, 0.017105427217939354, 0.016901921039358083, 0.016700836008415695, 0.016502143320306698, 0.016305814512921284, 0.0161118214627682, 0.01592013638094616, 0.01573073180916317, 0.015543580615803186, 0.015358655992039649, 0.015175931447995152, 0.014995380808946869, 0.014816978211577115, 0.014640698100268483, 0.014466515223443114, 0.014294404629945447, 0.01412434166546808, 0.013956301969020094, 0.013790261469437433, 0.013626196381934763, 0.013464083204698404, 0.013303898715519739, 0.01314561996846873, 0.012989224290606964, 0.012834689278739844, 0.012681992796207383, 0.012531112969713213, 0.01238202818619129, 0.012234717089709891, 0.012089158578412461, 0.011945331801494808, 0.011803216156218316, 0.011662791284958651, 0.011524037072289604, 0.01138693364210161, 0.011251461354754569, 0.011117600804264513, 0.010985332815523776, 0.010854638441554203, 0.01072549896079307, 0.010597895874411265, 0.010471810903663397, 0.010347225987269422, 0.010224123278827412, 0.010102485144257125, 0.009982294159273968, 0.009863533106893033, 0.009746184974962806, 0.009630232953728238, 0.009515660433422793, 0.00940245100188916, 0.009290588442228251, 0.009180056730476185, 0.009070840033308915, 0.008962922705774135, 0.008856289289050204, 0.008750924508231714, 0.0086468132701414, 0.008543940661168101, 0.008442291945130425, 0.008341852561165838, 0.008242608121644861, 0.008144544410110099, 0.008047647379239763, 0.007951903148835445, 0.007857298003833823, 0.007763818392342008, 0.007671450923696298, 0.0075801823665439865, 0.00748999964694803, 0.00740088984651423, 0.007312840200540729, 0.0072258380961895, 0.007139871070679591, 0.007054926809501881, 0.006970993144655055, 0.006888058052902586, 0.006806109654050435, 0.006725136209245251, 0.006645126119292824, 0.006566067922996527, 0.006487950295515543, 0.00641076204674261, 0.00633449211970108, 0.006259129588961037, 0.006184663659074261, 0.00611108366302782, 0.006038379060716049, 0.005966539437430714, 0.0058955545023691375, 0.00582541408716007, 0.005756108144407109, 0.005687626746249435, 0.005619960082939679, 0.005553098461438704, 0.005487032304027112, 0.005421752146933259, 0.005357248638977606, 0.005293512540233188, 0.005230534720702023, 0.005168306159007266, 0.005106817941100929, 0.005046061258986976, 0.004986027409459589, 0.004926707792856478, 0.004868093911826995, 0.004810177370114919, 0.0047529498713557205, 0.004696403217888128, 0.004640529309579843, 0.004585320142667218, 0.004530767808608744, 0.004476864492952178, 0.004423602474215143, 0.004370974122779053],