{"Year": [1970.0, 1970.5, 1971.0, 1971.5, 1972.0, 1972.5, 1973.0, 1973.5, 1974.0, 1974.5, 1975.0, 1975.5, 1976.0, 1976.5, 1977.0, 1977.5, 1978.0, 1978.5, 1979.0, 1979.5, 1980.0, 1980.5, 1981.0, 1981.5, 1982.0, 1982.5, 1983.0, 1983.5, 1984.0, 1984.5, 1985.0, 1985.5, 1986.0, 1986.5, 1987.0, 1987.5, 1988.0, 1988.5, 1989.0, 1989.5, 1990.0, 1990.5, 1991.0, 1991.5, 1992.0, 1992.5, 1993.0, 1993.5, 1994.0, 1994.5, 1995.0, 1995.5, 1996.0, 1996.5, 1997.0, 1997.5, 1998.0, 1998.5, 1999.0, 1999.5, 2000.0, 2000.5, 2001.0, 2001.5, 2002.0, 2002.5, 2003.0, 2003.5, 2004.0, 2004.5, 2005.0, 2005.5, 2006.0, 2006.5, 2007.0, 2007.5, 2008.0, 2008.5, 2009.0, 2009.5, 2010.0, 2010.5, 2011.0, 2011.5, 2012.0, 2012.5, 2013.0, 2013.5, 2014.0, 2014.5, 2015.0, 2015.5, 2016.0, 2016.5, 2017.0, 2017.5, 2018.0, 2018.5, 2019.0, 2019.5, 2020.0, 2020.5, 2021.0, 2021.5, 2022.0, 2022.5, 2023.0, 2023.5, 2024.0, 2024.5, 2025.0, 2025.5, 2026.0, 2026.5, 2027.0, 2027.5, 2028.0, 2028.5, 2029.0, 2029.5, 2030.0, 2030.5, 2031.0, 2031.5, 2032.0, 2032.5, 2033.0, 2033.5, 2034.0, 2034.5, 2035.0, 2035.5, 2036.0], "N": [20227057.135310285, 21489601.929878537, 22800746.36265836, 24160556.46061145, 25568996.5010329, 27025904.568204716, 28531070.259883057, 30084206.851956222, 31684947.851014804, 33332846.99435163, 35027378.24996181, 36767935.8165427, 38553834.12349395, 40384307.83091744, 42258511.829617344, 44175521.24110008, 46134331.41757435, 48133857.94195109, 50172936.627843514, 52250323.519567125, 54364694.89213964, 56514647.251281105, 58698938.25278507, 60916435.28202316, 63165577.714503914, 65444799.59675923, 67752537.31682117, 70087229.60422188, 72447317.52999371, 74831244.50666915, 77237456.2882808, 79664400.97036141, 82110528.9899439, 84574293.12556136, 87054148.49724695, 89548552.56653401, 92055965.13645604, 94574848.35154669, 97103666.6978397, 99640887.00286902, 102184978.43566874, 104734412.50677304, 107287663.06821628, 109843206.31353295, 112399520.77775773, 114955087.33742541, 117508389.21057092, 120057911.95672932, 122602230.27793925, 125140176.31361538, 127670553.8090272, 130192196.04680257, 132703970.46604541, 135204778.66233557, 137693556.387729, 140169273.55075756, 142630934.21642917, 145077576.6062278, 147508273.09811327, 149922130.2265216, 152318288.68236473, 154695923.31303057, 157054243.1223831, 159392491.27076226, 161709945.074984, 164005916.0083404, 166279749.7005993, 168530825.9380048, 170758558.66327682, 172962395.97561145, 175141820.13068062, 177296347.5406324, 179425528.77409077, 181528948.5561558, 183606225.76840353, 185657013.44888598, 187680998.79213122, 189677903.14914328, 191647482.02740225, 193589525.09086427, 195503856.15996134, 197390333.2116016, 199248848.37916905, 201079327.9525239, 202881732.3780022, 204656056.25841606, 206402328.3530537, 208120611.57767916, 209811003.0045326, 211473633.86233014, 213108597.47378948, 214715524.4068668, 216294483.58916187, 217845664.61396968, 219369261.50689587, 220865472.72585672, 222334501.16107926, 223776554.13510114, 225191843.40277076, 226580585.1512471, 227943000.0, 229279313.00080967, 230589753.63776734, 231874555.82727474, 233133957.9180442, 234368202.691099, 235577537.35977277, 236762213.56971008, 237922487.39886603, 239058619.3575065, 240170874.38820797, 241259521.86585766, 242324835.59765345, 243367093.8231038, 244386579.21402803, 245383578.87455598, 246358384.34112832, 247311291.58249626, 248242600.99972177, 249152617.4261774, 250041650.1275466, 250910012.80182326, 251758023.57931203, 252586005.02262828, 253394284.12669802, 254183192.318758, 254953065.45835555, 255704243.83734873, 256437072.17990634, 257151899.6425077, 257849079.81394303, 258528970.71531305, 259191934.80002916], "RateAgeing": [0.0, 0.0, 0.0, 0.0, 0.0, 0.0, 0.0, 0.0, 0.0, 0.0, 0.0, 0.0, 0.0, 0.0, 0.0, 0.0, 0.0, 0.0, 0.0, 0.0, 0.0, 0.0, 0.0, 0.0, 0.0, 0.0, 0.0, 0.0, 0.0, 0.0, 0.0, 0.0, 0.0, 0.0, 0.0, 0.0, 0.0, 0.0, 0.0, 0.0, 0.0, 0.0, 0.0, 0.0, 0.0, 0.0, 0.0, 0.0, 0.0, 0.0, 0.0, 0.0, 0.0, 0.0, 0.0, 0.0, 0.0, 0.0, 0.0, 0.0, 0.0, 0.0, 0.0, 0.0, 0.0, 0.0, 0.0, 0.0, 0.0, 0.0, 0.0, 0.0, 0.0, 0.0, 0.0, 0.0, 0.0, 0.0, 0.0, 0.0, 0.0, 0.0, 0.0, 0.0, 0.0, 0.0, 0.0, 0.0, 0.0, 0.0, 0.0, 0.0, 0.0, 0.0, 0.0, 0.0, 0.0, 0.0, 0.0, 0.0, 0.0, 0.0, 0.0, 0.0, 0.0, 0.0, 0.0, 0.0, 0.0, 0.0, 0.0, 0.0, 0.0, 0.0, 0.0, 0.0, 0.0, 0.0, 0.0, 0.0, 0.0, 0.0, 0.0, 0.0, 0.0, 0.0, 0.0, 0.0, 0.0, 0.0, 0.0, 0.0, 0.0], "RateMig": [0.0, 0.0, 0.0, 0.0, 0.0, 0.0, 0.0, 0.0, 0.0, 0.0, 0.0, 0.0, 0.0, 0.0, 0.0, 0.0, 0.0, 0.0, 0.0, 0.0, 0.0, 0.0, 0.0, 0.0, 0.0, 0.0, 0.0, 0.0, 0.0, 0.0, 0.0, 0.0, 0.0, 0.0, 0.0, 0.0, 0.0, 0.0, 0.0, 0.0, 0.0, 0.0, 0.0, 0.0, 0.0, 0.0, 0.0, 0.0, 0.0, 0.0, 0.0, 0.0, 0.0, 0.0, 0.0, 0.0, 0.0, 0.0, 0.0, 0.0, 0.0, 0.0, 0.0, 0.0, 0.0, 0.0, 0.0, 0.0, 0.0, 0.0, 0.0, 0.0, 0.0, 0.0, 0.0, 0.0, 0.0, 0.0, 0.0, 0.0, 0.0, 0.0, 0.0, 0.0, 0.0, 0.0, 0.0, 0.0, 0.0, 0.0, 0.0, 0.0, 0.0, 0.0, 0.0, 0.0, 0.0, 0.0, 0.0, 0.0, 0.0, 0.0, 0.0, 0.0, 0.0, 0.0, 0.0, 0.0, 0.0, 0.0, 0.0, 0.0, 0.0, 0.0, 0.0, 0.0, 0.0, 0.0, 0.0, 0.0, 0.0, 0.0, 0.0, 0.0, 0.0, 0.0, 0.0, 0.0, 0.0, 0.0, 0.0, 0.0, 0.0], "RateDeath": [0.025917142214340206, 0.02559469641454532, 0.025276262295241495, 0.0249617899454658, 0.02465123007521806, 0.02434453400773523, 0.024041653671861833, 0.02374254159451536, 0.023447150893245415, 0.023155435268885388, 0.022867348998295598, 0.022582846927196712, 0.022301884463092305, 0.022024417568279497, 0.021750402752946537, 0.021479797068356277, 0.02121255810011441, 0.02094864396152153, 0.02068801328700782, 0.020430625225649517, 0.020176439434765943, 0.01992541607359627, 0.01967751579705491, 0.019432699749564644, 0.019190929558966424, 0.01895216733050497, 0.018716375640889214, 0.01848351753242659, 0.018253556507230363, 0.018026456521498976, 0.017802181979866587, 0.01758069772982393, 0.017361969056208494, 0.017145961675763377, 0.016932641731763728, 0.016721975788710104, 0.016513930827087835, 0.016308474238191567, 0.016105573819014243, 0.01590519776719962, 0.015707314676057616, 0.015511893529641675, 0.015318903697887352, 0.015128314931811397, 0.014940097358770579, 0.014754221477779472, 0.014570658154886522, 0.014389378618607607, 0.014210354455416456, 0.014033557605291123, 0.013858960357315923, 0.013686535345338032, 0.013516255543678161, 0.013348094262894591, 0.013182025145599897, 0.013018022162329718, 0.01285605960746295, 0.012696112095192655, 0.012538154555547147, 0.012382162230460536, 0.012228110669892189, 0.012075975727994464, 0.011925733559328109, 0.011777360615124771, 0.011630833639595986, 0.01148612966628809, 0.0113432260144825, 0.011202100285640754, 0.011062730359893795, 0.010925094392574938, 0.010789170810795954, 0.010654938310065767, 0.010522375850951223, 0.010391462655779378, 0.01026217820538085, 0.010134502235873658, 0.01000841473548709, 0.009883895941425089, 0.009760926336768646, 0.009639486647416751, 0.009519557839065397, 0.009401121114224156, 0.009284157909269893, 0.009168649891537132, 0.009054578956444598, 0.008941927224657547, 0.00883067703928537, 0.008720810963114087, 0.008612311775873242, 0.00850516247153683, 0.0083993462556578, 0.008294846542735702, 0.0081916469536171, 0.008089731312928334, 0.007989083646540192, 0.00788968817906417, 0.007791529331379838, 0.007694591718192996, 0.007598860145624203, 0.007504319608827304, 0.007410955289637595, 0.007318752554249233, 0.007227696950921564, 0.007137774207713964, 0.00704897023024888, 0.006961271099502693, 0.006874663069624067, 0.006789132565779443, 0.006704666182025335, 0.006621250679207101, 0.006538872982883852, 0.006457520181279185, 0.006377179523257404, 0.006297838416324922, 0.006219484424656533, 0.006142105267146236, 0.0060656888154823055, 0.005990223092246319, 0.005915696269035833, 0.005842096664610409, 0.005769412743060717, 0.005697633112000403, 0.005626746520780471, 0.005556741858725861, 0.005487608153393982, 0.005419334568854905, 0.0053519104039929455, 0.005285325090829397, 0.005219568192866107, 0.005154629403449678, 0.005090498544156021, 0.005027165563194992, 0.004964620533834894],