{"Year": [1970.0, 1970.5, 1971.0, 1971.5, 1972.0, 1972.5, 1973.0, 1973.5, 1974.0, 1974.5, 1975.0, 1975.5, 1976.0, 1976.5, 1977.0, 1977.5, 1978.0, 1978.5, 1979.0, 1979.5, 1980.0, 1980.5, 1981.0, 1981.5, 1982.0, 1982.5, 1983.0, 1983.5, 1984.0, 1984.5, 1985.0, 1985.5, 1986.0, 1986.5, 1987.0, 1987.5, 1988.0, 1988.5, 1989.0, 1989.5, 1990.0, 1990.5, 1991.0, 1991.5, 1992.0, 1992.5, 1993.0, 1993.5, 1994.0, 1994.5, 1995.0, 1995.5, 1996.0, 1996.5, 1997.0, 1997.5, 1998.0, 1998.5, 1999.0, 1999.5, 2000.0, 2000.5, 2001.0, 2001.5, 2002.0, 2002.5, 2003.0, 2003.5, 2004.0, 2004.5, 2005.0, 2005.5, 2006.0, 2006.5, 2007.0, 2007.5, 2008.0, 2008.5, 2009.0, 2009.5, 2010.0, 2010.5, 2011.0, 2011.5, 2012.0, 2012.5, 2013.0, 2013.5, 2014.0, 2014.5, 2015.0, 2015.5, 2016.0, 2016.5, 2017.0, 2017.5, 2018.0, 2018.5, 2019.0, 2019.5, 2020.0, 2020.5, 2021.0, 2021.5, 2022.0, 2022.5, 2023.0, 2023.5, 2024.0, 2024.5, 2025.0, 2025.5, 2026.0, 2026.5, 2027.0, 2027.5, 2028.0, 2028.5, 2029.0, 2029.5, 2030.0, 2030.5, 2031.0, 2031.5, 2032.0, 2032.5, 2033.0, 2033.5, 2034.0, 2034.5, 2035.0, 2035.5, 2036.0], "N": [14291890.018842887, 14820935.757907579, 15360280.05269997, 15909790.21479293, 16469325.759342395, 17038756.33154528, 17617912.657428347, 18206609.352670513, 18804656.80394042, 19411861.16889641, 20028024.37618655, 20652944.12544862, 21286413.887310117, 21928222.903388254, 22578156.186289955, 23235994.51961186, 23901514.457940333, 24574488.326851435, 25254684.222910963, 25941866.01367442, 26635793.337687023, 27336221.604483705, 28042901.994589116, 28755581.45951762, 29474002.721773304, 30197904.274849955, 30927020.383231092, 31661081.08238993, 32399812.178789426, 33142935.249882217, 33890167.6441107, 34641222.48090694, 35395808.65069276, 36153630.81487968, 36914412.18664164, 37677984.34022695, 38444086.93896892, 39212445.58838321, 39982790.30600558, 40754855.52139187, 41528380.07611801, 42303107.22378002, 43078784.62999402, 43855164.37239621, 44632002.94064286, 45409061.23641038, 46186104.573395215, 46962902.67731394, 47739229.68590317, 48514864.14891967, 49289589.028140254, 50063191.69736184, 50835463.942401424, 51606201.961096115, 52375206.36330307, 53142282.17089958, 53907238.81778298, 54669890.149870746, 55430054.4251004, 56187554.31342958, 56942216.89683598, 57693873.669317454, 58442360.53689184, 59187517.817597166, 59929190.241491474, 60667226.95065294, 61401481.49917981, 62131811.85319044, 62858080.39082323, 63580153.90223673, 64297903.58960954, 65011205.06714035, 65719938.36104796, 66423987.90957122, 67123242.56296912, 67817595.5835207, 68506944.64552511, 69191191.83530158, 69870243.65118945, 70544005.42993075, 71212354.9280281, 71875226.31899814, 72532568.19909675, 73184331.40761854, 73830469.02689673, 74470936.38230327, 75105691.04224867, 75734692.81818219, 76357903.76459171, 76975288.17900382, 77586812.60198368, 78192445.8171352, 78792158.8511009, 79385924.97356199, 79973719.69723833, 80555520.77788843, 81131308.21430948, 81701064.24833734, 82264773.36484648, 82822422.29175009, 83374000.0, 83919497.70358668, 84458908.8595393, 84992229.16792569, 85519456.57185228, 86040591.25746424, 86555635.65394536, 87064594.43351808, 87567474.51144356, 88064285.04602152, 88555037.43859048, 89039745.33352748, 89518424.61824831, 89991093.4232074, 90457772.12189785, 90918483.33085139, 91373251.90963845, 91822104.96086809, 92265071.83018804, 92702184.10628471, 93133475.62088314, 93558982.44874707, 93978742.90767887, 94392797.55851959, 94801189.20514894, 95203962.89448524, 95601165.91648558, 95992847.80414562, 96379060.33349968, 96759857.52362081, 97135295.63662067, 97505433.1776496, 97870330.89489658], "RateAgeing": [0.0, 0.0, 0.0, 0.0, 0.0, 0.0, 0.0, 0.0, 0.0, 0.0, 0.0, 0.0, 0.0, 0.0, 0.0, 0.0, 0.0, 0.0, 0.0, 0.0, 0.0, 0.0, 0.0, 0.0, 0.0, 0.0, 0.0, 0.0, 0.0, 0.0, 0.0, 0.0, 0.0, 0.0, 0.0, 0.0, 0.0, 0.0, 0.0, 0.0, 0.0, 0.0, 0.0, 0.0, 0.0, 0.0, 0.0, 0.0, 0.0, 0.0, 0.0, 0.0, 0.0, 0.0, 0.0, 0.0, 0.0, 0.0, 0.0, 0.0, 0.0, 0.0, 0.0, 0.0, 0.0, 0.0, 0.0, 0.0, 0.0, 0.0, 0.0, 0.0, 0.0, 0.0, 0.0, 0.0, 0.0, 0.0, 0.0, 0.0, 0.0, 0.0, 0.0, 0.0, 0.0, 0.0, 0.0, 0.0, 0.0, 0.0, 0.0, 0.0, 0.0, 0.0, 0.0, 0.0, 0.0, 0.0, 0.0, 0.0, 0.0, 0.0, 0.0, 0.0, 0.0, 0.0, 0.0, 0.0, 0.0, 0.0, 0.0, 0.0, 0.0, 0.0, 0.0, 0.0, 0.0, 0.0, 0.0, 0.0, 0.0, 0.0, 0.0, 0.0, 0.0, 0.0, 0.0, 0.0, 0.0, 0.0, 0.0, 0.0, 0.0], "RateMig": [0.0, 0.0, 0.0, 0.0, 0.0, 0.0, 0.0, 0.0, 0.0, 0.0, 0.0, 0.0, 0.0, 0.0, 0.0, 0.0, 0.0, 0.0, 0.0, 0.0, 0.0, 0.0, 0.0, 0.0, 0.0, 0.0, 0.0, 0.0, 0.0, 0.0, 0.0, 0.0, 0.0, 0.0, 0.0, 0.0, 0.0, 0.0, 0.0, 0.0, 0.0, 0.0, 0.0, 0.0, 0.0, 0.0, 0.0, 0.0, 0.0, 0.0, 0.0, 0.0, 0.0, 0.0, 0.0, 0.0, 0.0, 0.0, 0.0, 0.0, 0.0, 0.0, 0.0, 0.0, 0.0, 0.0, 0.0, 0.0, 0.0, 0.0, 0.0, 0.0, 0.0, 0.0, 0.0, 0.0, 0.0, 0.0, 0.0, 0.0, 0.0, 0.0, 0.0, 0.0, 0.0, 0.0, 0.0, 0.0, 0.0, 0.0, 0.0, 0.0, 0.0, 0.0, 0.0, 0.0, 0.0, 0.0, 0.0, 0.0, 0.0, 0.0, 0.0, 0.0, 0.0, 0.0, 0.0, 0.0, 0.0, 0.0, 0.0, 0.0, 0.0, 0.0, 0.0, 0.0, 0.0, 0.0, 0.0, 0.0, 0.0, 0.0, 0.0, 0.0, 0.0, 0.0, 0.0, 0.0, 0.0, 0.0, 0.0, 0.0, 0.0], "RateDeath": [0.024643160504551124, 0.024358305092690345, 0.024076742383713646, 0.023798434316584346, 0.02352334327022118, 0.02325143205841278, 0.02298266392479092, 0.02271700253786187, 0.022454411986095185, 0.02219485677306926, 0.021938301812673002, 0.02168471242436297, 0.021434054328475317, 0.021186293641591965, 0.020941396871960304, 0.020699330914965838, 0.0204600630486572, 0.020223560929322856, 0.019989792587118943, 0.019758726421747672, 0.01953033119818566, 0.019304576042461653, 0.01908143043748304, 0.018860864218910613, 0.018642847571081055, 0.018427351022976466, 0.01821434544424058, 0.018003802041240975, 0.017795692353176795, 0.0175899882482315, 0.01738666191977006, 0.017185685882580123, 0.016987032969156605, 0.01679067632602927, 0.016596589410132714, 0.016404745985218343, 0.01621512011830781, 0.016027686176187456, 0.01584241882194326, 0.015659293011535857, 0.01547828399041513, 0.01529936729017396, 0.015122518725240617, 0.014947714389609429, 0.014774930653609204, 0.01460414416070903, 0.014435331824360992, 0.014268470824879372, 0.014103538606355942, 0.013940512873610906, 0.01377937158917908, 0.013620092970330924, 0.013462655486127984, 0.013307037854512406, 0.013153219039430059, 0.013001178247986932, 0.0128508949276384, 0.012702348763410965, 0.012555519675156135, 0.012410387814836017, 0.012266933563840317, 0.012125137530334337, 0.011984980546637618, 0.011846443666632903, 0.011709508163205042, 0.011574155525709501, 0.011440367457470126, 0.011308125873305852, 0.011177412897085971, 0.011048210859313689, 0.01092050229473759, 0.01079426993999074, 0.010669496731257036, 0.01054616580196458, 0.010424260480505673, 0.010303764287983202, 0.010184660935983048, 0.01006693432437225, 0.009950568539122628, 0.00983554785015957, 0.00972185670923565, 0.009609479747828881, 0.009498401775065196, 0.00938860777566501, 0.009280082907913469, 0.009172812501654186, 0.00906678205630616, 0.008961977238903617, 0.008858383882158512, 0.008755987982545425, 0.0086547756984086, 0.008554733348090848, 0.008455847408084105, 0.008358104511201342, 0.008261491444769623, 0.008165995148844044, 0.008071602714442313, 0.007978301381799757, 0.00788607853864446, 0.007794921718492386, 0.007704818598962176, 0.0076157570001094375, 0.007527724882780284, 0.007440710346983911, 0.007354701630283979, 0.007269687106208595, 0.0071856552826786695, 0.007102594800454443, 0.007020494431599967, 0.006939343077965339, 0.0068591297696864745, 0.006779843663702229, 0.006701474042288655, 0.006624010311610201, 0.00654744200028766, 0.0064717587579826786, 0.006396950353998607, 0.006323006675897548, 0.006249917728133375, 0.006177673630700553, 0.0061062646177985885, 0.006035681036511898, 0.0059659133455049595, 0.005896952113732529, 0.005828788019164774, 0.005761411847527141, 0.00569481449105479, 0.00562898694726143, 0.0055639203177223736, 0.005499605806871678, 0.005436034720813173, 0.005373198466145239, 0.005311088548799172],