{"Year": [1970.0, 1970.5, 1971.0, 1971.5, 1972.0, 1972.5, 1973.0, 1973.5, 1974.0, 1974.5, 1975.0, 1975.5, 1976.0, 1976.5, 1977.0, 1977.5, 1978.0, 1978.5, 1979.0, 1979.5, 1980.0, 1980.5, 1981.0, 1981.5, 1982.0, 1982.5, 1983.0, 1983.5, 1984.0, 1984.5, 1985.0, 1985.5, 1986.0, 1986.5, 1987.0, 1987.5, 1988.0, 1988.5, 1989.0, 1989.5, 1990.0, 1990.5, 1991.0, 1991.5, 1992.0, 1992.5, 1993.0, 1993.5, 1994.0, 1994.5, 1995.0, 1995.5, 1996.0, 1996.5, 1997.0, 1997.5, 1998.0, 1998.5, 1999.0, 1999.5, 2000.0, 2000.5, 2001.0, 2001.5, 2002.0, 2002.5, 2003.0, 2003.5, 2004.0, 2004.5, 2005.0, 2005.5, 2006.0, 2006.5, 2007.0, 2007.5, 2008.0, 2008.5, 2009.0, 2009.5, 2010.0, 2010.5, 2011.0, 2011.5, 2012.0, 2012.5, 2013.0, 2013.5, 2014.0, 2014.5, 2015.0, 2015.5, 2016.0, 2016.5, 2017.0, 2017.5, 2018.0, 2018.5, 2019.0, 2019.5, 2020.0, 2020.5, 2021.0, 2021.5, 2022.0, 2022.5, 2023.0, 2023.5, 2024.0, 2024.5, 2025.0, 2025.5, 2026.0, 2026.5, 2027.0, 2027.5, 2028.0, 2028.5, 2029.0, 2029.5, 2030.0, 2030.5, 2031.0, 2031.5, 2032.0, 2032.5, 2033.0, 2033.5, 2034.0, 2034.5, 2035.0, 2035.5, 2036.0], "N": [77326.15259470425, 77562.16557911901, 77816.36843523479, 78089.01078611209, 78380.35971923397, 78690.69995538946, 79020.33384867346, 79371.0323377785, 79745.21906166106, 80142.59611624308, 80562.88991689768, 81005.89808612138, 81471.48945353396, 81959.6040558786, 82470.25313702175, 83003.51914795324, 83559.55574678617, 84138.58779875701, 84740.9113762256, 85366.89375867504, 86016.97343271178, 86691.66009206565, 87391.53463758972, 88117.2491772605, 88869.52702617772, 89649.16270656453, 90457.02194776737, 91294.04168625601, 92161.23006562353, 93059.66643658643, 93990.50135698443, 94954.95659178065, 95954.3251130615, 96989.97110003675, 98063.32993903954, 99175.9082235262, 100329.28375407658, 101525.10553839369, 102765.09379130398, 104051.0399347572, 105384.80659782642, 106768.32761670805, 108203.60803472182, 109692.72410231082, 111237.82327704143, 112841.1242236034, 114504.91681380979, 116231.56212659695, 118023.49244802467, 119883.21127127596, 121813.29329665723, 123816.38443159818, 125895.20179065189, 128052.53369549467, 130291.23967492631, 132614.2504648698, 135024.56800837157, 137525.2654556012, 140119.4871638519, 142810.44869753986, 145601.4368282049, 148495.80953450996, 151496.99600224142, 154628.37317212435, 157912.10343631054, 161344.99631047508, 164925.04616091002, 168651.47553291748, 172524.73515080963, 176546.50391790865, 180719.68891654673, 185048.42540806622, 189538.07683281938, 194195.23481016853, 199027.71913848614, 204044.57779515453, 209256.08693656622, 214673.7508981237, 220310.30219423946, 226179.7015183361, 232297.1377428463, 238679.02791921262, 245343.01727788785, 252307.9792283346, 259594.0153590257, 267222.4554374439, 275215.8574100822, 283598.00740244327, 292393.9197190402, 301629.8368433959, 311333.2294380432, 321532.7963445254, 332258.46458339546, 343541.3893542164, 355413.9540355616, 367909.77018501406, 381063.67753916694, 394911.7440136237, 409491.2657029975, 424840.76688091183, 441000.0, 458009.9456919053, 475912.81276728143, 494752.0382157917, 514699.589842223, 535953.631727252, 558504.0901388904, 582358.1826532709, 607542.7110178395, 634104.0611513563, 662108.2031438946, 691640.6912568415, 722806.6639228974, 755730.8437460768, 790557.5375017073, 827450.6361364301, 866593.6147682004, 908189.5326862865, 952461.0333512705, 999650.3443950485, 1050019.2776208292, 1103849.2290031353, 1161441.178687804, 1223115.6909919847, 1289212.9144041415, 1360092.5815840506, 1436134.009362804, 1517736.0987428047, 1605317.3348977722, 1699315.7871727368, 1800189.1090840437, 1908414.538319352, 2024488.896737634], "RateAgeing": [0.0, 0.0, 0.0, 0.0, 0.0, 0.0, 0.0, 0.0, 0.0, 0.0, 0.0, 0.0, 0.0, 0.0, 0.0, 0.0, 0.0, 0.0, 0.0, 0.0, 0.0, 0.0, 0.0, 0.0, 0.0, 0.0, 0.0, 0.0, 0.0, 0.0, 0.0, 0.0, 0.0, 0.0, 0.0, 0.0, 0.0, 0.0, 0.0, 0.0, 0.0, 0.0, 0.0, 0.0, 0.0, 0.0, 0.0, 0.0, 0.0, 0.0, 0.0, 0.0, 0.0, 0.0, 0.0, 0.0, 0.0, 0.0, 0.0, 0.0, 0.0, 0.0, 0.0, 0.0, 0.0, 0.0, 0.0, 0.0, 0.0, 0.0, 0.0, 0.0, 0.0, 0.0, 0.0, 0.0, 0.0, 0.0, 0.0, 0.0, 0.0, 0.0, 0.0, 0.0, 0.0, 0.0, 0.0, 0.0, 0.0, 0.0, 0.0, 0.0, 0.0, 0.0, 0.0, 0.0, 0.0, 0.0, 0.0, 0.0, 0.0, 0.0, 0.0, 0.0, 0.0, 0.0, 0.0, 0.0, 0.0, 0.0, 0.0, 0.0, 0.0, 0.0, 0.0, 0.0, 0.0, 0.0, 0.0, 0.0, 0.0, 0.0, 0.0, 0.0, 0.0, 0.0, 0.0, 0.0, 0.0, 0.0, 0.0, 0.0, 0.0], "RateMig": [0.0, 0.0, 0.0, 0.0, 0.0, 0.0, 0.0, 0.0, 0.0, 0.0, 0.0, 0.0, 0.0, 0.0, 0.0, 0.0, 0.0, 0.0, 0.0, 0.0, 0.0, 0.0, 0.0, 0.0, 0.0, 0.0, 0.0, 0.0, 0.0, 0.0, 0.0, 0.0, 0.0, 0.0, 0.0, 0.0, 0.0, 0.0, 0.0, 0.0, 0.0, 0.0, 0.0, 0.0, 0.0, 0.0, 0.0, 0.0, 0.0, 0.0, 0.0, 0.0, 0.0, 0.0, 0.0, 0.0, 0.0, 0.0, 0.0, 0.0, 0.0, 0.0, 0.0, 0.0, 0.0, 0.0, 0.0, 0.0, 0.0, 0.0, 0.0, 0.0, 0.0, 0.0, 0.0, 0.0, 0.0, 0.0, 0.0, 0.0, 0.0, 0.0, 0.0, 0.0, 0.0, 0.0, 0.0, 0.0, 0.0, 0.0, 0.0, 0.0, 0.0, 0.0, 0.0, 0.0, 0.0, 0.0, 0.0, 0.0, 0.0, 0.0, 0.0, 0.0, 0.0, 0.0, 0.0, 0.0, 0.0, 0.0, 0.0, 0.0, 0.0, 0.0, 0.0, 0.0, 0.0, 0.0, 0.0, 0.0, 0.0, 0.0, 0.0, 0.0, 0.0, 0.0, 0.0, 0.0, 0.0, 0.0, 0.0, 0.0, 0.0], "RateDeath": [0.014921217920896042, 0.014753827704100542, 0.014588315315564601, 0.014424659689308134, 0.014262839995674872, 0.014102835638681192, 0.013944626253394743, 0.013788191703342424, 0.013633512077947491, 0.013480567689995372, 0.013329339073127935, 0.013179806979365872, 0.013031952376658858, 0.012885756446463198, 0.012741200581346663, 0.012598266382620179, 0.012456935657996089, 0.012317190419272685, 0.01217901288004473, 0.012042385453439634, 0.011907290749879057, 0.011773711574865602, 0.011641630926794344, 0.011511031994788916, 0.011381898156561862, 0.01125421297629899, 0.011127960202567485, 0.011003123766247439, 0.010879687778486647, 0.01075763652867829, 0.01063695448246135, 0.010517626279743422, 0.010399636732745736, 0.010282970824070085, 0.010167613704787458, 0.010053550692548104, 0.009940767269712797, 0.009829249081505084, 0.009718981934184225, 0.00960995179323867, 0.009502144781599775, 0.00939554717787557, 0.009290145414604326, 0.009185926076527738, 0.009082875898883454, 0.008980981765716784, 0.00888023070821132, 0.008780609903038316, 0.008682106670724554, 0.008584708474038546, 0.00848840291639482, 0.008393177740276116, 0.00829902082567329, 0.0082059201885427, 0.008113863979280914, 0.008022840481216525, 0.00793283810911888, 0.007843845407723546, 0.007755851050274314, 0.007668843837081556, 0.0075828126940967605, 0.007497746671503057, 0.007413634942321553, 0.0073304668010333, 0.007248231662216732, 0.0071669190592003685, 0.0070865186427306595, 0.007007020179654745, 0.006928413551618017, 0.006850688753776276, 0.0067738358935223435, 0.006697845189226957, 0.00662270696899379, 0.006548411669428433, 0.006474949834421203, 0.006402312113943581, 0.006330489262858172, 0.0062594721397420065, 0.0061892517057230475, 0.00611981902332974, 0.006051165255353483, 0.00598328166372384, 0.005916159608396394, 0.005849790546253056, 0.005784166030014724, 0.0057192777071661295, 0.005655117318892763, 0.005591676699029705, 0.005528947773022254, 0.005466922556898234, 0.0054055931562518, 0.0053449517652386655, 0.005284990665582596, 0.005225702225593045, 0.005167078899193814, 0.005109113224962609, 0.005051797825181363, 0.004995125404897232, 0.004939088750994101, 0.004883680731274524, 0.0048288942935519556, 0.004774722464753166, 0.004721158350030729, 0.00466819513188546, 0.0046158260692987065, 0.004564044496874367, 0.00451284382399054, 0.004462217533960681, 0.004412159183204184, 0.004362662400426251, 0.0043137208858069764, 0.004265328410199521, 0.00421747881433728, 0.004170166008049953, 0.004123383969488401, 0.004077126744358194, 0.00403138844516178, 0.003986163250449124, 0.003941445404076778, 0.003897229214475252, 0.0038535090539246054, 0.0038102793578381673, 0.003767534624054288, 0.003725269412136043, 0.003683478342678782, 0.003642156096625459, 0.0036012974145896316, 0.0035608970961860634, 0.0035209499993688323, 0.0034814510397768615, 0.0034423951900868005, 0.0034037774793731564, 0.003365592992475609],