{"Year": [1970.0, 1970.5, 1971.0, 1971.5, 1972.0, 1972.5, 1973.0, 1973.5, 1974.0, 1974.5, 1975.0, 1975.5, 1976.0, 1976.5, 1977.0, 1977.5, 1978.0, 1978.5, 1979.0, 1979.5, 1980.0, 1980.5, 1981.0, 1981.5, 1982.0, 1982.5, 1983.0, 1983.5, 1984.0, 1984.5, 1985.0, 1985.5, 1986.0, 1986.5, 1987.0, 1987.5, 1988.0, 1988.5, 1989.0, 1989.5, 1990.0, 1990.5, 1991.0, 1991.5, 1992.0, 1992.5, 1993.0, 1993.5, 1994.0, 1994.5, 1995.0, 1995.5, 1996.0, 1996.5, 1997.0, 1997.5, 1998.0, 1998.5, 1999.0, 1999.5, 2000.0, 2000.5, 2001.0, 2001.5, 2002.0, 2002.5, 2003.0, 2003.5, 2004.0, 2004.5, 2005.0, 2005.5, 2006.0, 2006.5, 2007.0, 2007.5, 2008.0, 2008.5, 2009.0, 2009.5, 2010.0, 2010.5, 2011.0, 2011.5, 2012.0, 2012.5, 2013.0, 2013.5, 2014.0, 2014.5, 2015.0, 2015.5, 2016.0, 2016.5, 2017.0, 2017.5, 2018.0, 2018.5, 2019.0, 2019.5, 2020.0, 2020.5, 2021.0, 2021.5, 2022.0, 2022.5, 2023.0, 2023.5, 2024.0, 2024.5, 2025.0, 2025.5, 2026.0, 2026.5, 2027.0, 2027.5, 2028.0, 2028.5, 2029.0, 2029.5, 2030.0, 2030.5, 2031.0, 2031.5, 2032.0, 2032.5, 2033.0, 2033.5, 2034.0, 2034.5, 2035.0, 2035.5, 2036.0], "N": [18402011.200232472, 18613179.428956732, 18824495.971548207, 19035927.017618503, 19247438.72427775, 19458997.50062657, 19670573.012486313, 19882131.33012942, 20093637.29002904, 20305055.918035932, 20516352.429378457, 20727492.228662588, 20938440.909871906, 21149164.2563676, 21359628.240888473, 21569799.025550917, 21779642.961848952, 21989126.590654194, 22198216.64221588, 22406880.036160838, 22615083.881493516, 22822795.476595968, 23029982.30922785, 23236612.056526434, 23442652.5850066, 23648071.950560827, 23852838.39845921, 24056920.363349445, 24260286.46925685, 24462905.52958434, 24664746.54711243, 24865778.713999264, 25065971.41178058, 25265294.211369723, 25463716.87305766, 25661209.346512936, 25857741.770781744, 26053284.474287856, 26247807.97483266, 26441282.979595166, 26633680.385131955, 26824971.277377263, 27015126.931642897, 27204118.812618293, 27391918.574370485, 27578498.06034412, 27763829.303361446, 27947884.525622338, 28130637.212813318, 28312063.10484263, 28492136.358456567, 28670831.405332018, 28848123.049755987, 29023986.468625654, 29198397.21144832, 29371331.200341437, 29542764.730032615, 29712674.467859592, 29881037.453770258, 30047831.10032265, 30213033.192684945, 30376621.88863548, 30538575.718562704, 30698873.585465245, 30857494.764951862, 31014418.90524146, 31169626.027163085, 31323096.524155933, 31474811.162269354, 31624751.080162816, 31772897.78910596, 31919233.17297856, 32063739.488270532, 32206399.36408195, 32347195.802123014, 32486112.176714078, 32623132.234785654, 32758240.095878374, 32891420.252143037, 33022657.568340577, 33151937.281842068, 33279245.002628747, 33404566.713291965, 33527888.769033257, 33649197.89766427, 33768481.19960682, 33885726.14789285, 34000920.58816445, 34114052.73867387, 34225111.19028349, 34334084.90646585, 34440963.223303616, 34545735.8494896, 34648392.86632679, 34748924.72772827, 34847322.26021732, 34943576.662927315, 35037679.50760182, 35129622.738594525, 35219398.67286926, 35307000.0, 35392419.78217087, 35475651.45417616, 35556688.82342026, 35635526.06991774, 35712157.746293314, 35786578.77778182, 35858784.46222826, 35928770.470087774, 35996532.84442565, 36062068.00091731, 36125372.727848336, 36186444.186114445, 36245279.90922151, 36301877.80328553, 36356236.14703267, 36408353.59179923, 36458229.16153165, 36505862.25278652, 36551252.63473058, 36594400.44914071, 36635306.21040393, 36673970.80551743, 36710395.49408849, 36744581.908334605, 36776532.05308337, 36806248.30577253, 36833733.41644998, 36858990.50777376, 36882023.075012065, 36902834.98604322, 36921430.481355704, 36937814.174048126], "RateAgeing": [0.0, 0.0, 0.0, 0.0, 0.0, 0.0, 0.0, 0.0, 0.0, 0.0, 0.0, 0.0, 0.0, 0.0, 0.0, 0.0, 0.0, 0.0, 0.0, 0.0, 0.0, 0.0, 0.0, 0.0, 0.0, 0.0, 0.0, 0.0, 0.0, 0.0, 0.0, 0.0, 0.0, 0.0, 0.0, 0.0, 0.0, 0.0, 0.0, 0.0, 0.0, 0.0, 0.0, 0.0, 0.0, 0.0, 0.0, 0.0, 0.0, 0.0, 0.0, 0.0, 0.0, 0.0, 0.0, 0.0, 0.0, 0.0, 0.0, 0.0, 0.0, 0.0, 0.0, 0.0, 0.0, 0.0, 0.0, 0.0, 0.0, 0.0, 0.0, 0.0, 0.0, 0.0, 0.0, 0.0, 0.0, 0.0, 0.0, 0.0, 0.0, 0.0, 0.0, 0.0, 0.0, 0.0, 0.0, 0.0, 0.0, 0.0, 0.0, 0.0, 0.0, 0.0, 0.0, 0.0, 0.0, 0.0, 0.0, 0.0, 0.0, 0.0, 0.0, 0.0, 0.0, 0.0, 0.0, 0.0, 0.0, 0.0, 0.0, 0.0, 0.0, 0.0, 0.0, 0.0, 0.0, 0.0, 0.0, 0.0, 0.0, 0.0, 0.0, 0.0, 0.0, 0.0, 0.0, 0.0, 0.0, 0.0, 0.0, 0.0, 0.0], "RateMig": [0.0, 0.0, 0.0, 0.0, 0.0, 0.0, 0.0, 0.0, 0.0, 0.0, 0.0, 0.0, 0.0, 0.0, 0.0, 0.0, 0.0, 0.0, 0.0, 0.0, 0.0, 0.0, 0.0, 0.0, 0.0, 0.0, 0.0, 0.0, 0.0, 0.0, 0.0, 0.0, 0.0, 0.0, 0.0, 0.0, 0.0, 0.0, 0.0, 0.0, 0.0, 0.0, 0.0, 0.0, 0.0, 0.0, 0.0, 0.0, 0.0, 0.0, 0.0, 0.0, 0.0, 0.0, 0.0, 0.0, 0.0, 0.0, 0.0, 0.0, 0.0, 0.0, 0.0, 0.0, 0.0, 0.0, 0.0, 0.0, 0.0, 0.0, 0.0, 0.0, 0.0, 0.0, 0.0, 0.0, 0.0, 0.0, 0.0, 0.0, 0.0, 0.0, 0.0, 0.0, 0.0, 0.0, 0.0, 0.0, 0.0, 0.0, 0.0, 0.0, 0.0, 0.0, 0.0, 0.0, 0.0, 0.0, 0.0, 0.0, 0.0, 0.0, 0.0, 0.0, 0.0, 0.0, 0.0, 0.0, 0.0, 0.0, 0.0, 0.0, 0.0, 0.0, 0.0, 0.0, 0.0, 0.0, 0.0, 0.0, 0.0, 0.0, 0.0, 0.0, 0.0, 0.0, 0.0, 0.0, 0.0, 0.0, 0.0, 0.0, 0.0], "RateDeath": [0.004119728792894977, 0.004141912570688226, 0.004164215802946059, 0.004186639132902879, 0.004209183207256758, 0.004231848676188087, 0.0042546361933783255, 0.004277546416028855, 0.004300580004879934, 0.004323737624229753, 0.004347019941953592, 0.0043704276295230835, 0.004393961362025579, 0.004417621818183617, 0.0044414096803745, 0.004465325634649971, 0.004489370370756002, 0.004513544582152686, 0.004537848966034238, 0.0045622842233491, 0.004586851058820156, 0.004611550180965062, 0.004636382302116674, 0.004661348138443593, 0.004686448409970823, 0.004711683840600533, 0.004737055158132938, 0.004762563094287285, 0.004788208384722959, 0.0048139917690607, 0.004839913990903932, 0.004865975797860212, 0.004892177941562785, 0.004918521177692269, 0.004945006265998445, 0.004971633970322169, 0.0049984050586174, 0.005025320302973353, 0.005052380479636761, 0.0050795863690342655, 0.0051069387557949215, 0.005134438428772831, 0.00516208618106989, 0.0051898828100586615, 0.005217829117405376, 0.005245925909093046, 0.005274173995444719, 0.0053025741911468405, 0.005331127315272752, 0.005359834191306315, 0.005388695647165658, 0.005417712515227055, 0.005446885632348936, 0.005476215839896012, 0.00550570398376355, 0.005535350914401767, 0.005565157486840351, 0.005595124560713133, 0.005625253000282863, 0.00565554367446615, 0.005685997456858513, 0.005716615225759581, 0.005747397864198419, 0.005778346259959001, 0.005809461305605806, 0.005840743898509569, 0.0058721949408731535, 0.005903815339757574, 0.0059356060071081625, 0.005967567859780856, 0.005999701819568654, 0.006032008813228191, 0.00606448977250647, 0.006097145634167737, 0.006129977340020494, 0.00616298583694466, 0.0061961720769188825, 0.006229537017047992, 0.006263081619590604, 0.006296806851986873, 0.006330713686886393, 0.006364803102176249, 0.0063990760810092185, 0.006433533611832128, 0.00646817668841436, 0.006503006309876514, 0.006538023480719216, 0.006573229210852097, 0.006608624515622917, 0.006644210415846846, 0.0066799879378359, 0.006715958113428552, 0.006752121980019485, 0.006788480580589502, 0.006825034963735623, 0.0068617861837013145, 0.006898735300406895, 0.0069358833794801135, 0.006973231492286869, 0.007010780715962119, 0.007048532133440943, 0.007086486833489766, 0.007124645910737776, 0.007163010465708475, 0.007201581604851433, 0.007240360440574189, 0.007279348091274336, 0.007318545681371785, 0.007357954341341172, 0.007397575207744489, 0.007437409423263841, 0.0074774581367344104, 0.007517722503177592, 0.007558203683834295, 0.0075989028461984475, 0.007639821164050652, 0.0076809598174920534, 0.007722319992978359, 0.007763902883354068, 0.0078057096878868665, 0.007847741612302214, 0.007889999868818129, 0.007932485676180132, 0.007975200259696407, 0.008018144851273137, 0.008061320689450034, 0.008104729019436051, 0.008148371093145309, 0.00819224816923319, 0.008236361513132635, 0.008280712397090656, 0.008325302100205018, 0.00837013190846112],