{"Year": [1970.0, 1970.5, 1971.0, 1971.5, 1972.0, 1972.5, 1973.0, 1973.5, 1974.0, 1974.5, 1975.0, 1975.5, 1976.0, 1976.5, 1977.0, 1977.5, 1978.0, 1978.5, 1979.0, 1979.5, 1980.0, 1980.5, 1981.0, 1981.5, 1982.0, 1982.5, 1983.0, 1983.5, 1984.0, 1984.5, 1985.0, 1985.5, 1986.0, 1986.5, 1987.0, 1987.5, 1988.0, 1988.5, 1989.0, 1989.5, 1990.0, 1990.5, 1991.0, 1991.5, 1992.0, 1992.5, 1993.0, 1993.5, 1994.0, 1994.5, 1995.0, 1995.5, 1996.0, 1996.5, 1997.0, 1997.5, 1998.0, 1998.5, 1999.0, 1999.5, 2000.0, 2000.5, 2001.0, 2001.5, 2002.0, 2002.5, 2003.0, 2003.5, 2004.0, 2004.5, 2005.0, 2005.5, 2006.0, 2006.5, 2007.0, 2007.5, 2008.0, 2008.5, 2009.0, 2009.5, 2010.0, 2010.5, 2011.0, 2011.5, 2012.0, 2012.5, 2013.0, 2013.5, 2014.0, 2014.5, 2015.0, 2015.5, 2016.0, 2016.5, 2017.0, 2017.5, 2018.0, 2018.5, 2019.0, 2019.5, 2020.0, 2020.5, 2021.0, 2021.5, 2022.0, 2022.5, 2023.0, 2023.5, 2024.0, 2024.5, 2025.0, 2025.5, 2026.0, 2026.5, 2027.0, 2027.5, 2028.0, 2028.5, 2029.0, 2029.5, 2030.0, 2030.5, 2031.0, 2031.5, 2032.0, 2032.5, 2033.0, 2033.5, 2034.0, 2034.5, 2035.0, 2035.5, 2036.0], "N": [2667071.8688809914, 2724826.24316563, 2782871.242750098, 2841186.3803791837, 2899751.1234839535, 2958546.5351927276, 3017553.7373209433, 3076750.8363831136, 3136116.1691247057, 3195628.3402432688, 3255266.222388431, 3315008.9561619023, 3374835.9501174735, 3434726.8807610124, 3494661.692550472, 3554620.5978958835, 3614584.0771593573, 3674532.8786550863, 3734448.0186493443, 3794310.781360483, 3854102.7189589366, 3913805.65156722, 3973401.6672599274, 4032873.122063733, 4092202.639957394, 4151373.112871745, 4210367.700689703, 4269169.831246266, 4327763.200328511, 4386131.771675596, 4444259.776978759, 4502131.71588132, 4559732.355978677, 4617046.732818311, 4674060.149899783, 4730758.178674731, 4787126.65854688, 4843151.696872029, 4898819.668958063, 4954117.218064943, 5009031.255404713, 5063548.960141496, 5117655.970624613, 5171322.698252977, 5224536.739813257, 5277291.220477099, 5329579.447124963, 5381394.908346133, 5432731.274438714, 5483582.397409628, 5533942.310974623, 5583805.230558263, 5633165.553293934, 5682017.858023841, 5730356.905299013, 5778177.637379296, 5825475.178233359, 5872244.833538689, 5918482.090681597, 5964182.61875721, 6009342.268569479, 6053957.072631174, 6098023.245163887, 6141537.182098027, 6184495.46107283, 6226894.841436341, 6268732.264245442, 6310004.85226582, 6350709.909971991, 6390844.923547289, 6430407.560883869, 6469395.671582706, 6507807.286953596, 6545640.620015156, 6582894.065494822, 6619566.199828851, 6655655.781162322, 6691161.749349132, 6726083.225951999, 6760419.514242466, 6794170.0992008895, 6827334.647516452, 6859913.007587151, 6891905.20951981, 6923311.465130073, 6954132.167942397, 6984367.893190069, 7014019.397815191, 7043087.620468685, 7071573.681510299, 7099478.883008595, 7126804.708740958, 7153552.824193597, 7179725.076561534, 7205323.4947486175, 7230350.289367516, 7254807.852739715, 7278698.758895524, 7302025.763574071, 7324791.8042233065, 7347000.0, 7368653.65176974, 7389756.242106938, 7410311.435294827, 7430323.077325457, 7449795.1958997, 7468732.000427248, 7487137.882026617, 7505017.413525139, 7522375.349458967, 7539216.626073077, 7555546.361321265, 7571369.854866145, 7586692.588079154, 7601520.224040548, 7615858.607539406, 7629713.7650736235, 7643091.904849919, 7655999.416783832, 7668442.87249972, 7680429.025330766, 7691964.810318966, 7703057.3442151435, 7713713.925478938, 7723942.034278813, 7733749.332492048, 7743143.663704748, 7752133.053211835, 7760725.708017053, 7768924.973039091, 7776718.042472505, 7784108.045437535, 7791100.039314335], "RateAgeing": [0.0, 0.0, 0.0, 0.0, 0.0, 0.0, 0.0, 0.0, 0.0, 0.0, 0.0, 0.0, 0.0, 0.0, 0.0, 0.0, 0.0, 0.0, 0.0, 0.0, 0.0, 0.0, 0.0, 0.0, 0.0, 0.0, 0.0, 0.0, 0.0, 0.0, 0.0, 0.0, 0.0, 0.0, 0.0, 0.0, 0.0, 0.0, 0.0, 0.0, 0.0, 0.0, 0.0, 0.0, 0.0, 0.0, 0.0, 0.0, 0.0, 0.0, 0.0, 0.0, 0.0, 0.0, 0.0, 0.0, 0.0, 0.0, 0.0, 0.0, 0.0, 0.0, 0.0, 0.0, 0.0, 0.0, 0.0, 0.0, 0.0, 0.0, 0.0, 0.0, 0.0, 0.0, 0.0, 0.0, 0.0, 0.0, 0.0, 0.0, 0.0, 0.0, 0.0, 0.0, 0.0, 0.0, 0.0, 0.0, 0.0, 0.0, 0.0, 0.0, 0.0, 0.0, 0.0, 0.0, 0.0, 0.0, 0.0, 0.0, 0.0, 0.0, 0.0, 0.0, 0.0, 0.0, 0.0, 0.0, 0.0, 0.0, 0.0, 0.0, 0.0, 0.0, 0.0, 0.0, 0.0, 0.0, 0.0, 0.0, 0.0, 0.0, 0.0, 0.0, 0.0, 0.0, 0.0, 0.0, 0.0, 0.0, 0.0, 0.0, 0.0], "RateMig": [0.0, 0.0, 0.0, 0.0, 0.0, 0.0, 0.0, 0.0, 0.0, 0.0, 0.0, 0.0, 0.0, 0.0, 0.0, 0.0, 0.0, 0.0, 0.0, 0.0, 0.0, 0.0, 0.0, 0.0, 0.0, 0.0, 0.0, 0.0, 0.0, 0.0, 0.0, 0.0, 0.0, 0.0, 0.0, 0.0, 0.0, 0.0, 0.0, 0.0, 0.0, 0.0, 0.0, 0.0, 0.0, 0.0, 0.0, 0.0, 0.0, 0.0, 0.0, 0.0, 0.0, 0.0, 0.0, 0.0, 0.0, 0.0, 0.0, 0.0, 0.0, 0.0, 0.0, 0.0, 0.0, 0.0, 0.0, 0.0, 0.0, 0.0, 0.0, 0.0, 0.0, 0.0, 0.0, 0.0, 0.0, 0.0, 0.0, 0.0, 0.0, 0.0, 0.0, 0.0, 0.0, 0.0, 0.0, 0.0, 0.0, 0.0, 0.0, 0.0, 0.0, 0.0, 0.0, 0.0, 0.0, 0.0, 0.0, 0.0, 0.0, 0.0, 0.0, 0.0, 0.0, 0.0, 0.0, 0.0, 0.0, 0.0, 0.0, 0.0, 0.0, 0.0, 0.0, 0.0, 0.0, 0.0, 0.0, 0.0, 0.0, 0.0, 0.0, 0.0, 0.0, 0.0, 0.0, 0.0, 0.0, 0.0, 0.0, 0.0, 0.0], "RateDeath": [0.008159940301870018, 0.008145378022420342, 0.00813084173090378, 0.008116331380942107, 0.008101846926239864, 0.008087388320584211, 0.008072955517844784, 0.00805854847197354, 0.008044167137004616, 0.008029811467054174, 0.008015481416320268, 0.008001176939082685, 0.007986897989702809, 0.007972644522623466, 0.00795841649236879, 0.007944213853544066, 0.00793003656083559, 0.007915884569010531, 0.00790175783291678, 0.007887656307482798, 0.007873579947717488, 0.007859528708710048, 0.007845502545629818, 0.007831501413726143, 0.007817525268328232, 0.0078035740648450145, 0.007789647758764997, 0.007775746305656122, 0.007761869661165624, 0.00774801778101989, 0.00773419062102432, 0.007720388137063181, 0.007706610285099472, 0.007692857021174777, 0.007679128301409137, 0.007665424082000888, 0.007651744319226547, 0.007638088969440656, 0.007624457989075642, 0.007610851334641689, 0.007597268962726592, 0.00758371082999562, 0.007570176893191375, 0.007556667109133658, 0.0075431814347193295, 0.007529719826922174, 0.007516282242792756, 0.007502868639458295, 0.007489478974122513, 0.007476113204065514, 0.007462771286643634, 0.0074494531792893195, 0.007436158839510972, 0.007422888224892835, 0.007409641293094839, 0.007396418001852478, 0.007383218308976674, 0.007370042172353635, 0.0073568895499447305, 0.0073437603997863485, 0.007330654679989767, 0.0073175723487410175, 0.007304513364300756, 0.007291477685004125, 0.007278465269260623, 0.0072654760755539675, 0.007252510062441972, 0.0072395671885564054, 0.007226647412602861, 0.007213750693360629, 0.00720087698968256, 0.007188026260494938, 0.007175198464797348, 0.00716239356166254, 0.007149611510236308, 0.007136852269737354, 0.007124115799457154, 0.00711140205875984, 0.007098711007082058, 0.007086042603932843, 0.007073396808893493, 0.007060773581617439, 0.007048172881830109, 0.007035594669328811, 0.007023038903982594, 0.007010505545732132, 0.0069979945545895796, 0.006985505890638462, 0.006973039514033536, 0.006960595385000666, 0.0069481734638367, 0.0069357737109093385, 0.0069233960866570115, 0.006911040551588748, 0.006898707066284058, 0.006886395591392794, 0.006874106087635042, 0.0068618385158009795, 0.0068495928367507605, 0.006837369011414393, 0.0068251670007916, 0.006812986765951714, 0.006800828268033539, 0.006788691468245229, 0.006776576327864171, 0.006764482808236853, 0.006752410870778745, 0.006740360476974177, 0.006728331588376211, 0.0067163241666065255, 0.0067043381733552865, 0.006692373570381029, 0.006680430319510532, 0.006668508382638702, 0.006656607721728446, 0.006644728298810553, 0.006632870075983572, 0.0066210330154136895, 0.006609217079334612, 0.006597422230047446, 0.006585648429920571, 0.006573895641389527, 0.006562163826956893, 0.006550452949192162, 0.006538762970731631, 0.006527093854278272, 0.006515445562601619, 0.0065038180585376484, 0.00649221130498866, 0.006480625264923156, 0.0064690599013757285, 0.006457515177446935, 0.006445991056303188],