{"Year": [1970.0, 1970.5, 1971.0, 1971.5, 1972.0, 1972.5, 1973.0, 1973.5, 1974.0, 1974.5, 1975.0, 1975.5, 1976.0, 1976.5, 1977.0, 1977.5, 1978.0, 1978.5, 1979.0, 1979.5, 1980.0, 1980.5, 1981.0, 1981.5, 1982.0, 1982.5, 1983.0, 1983.5, 1984.0, 1984.5, 1985.0, 1985.5, 1986.0, 1986.5, 1987.0, 1987.5, 1988.0, 1988.5, 1989.0, 1989.5, 1990.0, 1990.5, 1991.0, 1991.5, 1992.0, 1992.5, 1993.0, 1993.5, 1994.0, 1994.5, 1995.0, 1995.5, 1996.0, 1996.5, 1997.0, 1997.5, 1998.0, 1998.5, 1999.0, 1999.5, 2000.0, 2000.5, 2001.0, 2001.5, 2002.0, 2002.5, 2003.0, 2003.5, 2004.0, 2004.5, 2005.0, 2005.5, 2006.0, 2006.5, 2007.0, 2007.5, 2008.0, 2008.5, 2009.0, 2009.5, 2010.0, 2010.5, 2011.0, 2011.5, 2012.0, 2012.5, 2013.0, 2013.5, 2014.0, 2014.5, 2015.0, 2015.5, 2016.0, 2016.5, 2017.0, 2017.5, 2018.0, 2018.5, 2019.0, 2019.5, 2020.0, 2020.5, 2021.0, 2021.5, 2022.0, 2022.5, 2023.0, 2023.5, 2024.0, 2024.5, 2025.0, 2025.5, 2026.0, 2026.5, 2027.0, 2027.5, 2028.0, 2028.5, 2029.0, 2029.5, 2030.0, 2030.5, 2031.0, 2031.5, 2032.0, 2032.5, 2033.0, 2033.5, 2034.0, 2034.5, 2035.0, 2035.5, 2036.0], "N": [12034069.020003283, 12537239.175581701, 13051756.41491233, 13577483.812712438, 14114273.962021623, 14661981.781591076, 15220419.313500881, 15789383.637131643, 16368665.190244209, 16958047.768979676, 17557308.52785937, 18166217.979784876, 18784539.996038016, 19412031.806280855, 20048443.998555698, 20693520.519285098, 21346998.67327185, 22008609.123698995, 22678075.892129805, 23355116.35850781, 24039441.26115678, 24730754.69678072, 25428754.12046389, 26133130.34567078, 26843567.54424613, 27559743.246414933, 28281328.340782408, 29007987.07433403, 29739377.052435502, 30475149.238832787, 31214947.95565209, 31958498.75789566, 32705557.91683632, 33455785.66609306, 34208847.48891119, 34964414.39776681, 35722162.93436682, 36481775.1696489, 37242938.703781486, 38005346.66616384, 38768697.71542598, 39532696.03942874, 40297051.35526368, 41061478.90925322, 41825699.476950504, 42589439.363139495, 43352430.40183492, 44114409.9562823, 44875120.918957956, 45634311.71156896, 46391736.28505319, 47147154.119579315, 47900330.224546775, 48651035.1385858, 49399044.92955739, 50144141.19455336, 50886111.0598963, 51624747.18113954, 52359847.74306728, 53091216.459694415, 53818662.574266694, 54542000.85926062, 55261051.61638348, 55975640.676573336, 56685599.39999906, 57390764.676060304, 58090978.9233875, 58786090.08984184, 59475951.65251533, 60160422.61773076, 60839366.90905416, 61512567.1792996, 62179874.37764877, 62841221.31834711, 63496543.51169632, 64145779.16405433, 64788869.17783537, 65425757.151509956, 66056389.379604846, 66680714.852703065, 67298685.25744392, 67910254.976523, 68515381.08869211, 69114023.36875938, 69706144.2875892, 70291709.01210219, 70870685.40527527, 71443044.02614164, 72008758.12979072, 72567803.66736828, 73120159.28607626, 73665806.32917294, 74204728.83597285, 74736913.54184677, 75262349.87822177, 75781029.9725812, 76292948.64846464, 76798103.42546795, 77296494.51924331, 77788124.84149909, 78273000.0, 78751128.29856694, 79222520.73707716, 79687191.01146412, 80145155.51371759, 80596433.33188358, 81041046.25006437, 81479018.74841852, 81910378.00316086, 82335153.8865625, 82753378.96695079, 83165088.50870934, 83570320.47227807, 83969115.51415317, 84361516.98688704, 84747570.93908839, 85127326.11542223, 85500833.95660977, 85868148.59942852, 86229326.87671229, 86584428.3173511, 86933515.1462913, 87276652.28453544, 87613907.3491424, 87945350.65322728, 88271055.20596153, 88591096.71257275, 88905553.57434492, 89214506.88861817, 89518040.44878905, 89816240.74431023, 90109196.96069075, 90397000.97949588], "RateAgeing": [0.0, 0.0, 0.0, 0.0, 0.0, 0.0, 0.0, 0.0, 0.0, 0.0, 0.0, 0.0, 0.0, 0.0, 0.0, 0.0, 0.0, 0.0, 0.0, 0.0, 0.0, 0.0, 0.0, 0.0, 0.0, 0.0, 0.0, 0.0, 0.0, 0.0, 0.0, 0.0, 0.0, 0.0, 0.0, 0.0, 0.0, 0.0, 0.0, 0.0, 0.0, 0.0, 0.0, 0.0, 0.0, 0.0, 0.0, 0.0, 0.0, 0.0, 0.0, 0.0, 0.0, 0.0, 0.0, 0.0, 0.0, 0.0, 0.0, 0.0, 0.0, 0.0, 0.0, 0.0, 0.0, 0.0, 0.0, 0.0, 0.0, 0.0, 0.0, 0.0, 0.0, 0.0, 0.0, 0.0, 0.0, 0.0, 0.0, 0.0, 0.0, 0.0, 0.0, 0.0, 0.0, 0.0, 0.0, 0.0, 0.0, 0.0, 0.0, 0.0, 0.0, 0.0, 0.0, 0.0, 0.0, 0.0, 0.0, 0.0, 0.0, 0.0, 0.0, 0.0, 0.0, 0.0, 0.0, 0.0, 0.0, 0.0, 0.0, 0.0, 0.0, 0.0, 0.0, 0.0, 0.0, 0.0, 0.0, 0.0, 0.0, 0.0, 0.0, 0.0, 0.0, 0.0, 0.0, 0.0, 0.0, 0.0, 0.0, 0.0, 0.0], "RateMig": [0.0, 0.0, 0.0, 0.0, 0.0, 0.0, 0.0, 0.0, 0.0, 0.0, 0.0, 0.0, 0.0, 0.0, 0.0, 0.0, 0.0, 0.0, 0.0, 0.0, 0.0, 0.0, 0.0, 0.0, 0.0, 0.0, 0.0, 0.0, 0.0, 0.0, 0.0, 0.0, 0.0, 0.0, 0.0, 0.0, 0.0, 0.0, 0.0, 0.0, 0.0, 0.0, 0.0, 0.0, 0.0, 0.0, 0.0, 0.0, 0.0, 0.0, 0.0, 0.0, 0.0, 0.0, 0.0, 0.0, 0.0, 0.0, 0.0, 0.0, 0.0, 0.0, 0.0, 0.0, 0.0, 0.0, 0.0, 0.0, 0.0, 0.0, 0.0, 0.0, 0.0, 0.0, 0.0, 0.0, 0.0, 0.0, 0.0, 0.0, 0.0, 0.0, 0.0, 0.0, 0.0, 0.0, 0.0, 0.0, 0.0, 0.0, 0.0, 0.0, 0.0, 0.0, 0.0, 0.0, 0.0, 0.0, 0.0, 0.0, 0.0, 0.0, 0.0, 0.0, 0.0, 0.0, 0.0, 0.0, 0.0, 0.0, 0.0, 0.0, 0.0, 0.0, 0.0, 0.0, 0.0, 0.0, 0.0, 0.0, 0.0, 0.0, 0.0, 0.0, 0.0, 0.0, 0.0, 0.0, 0.0, 0.0, 0.0, 0.0, 0.0], "RateDeath": [0.0176105438731805, 0.017428900259679796, 0.01724913020571043, 0.01707121438647892, 0.016895133676516995, 0.01672086914762566, 0.016548402066840464, 0.016377713894417736, 0.016208786281841657, 0.0160416010698518, 0.015876140286491088, 0.015712386145173847, 0.015550321042773787, 0.01538992755773173, 0.015231188448182834, 0.015074086650103135, 0.014918605275475215, 0.014764727610472778, 0.014612437113663975, 0.014461717414233232, 0.01431255231022143, 0.01416492576678425, 0.014018821914468458, 0.013874225047505996, 0.013731119622125641, 0.013589490254882092, 0.013449321721002305, 0.01331059895274886, 0.013173307037800222, 0.013037431217647706, 0.01290295688600898, 0.01276986958725793, 0.012638155014870714, 0.012507799009887858, 0.012378787559392194, 0.012251106795002523, 0.01212474299138279, 0.011999682564766656, 0.01187591207149728, 0.011753418206582145, 0.01163218780226284, 0.011512207826599532, 0.01139346538207008, 0.011275947704183588, 0.01115964216010825, 0.011044536247313365, 0.010930617592225333, 0.010817873948897548, 0.01070629319769398, 0.01059586334398635, 0.01048657251686474, 0.0103784089678615, 0.010271361069688324, 0.010165417314986349, 0.010060566315089134, 0.009956796798798425, 0.009854097611172521, 0.009752457712327151, 0.009651866176248717, 0.009552312189619775, 0.009453785050656634, 0.009356274167958945, 0.009259769059371153, 0.009164259350855694, 0.009069734775377812, 0.008976185171801878, 0.008883600483799109, 0.00879197075876652, 0.008701286146757066, 0.00861153689942078, 0.008522713368956873, 0.008434806007076601, 0.008347805363976866, 0.008261702087324373, 0.008176486921250297, 0.008092150705355284, 0.008008684373724748, 0.0079260789539543, 0.007844325566185242, 0.007763415422150008, 0.007683339824227448, 0.007604090164507854, 0.007525657923867639, 0.00744803467105355, 0.00737121206177633, 0.0072951818378137355, 0.007219935826122793, 0.007145465937961226, 0.007071764168017931, 0.006998822593552429, 0.0069266333735432, 0.006855188747844782, 0.006784481036353587, 0.0067145026381823045, 0.0066452460308428305, 0.006576703769437619, 0.006508868485859373, 0.006441732887998998, 0.006375289758961715, 0.006309531956291269, 0.006244452411202131, 0.006180044127819621, 0.006116300182427876, 0.006053213722725563, 0.005990777967089282, 0.005928986203844553, 0.005867831790544333, 0.005807308153254971, 0.005747408785849527, 0.005688127249308382, 0.005629457171027058, 0.0055713922441311845, 0.005513926226798524, 0.005457052941587992, 0.005400766274775603, 0.005345060175697256, 0.0052899286560983095, 0.0052353657894898585, 0.005181365710511653, 0.005127922614301588, 0.005075030755871694, 0.005022684449490568, 0.0049708780680721805, 0.004919606042570963, 0.004868862861383164, 0.004818643069754361, 0.004768941269193092, 0.004719752116890528, 0.00467107032514614, 0.004622890660799282, 0.004575207944666644, 0.004528017050985501, 0.004481312906862708],