{"Year": [1970.0, 1970.5, 1971.0, 1971.5, 1972.0, 1972.5, 1973.0, 1973.5, 1974.0, 1974.5, 1975.0, 1975.5, 1976.0, 1976.5, 1977.0, 1977.5, 1978.0, 1978.5, 1979.0, 1979.5, 1980.0, 1980.5, 1981.0, 1981.5, 1982.0, 1982.5, 1983.0, 1983.5, 1984.0, 1984.5, 1985.0, 1985.5, 1986.0, 1986.5, 1987.0, 1987.5, 1988.0, 1988.5, 1989.0, 1989.5, 1990.0, 1990.5, 1991.0, 1991.5, 1992.0, 1992.5, 1993.0, 1993.5, 1994.0, 1994.5, 1995.0, 1995.5, 1996.0, 1996.5, 1997.0, 1997.5, 1998.0, 1998.5, 1999.0, 1999.5, 2000.0, 2000.5, 2001.0, 2001.5, 2002.0, 2002.5, 2003.0, 2003.5, 2004.0, 2004.5, 2005.0, 2005.5, 2006.0, 2006.5, 2007.0, 2007.5, 2008.0, 2008.5, 2009.0, 2009.5, 2010.0, 2010.5, 2011.0, 2011.5, 2012.0, 2012.5, 2013.0, 2013.5, 2014.0, 2014.5, 2015.0, 2015.5, 2016.0, 2016.5, 2017.0, 2017.5, 2018.0, 2018.5, 2019.0, 2019.5, 2020.0, 2020.5, 2021.0, 2021.5, 2022.0, 2022.5, 2023.0, 2023.5, 2024.0, 2024.5, 2025.0, 2025.5, 2026.0, 2026.5, 2027.0, 2027.5, 2028.0, 2028.5, 2029.0, 2029.5, 2030.0, 2030.5, 2031.0, 2031.5, 2032.0, 2032.5, 2033.0, 2033.5, 2034.0, 2034.5, 2035.0, 2035.5, 2036.0], "N": [8928162.049746314, 9168305.730270443, 9410520.572995849, 9654705.755462939, 9900759.547746828, 10148592.931648491, 10398106.947718414, 10649189.151105795, 10901728.32907964, 11155614.501028765, 11410738.918461788, 11666994.06500714, 11924273.656413054, 12182472.640547574, 12441487.197398545, 12701214.739073625, 12961553.90980028, 13222404.585925778, 13483667.875917193, 13745246.120361414, 14007042.891965128, 14268962.995554836, 14530912.468076842, 14792798.578597259, 15054529.828302005, 15316015.950496806, 15577167.910607198, 15837897.906178521, 16098119.366875913, 16357746.954484342, 16616696.56290856, 16874885.31817314, 17132231.578422457, 17388654.933920693, 17644076.207051836, 17898417.452319678, 18151601.95634783, 18403554.237879705, 18654200.047778513, 18903466.36902728, 19151280.939613134, 19397541.88519452, 19642177.30001803, 19885141.97498631, 20126391.923857372, 20365884.383244604, 20603577.812616765, 20839431.894297976, 21073407.53346774, 21305466.858160917, 21535573.219267752, 21763691.190533847, 21989786.56856018, 22213826.372803096, 22435778.845574316, 22655613.452040926, 22873300.880225386, 23088813.04100552, 23302123.068114523, 23513205.31814097, 23722035.37052879, 23928590.027577303, 24132847.31444117, 24334786.47913046, 24534387.992510576, 24731633.54830231, 24926506.06308182, 25118989.676280633, 25309069.750185657, 25496732.86993915, 25681966.84353875, 25864760.70183747, 26045104.698543694, 26222990.310221158, 26398410.23628899, 26571358.39902168, 26741829.94354909, 26909821.237856437, 27075329.872784324, 27238354.662028726, 27398895.64214098, 27556954.0725278, 27712532.435451258, 27865634.43602881, 28016265.00223327, 28164430.284892835, 28310137.657691054, 28453395.71716687, 28594214.28271457, 28732604.396583837, 28868578.323879708, 29002149.552562587, 29133332.793448266, 29262143.980207883, 29388600.269367963, 29512720.0403104, 29634522.895272452, 29754029.659346756, 29871262.380481303, 29986244.329479475, 30099000.0, 30209555.108557004, 30317936.594519958, 30424172.620113716, 30528292.5704185, 30630327.0533699, 30730307.899758887, 30828268.163231775, 30924237.33644377, 31018185.085655525, 31110115.751082983, 31200051.594319966, 31288014.906238467, 31374028.006988656, 31458113.245998867, 31540293.00197562, 31620589.6829036, 31699025.72604567, 31775623.597942878, 31850405.794414427, 31923394.840557702, 31994613.290748265, 32064083.728639852, 32131828.767164372, 32197871.0485319, 32262233.244230706, 32324938.05502721, 32386008.21096602, 32445466.47136992, 32503335.624839857, 32559638.48925496, 32614397.911772534, 32667636.76882805], "RateAgeing": [0.0, 0.0, 0.0, 0.0, 0.0, 0.0, 0.0, 0.0, 0.0, 0.0, 0.0, 0.0, 0.0, 0.0, 0.0, 0.0, 0.0, 0.0, 0.0, 0.0, 0.0, 0.0, 0.0, 0.0, 0.0, 0.0, 0.0, 0.0, 0.0, 0.0, 0.0, 0.0, 0.0, 0.0, 0.0, 0.0, 0.0, 0.0, 0.0, 0.0, 0.0, 0.0, 0.0, 0.0, 0.0, 0.0, 0.0, 0.0, 0.0, 0.0, 0.0, 0.0, 0.0, 0.0, 0.0, 0.0, 0.0, 0.0, 0.0, 0.0, 0.0, 0.0, 0.0, 0.0, 0.0, 0.0, 0.0, 0.0, 0.0, 0.0, 0.0, 0.0, 0.0, 0.0, 0.0, 0.0, 0.0, 0.0, 0.0, 0.0, 0.0, 0.0, 0.0, 0.0, 0.0, 0.0, 0.0, 0.0, 0.0, 0.0, 0.0, 0.0, 0.0, 0.0, 0.0, 0.0, 0.0, 0.0, 0.0, 0.0, 0.0, 0.0, 0.0, 0.0, 0.0, 0.0, 0.0, 0.0, 0.0, 0.0, 0.0, 0.0, 0.0, 0.0, 0.0, 0.0, 0.0, 0.0, 0.0, 0.0, 0.0, 0.0, 0.0, 0.0, 0.0, 0.0, 0.0, 0.0, 0.0, 0.0, 0.0, 0.0, 0.0], "RateMig": [0.0, 0.0, 0.0, 0.0, 0.0, 0.0, 0.0, 0.0, 0.0, 0.0, 0.0, 0.0, 0.0, 0.0, 0.0, 0.0, 0.0, 0.0, 0.0, 0.0, 0.0, 0.0, 0.0, 0.0, 0.0, 0.0, 0.0, 0.0, 0.0, 0.0, 0.0, 0.0, 0.0, 0.0, 0.0, 0.0, 0.0, 0.0, 0.0, 0.0, 0.0, 0.0, 0.0, 0.0, 0.0, 0.0, 0.0, 0.0, 0.0, 0.0, 0.0, 0.0, 0.0, 0.0, 0.0, 0.0, 0.0, 0.0, 0.0, 0.0, 0.0, 0.0, 0.0, 0.0, 0.0, 0.0, 0.0, 0.0, 0.0, 0.0, 0.0, 0.0, 0.0, 0.0, 0.0, 0.0, 0.0, 0.0, 0.0, 0.0, 0.0, 0.0, 0.0, 0.0, 0.0, 0.0, 0.0, 0.0, 0.0, 0.0, 0.0, 0.0, 0.0, 0.0, 0.0, 0.0, 0.0, 0.0, 0.0, 0.0, 0.0, 0.0, 0.0, 0.0, 0.0, 0.0, 0.0, 0.0, 0.0, 0.0, 0.0, 0.0, 0.0, 0.0, 0.0, 0.0, 0.0, 0.0, 0.0, 0.0, 0.0, 0.0, 0.0, 0.0, 0.0, 0.0, 0.0, 0.0, 0.0, 0.0, 0.0, 0.0, 0.0], "RateDeath": [0.012237335832104332, 0.012157397424296593, 0.012077981201148204, 0.01199908375157273, 0.011920701686766103, 0.011842831640061073, 0.01176547026678259, 0.011688614244104148, 0.011612260270905077, 0.011536405067628727, 0.011461045376141631, 0.011386177959593543, 0.011311799602278414, 0.011237907109496277, 0.01116449730741602, 0.01109156704293907, 0.011019113183563956, 0.01094713261725176, 0.010875622252292464, 0.010804579017172128, 0.010733999860440992, 0.010663881750582386, 0.010594221675882535, 0.01052501664430119, 0.010456263683343127, 0.010387959839930454, 0.01032010218027579, 0.010252687789756234, 0.010185713772788194, 0.010119177252703003, 0.010053075371623364, 0.0099874052903406, 0.009922164188192703, 0.009857349262943186, 0.009792957730660707, 0.009728986825599513, 0.009665433800080626, 0.009602295924373845, 0.00953957048658048, 0.00947725479251688, 0.009415346165598713, 0.009353841946725998, 0.009292739494168893, 0.009232036183454225, 0.00917172940725277, 0.009111816575267254, 0.0090522951141211, 0.008993162467247897, 0.008934416094781588, 0.008876053473447377, 0.00881807209645335, 0.00876046947338281, 0.008703243130087294, 0.008646390608580317, 0.008589909466931788, 0.008533797279163131, 0.008478051635143077, 0.008422670140484154, 0.008367650416439831, 0.008312990099802355, 0.00825868684280124, 0.008204738313002438, 0.008151142193208134, 0.008097896181357244, 0.008044997990426518, 0.007992445348332315, 0.00794023599783301, 0.007888367696432039, 0.007836838216281592, 0.007785645344086904, 0.007734786881011202, 0.0076842606425812565, 0.007634064458593553, 0.0075841961730210815, 0.007534653643920726, 0.007485434743341266, 0.0074365373572319775, 0.007387959385351829, 0.007339698741179273, 0.007291753351822622, 0.007244121157931018, 0.007196800113605984, 0.00714978818631353, 0.0071030833567968755, 0.007056683618989699, 0.007010586979929987, 0.006964791459674423, 0.006919295091213351, 0.006874095920386282, 0.006829192005797966, 0.006784581418735, 0.0067402622430829924, 0.006696232575244251, 0.006652490524056032, 0.0066090342107093004, 0.006565861768668038, 0.006522971343589071, 0.0064803610932424194, 0.006438029187432171, 0.006395973807917872, 0.0063541931483364275, 0.006312685414124518, 0.006271448822441517, 0.006230481602092912, 0.006189781993454234, 0.006149348248395473, 0.006109178630205995, 0.006069271413519947, 0.006029624884242146, 0.005990237339474458, 0.005951107087442654, 0.005912232447423748, 0.005873611749673801, 0.005835243335356203, 0.0057971255564704316, 0.005759256775781252, 0.005721635366748406, 0.005684259713456749, 0.005647128210546832, 0.005610239263145961, 0.005573591286799689, 0.005537182707403757, 0.005501011961136488, 0.005465077494391617, 0.005429377763711557, 0.005393911235721108, 0.005358676387061596, 0.005323671704325438, 0.00528889568399114, 0.005254346832358719, 0.005220023665485545, 0.0051859247091226, 0.005152048498651159],