{"Year": [1970.0, 1970.5, 1971.0, 1971.5, 1972.0, 1972.5, 1973.0, 1973.5, 1974.0, 1974.5, 1975.0, 1975.5, 1976.0, 1976.5, 1977.0, 1977.5, 1978.0, 1978.5, 1979.0, 1979.5, 1980.0, 1980.5, 1981.0, 1981.5, 1982.0, 1982.5, 1983.0, 1983.5, 1984.0, 1984.5, 1985.0, 1985.5, 1986.0, 1986.5, 1987.0, 1987.5, 1988.0, 1988.5, 1989.0, 1989.5, 1990.0, 1990.5, 1991.0, 1991.5, 1992.0, 1992.5, 1993.0, 1993.5, 1994.0, 1994.5, 1995.0, 1995.5, 1996.0, 1996.5, 1997.0, 1997.5, 1998.0, 1998.5, 1999.0, 1999.5, 2000.0, 2000.5, 2001.0, 2001.5, 2002.0, 2002.5, 2003.0, 2003.5, 2004.0, 2004.5, 2005.0, 2005.5, 2006.0, 2006.5, 2007.0, 2007.5, 2008.0, 2008.5, 2009.0, 2009.5, 2010.0, 2010.5, 2011.0, 2011.5, 2012.0, 2012.5, 2013.0, 2013.5, 2014.0, 2014.5, 2015.0, 2015.5, 2016.0, 2016.5, 2017.0, 2017.5, 2018.0, 2018.5, 2019.0, 2019.5, 2020.0, 2020.5, 2021.0, 2021.5, 2022.0, 2022.5, 2023.0, 2023.5, 2024.0, 2024.5, 2025.0, 2025.5, 2026.0, 2026.5, 2027.0, 2027.5, 2028.0, 2028.5, 2029.0, 2029.5, 2030.0, 2030.5, 2031.0, 2031.5, 2032.0, 2032.5, 2033.0, 2033.5, 2034.0, 2034.5, 2035.0, 2035.5, 2036.0], "N": [1344730.4844328947, 1364698.813085127, 1384732.4093768112, 1404828.141289796, 1424982.8847481054, 1445193.5759410746, 1465457.316659426, 1485770.9430602686, 1506131.2831435674, 1526535.1951612618, 1546979.5676172653, 1567461.319267466, 1587977.3991197255, 1608524.7864338802, 1629100.4907217405, 1649701.5517470909, 1670325.0395256903, 1690968.0543252716, 1711627.7266655422, 1732301.2173181835, 1752985.7173068512, 1773678.4479071752, 1794376.6606467597, 1815077.6373051824, 1835778.6899139967, 1856477.1607567288, 1877170.4223688797, 1897855.8775379246, 1918530.9593033127, 1939193.130956468, 1959839.8860407877, 1980468.748351644, 2001077.2719363833, 2021663.0410943257, 2042223.6703767662, 2062756.8045869735, 2083260.1187801901, 2103731.3182636336, 2124168.1385964965, 2144568.3455899428, 2164929.7353071133, 2185250.134063122, 2205527.3984250566, 2225759.41521198, 2245944.1014949298, 2266079.3907026104, 2286162.193318415, 2306190.105978373, 2326161.5261613284, 2346074.877500829, 2365928.609785124, 2385721.19895717, 2405451.147114623, 2425116.9825098435, 2444717.259549898, 2464250.558796554, 2483715.486966282, 2503110.676930258, 2522434.7877143607, 2541686.5044991714, 2560864.538619976, 2579967.6275667637, 2598994.5349842263, 2617944.05067176, 2636814.990583464, 2655606.1968281413, 2674316.5376692987, 2692944.907525145, 2711490.226968594, 2729951.442727262, 2748327.5276834704, 2766617.480874242, 2784820.327491304, 2802935.1188810864, 2820960.9325447246, 2838896.872138055, 2856742.0674716188, 2874495.674510662, 2892156.8753751307, 2909724.8783396776, 2927198.9178336575, 2944578.254441128, 2961862.1749008517, 2979049.992106294, 2996141.045105623, 3013134.699101712, 3030030.345452136, 3046827.4016691754, 3063525.311419811, 3080123.5445257314, 3096621.5969633246, 3113018.990863684, 3129315.2745126067, 3145510.022350592, 3161602.8349728454, 3177593.3391292715, 3193481.187724482, 3209266.0598177905, 3224947.6606232156, 3240525.7215094776, 3256000.0, 3271370.279772912, 3286636.370661044, 3301798.1086519323, 3316855.355887813, 3331808.0006656297, 3346655.957437027, 3361399.166808354, 3376037.5955406628, 3390571.236549708, 3405000.10890595, 3419324.257834552, 3433543.754715379, 3447658.697083, 3461669.2086266894, 3475575.439190423, 3489377.5647728816, 3503075.787527448, 3516670.335762209, 3530161.4639399555, 3543549.452678181, 3556834.6087490832, 3570017.265079563, 3583097.7807512246, 3596076.5410003755, 3608953.957218027, 3621730.4669498946, 3634406.533896395, 3646982.6479126518, 3659459.32500849, 3671837.107348436, 3684116.563251724, 3696298.2871922893], "RateAgeing": [0.0, 0.0, 0.0, 0.0, 0.0, 0.0, 0.0, 0.0, 0.0, 0.0, 0.0, 0.0, 0.0, 0.0, 0.0, 0.0, 0.0, 0.0, 0.0, 0.0, 0.0, 0.0, 0.0, 0.0, 0.0, 0.0, 0.0, 0.0, 0.0, 0.0, 0.0, 0.0, 0.0, 0.0, 0.0, 0.0, 0.0, 0.0, 0.0, 0.0, 0.0, 0.0, 0.0, 0.0, 0.0, 0.0, 0.0, 0.0, 0.0, 0.0, 0.0, 0.0, 0.0, 0.0, 0.0, 0.0, 0.0, 0.0, 0.0, 0.0, 0.0, 0.0, 0.0, 0.0, 0.0, 0.0, 0.0, 0.0, 0.0, 0.0, 0.0, 0.0, 0.0, 0.0, 0.0, 0.0, 0.0, 0.0, 0.0, 0.0, 0.0, 0.0, 0.0, 0.0, 0.0, 0.0, 0.0, 0.0, 0.0, 0.0, 0.0, 0.0, 0.0, 0.0, 0.0, 0.0, 0.0, 0.0, 0.0, 0.0, 0.0, 0.0, 0.0, 0.0, 0.0, 0.0, 0.0, 0.0, 0.0, 0.0, 0.0, 0.0, 0.0, 0.0, 0.0, 0.0, 0.0, 0.0, 0.0, 0.0, 0.0, 0.0, 0.0, 0.0, 0.0, 0.0, 0.0, 0.0, 0.0, 0.0, 0.0, 0.0, 0.0], "RateMig": [0.0, 0.0, 0.0, 0.0, 0.0, 0.0, 0.0, 0.0, 0.0, 0.0, 0.0, 0.0, 0.0, 0.0, 0.0, 0.0, 0.0, 0.0, 0.0, 0.0, 0.0, 0.0, 0.0, 0.0, 0.0, 0.0, 0.0, 0.0, 0.0, 0.0, 0.0, 0.0, 0.0, 0.0, 0.0, 0.0, 0.0, 0.0, 0.0, 0.0, 0.0, 0.0, 0.0, 0.0, 0.0, 0.0, 0.0, 0.0, 0.0, 0.0, 0.0, 0.0, 0.0, 0.0, 0.0, 0.0, 0.0, 0.0, 0.0, 0.0, 0.0, 0.0, 0.0, 0.0, 0.0, 0.0, 0.0, 0.0, 0.0, 0.0, 0.0, 0.0, 0.0, 0.0, 0.0, 0.0, 0.0, 0.0, 0.0, 0.0, 0.0, 0.0, 0.0, 0.0, 0.0, 0.0, 0.0, 0.0, 0.0, 0.0, 0.0, 0.0, 0.0, 0.0, 0.0, 0.0, 0.0, 0.0, 0.0, 0.0, 0.0, 0.0, 0.0, 0.0, 0.0, 0.0, 0.0, 0.0, 0.0, 0.0, 0.0, 0.0, 0.0, 0.0, 0.0, 0.0, 0.0, 0.0, 0.0, 0.0, 0.0, 0.0, 0.0, 0.0, 0.0, 0.0, 0.0, 0.0, 0.0, 0.0, 0.0, 0.0, 0.0], "RateDeath": [0.019706194861753807, 0.019502718457979542, 0.019301343050728625, 0.01910204694615199, 0.018904808674400517, 0.018709606987312097, 0.018516420856122623, 0.018325229469200587, 0.018136012229805074, 0.01794874875386691, 0.01776341886779272, 0.01758000260629166, 0.017398480210224575, 0.017218832124475406, 0.017041038995844523, 0.016865081670963854, 0.016690941194233505, 0.016518598805779723, 0.016348035939433906, 0.016179234220732523, 0.016012175464937637, 0.015846841675077914, 0.01568321504000982, 0.015521277932498863, 0.015361012907320653, 0.01520240269938153, 0.015045430221858643, 0.014890078564359203, 0.014736330991098761, 0.014584170939098284, 0.014433582016399854, 0.01428454800030079, 0.014137052835605997, 0.013991080632898374, 0.013846615666827062, 0.013703642374413391, 0.013562145353374288, 0.013422109360463029, 0.013283519309827104, 0.013146360271383035, 0.013010617469207992, 0.012876276279948006, 0.01274332223124261, 0.01261174100016576, 0.012481518411682851, 0.012352640437123665, 0.012225093192671076, 0.012098862937865378, 0.011973936074124041, 0.01185029914327676, 0.011727938826115633, 0.011606841940960294, 0.011486995442237876, 0.011368386419077637, 0.011251002093920092, 0.011134829821140495, 0.01101985708568656, 0.010906071501730232, 0.010793460811333378, 0.010682012883127258, 0.010571715711005637, 0.01046255741283138, 0.010354526229156419, 0.010247610521954918, 0.010141798773369523, 0.010037079584470575, 0.009933441674028114, 0.009830873877296566, 0.009729365144811992, 0.009628904541201742, 0.009529481244006403, 0.00943108454251392, 0.009333703836605738, 0.009237328635614878, 0.009141948557195788, 0.009047553326205875, 0.00895413277359857, 0.008861676835327851, 0.008770175551264036, 0.008679619064120818, 0.008589997618393337, 0.008501301559307244, 0.008413521331778608, 0.008326647479384561, 0.008240670643344565, 0.00815558156151222, 0.008071371067377459, 0.007988030089079053, 0.007905549648427317, 0.00782392085993691, 0.0077431349298696, 0.007663183155286949, 0.007584056923112741, 0.0075057477092051236, 0.007428247077438305, 0.007351546678793748, 0.007275638250460748, 0.007200513614946286, 0.007126164679194084, 0.007052583433712756, 0.006979761951712953, 0.006907692388253426, 0.006836366979395901, 0.006765778041368684, 0.006695917969738901, 0.006626779238593284, 0.006558354399727416, 0.0064906360818433465, 0.006423616989755499, 0.006357289903604764, 0.006291647678080724, 0.006226683241651893, 0.006162389595803917, 0.006098759814285634, 0.006035787042362918, 0.005973464496080231, 0.005911785461529799, 0.005850743294128335, 0.005790331417901223, 0.005730543324774105, 0.005671372573871773, 0.005612812790824306, 0.005554857667080367, 0.005497500959227596, 0.005440736488320013, 0.005384558139212373, 0.0053289598599013934, 0.005273935660873777, 0.005219479614460973, 0.005165585854200598, 0.005112248574204454, 0.005059462028533066, 0.005007220530576686],