{"Year": [1970.0, 1970.5, 1971.0, 1971.5, 1972.0, 1972.5, 1973.0, 1973.5, 1974.0, 1974.5, 1975.0, 1975.5, 1976.0, 1976.5, 1977.0, 1977.5, 1978.0, 1978.5, 1979.0, 1979.5, 1980.0, 1980.5, 1981.0, 1981.5, 1982.0, 1982.5, 1983.0, 1983.5, 1984.0, 1984.5, 1985.0, 1985.5, 1986.0, 1986.5, 1987.0, 1987.5, 1988.0, 1988.5, 1989.0, 1989.5, 1990.0, 1990.5, 1991.0, 1991.5, 1992.0, 1992.5, 1993.0, 1993.5, 1994.0, 1994.5, 1995.0, 1995.5, 1996.0, 1996.5, 1997.0, 1997.5, 1998.0, 1998.5, 1999.0, 1999.5, 2000.0, 2000.5, 2001.0, 2001.5, 2002.0, 2002.5, 2003.0, 2003.5, 2004.0, 2004.5, 2005.0, 2005.5, 2006.0, 2006.5, 2007.0, 2007.5, 2008.0, 2008.5, 2009.0, 2009.5, 2010.0, 2010.5, 2011.0, 2011.5, 2012.0, 2012.5, 2013.0, 2013.5, 2014.0, 2014.5, 2015.0, 2015.5, 2016.0, 2016.5, 2017.0, 2017.5, 2018.0, 2018.5, 2019.0, 2019.5, 2020.0, 2020.5, 2021.0, 2021.5, 2022.0, 2022.5, 2023.0, 2023.5, 2024.0, 2024.5, 2025.0, 2025.5, 2026.0, 2026.5, 2027.0, 2027.5, 2028.0, 2028.5, 2029.0, 2029.5, 2030.0, 2030.5, 2031.0, 2031.5, 2032.0, 2032.5, 2033.0, 2033.5, 2034.0, 2034.5, 2035.0, 2035.5, 2036.0], "N": [502378.151106478, 509638.4535620131, 516923.34076817794, 524231.73603264155, 531562.5636223741, 538914.7680982278, 546287.3621439306, 553679.2502114157, 561089.3286115626, 568516.5026788359, 575959.6867712853, 583417.8042705448, 590889.7875818342, 598374.5781339579, 605871.126379305, 613378.3917938499, 620895.3428771517, 628420.9571523546, 635954.2211661878, 643494.1304889652, 651039.6897145859, 658589.9124605339, 666143.8213678781, 673700.4481012723, 681258.8333489553, 688818.0268227508, 696377.0872580677, 703935.0824138994, 711491.0890728247, 719044.1930410072, 726593.4891481951, 734138.0812477223, 741677.0822165067, 749209.613955052, 756734.8073874464, 764251.8024613631, 771759.7481480604, 779257.8024423814, 786745.1323627543, 794220.9139511918, 801684.3322732922, 809134.5814182387, 816570.8644987984, 823992.3936513249, 831398.3900357557, 838788.0838356136, 846160.532954042, 853514.7650269764, 860850.1467461677, 868166.0583431693, 875461.8897207383, 882737.040452835, 889990.9197846245, 897222.9466324748, 904432.549583958, 911619.1668978502, 918782.2465041311, 925921.2460039839, 933035.6326697962, 940124.8834451588, 947188.4849448667, 954225.9334549184, 961236.7349325162, 968220.4050060667, 975176.4689751795, 982104.4618106683, 989003.928154551, 995874.4223200486, 1002715.5082915862, 1009526.7597247929, 1016307.7599465012, 1023058.101954748, 1029777.388418773, 1036465.2316790203, 1043121.2537471381, 1049745.0863059775, 1056336.3707095943, 1062894.7579832475, 1069419.9088234003, 1075911.493597719, 1082369.1923450741, 1088792.6947755404, 1095181.7002703957, 1101535.917882122, 1107855.0663344047, 1114138.8740221339, 1120387.0790114016, 1126599.4290395062, 1132775.681514948, 1138915.6035174313, 1145018.9717978647, 1151085.57277836, 1157115.2025522338, 1163107.6668840053, 1169062.7812093985, 1174980.37063534, 1180860.2699399618, 1186702.323572598, 1192506.3856537873, 1198272.3199752725, 1204000.0, 1209689.3088621187, 1215340.139366984, 1220952.393991152, 1226525.9848823852, 1232060.833859648, 1237556.8724131098, 1243014.041704143, 1248432.292565324, 1253811.5855004333, 1259151.8906844552, 1264453.187963577, 1269715.4668551907, 1274938.7265478917, 1280122.9759014794, 1285268.2334469564, 1290374.5273865298, 1295441.89559361, 1300470.385612811, 1305460.0546599515, 1310410.9696220532, 1315323.2070573417, 1320196.8531952468, 1325032.0039364016, 1329828.764852643, 1334587.2511870118, 1339307.5878537532, 1343989.9094383148, 1348634.3601973495, 1353241.0940587127, 1357810.2746214645, 1362342.0751558687, 1366836.6786033919], "RateAgeing": [0.0, 0.0, 0.0, 0.0, 0.0, 0.0, 0.0, 0.0, 0.0, 0.0, 0.0, 0.0, 0.0, 0.0, 0.0, 0.0, 0.0, 0.0, 0.0, 0.0, 0.0, 0.0, 0.0, 0.0, 0.0, 0.0, 0.0, 0.0, 0.0, 0.0, 0.0, 0.0, 0.0, 0.0, 0.0, 0.0, 0.0, 0.0, 0.0, 0.0, 0.0, 0.0, 0.0, 0.0, 0.0, 0.0, 0.0, 0.0, 0.0, 0.0, 0.0, 0.0, 0.0, 0.0, 0.0, 0.0, 0.0, 0.0, 0.0, 0.0, 0.0, 0.0, 0.0, 0.0, 0.0, 0.0, 0.0, 0.0, 0.0, 0.0, 0.0, 0.0, 0.0, 0.0, 0.0, 0.0, 0.0, 0.0, 0.0, 0.0, 0.0, 0.0, 0.0, 0.0, 0.0, 0.0, 0.0, 0.0, 0.0, 0.0, 0.0, 0.0, 0.0, 0.0, 0.0, 0.0, 0.0, 0.0, 0.0, 0.0, 0.0, 0.0, 0.0, 0.0, 0.0, 0.0, 0.0, 0.0, 0.0, 0.0, 0.0, 0.0, 0.0, 0.0, 0.0, 0.0, 0.0, 0.0, 0.0, 0.0, 0.0, 0.0, 0.0, 0.0, 0.0, 0.0, 0.0, 0.0, 0.0, 0.0, 0.0, 0.0, 0.0], "RateMig": [0.0, 0.0, 0.0, 0.0, 0.0, 0.0, 0.0, 0.0, 0.0, 0.0, 0.0, 0.0, 0.0, 0.0, 0.0, 0.0, 0.0, 0.0, 0.0, 0.0, 0.0, 0.0, 0.0, 0.0, 0.0, 0.0, 0.0, 0.0, 0.0, 0.0, 0.0, 0.0, 0.0, 0.0, 0.0, 0.0, 0.0, 0.0, 0.0, 0.0, 0.0, 0.0, 0.0, 0.0, 0.0, 0.0, 0.0, 0.0, 0.0, 0.0, 0.0, 0.0, 0.0, 0.0, 0.0, 0.0, 0.0, 0.0, 0.0, 0.0, 0.0, 0.0, 0.0, 0.0, 0.0, 0.0, 0.0, 0.0, 0.0, 0.0, 0.0, 0.0, 0.0, 0.0, 0.0, 0.0, 0.0, 0.0, 0.0, 0.0, 0.0, 0.0, 0.0, 0.0, 0.0, 0.0, 0.0, 0.0, 0.0, 0.0, 0.0, 0.0, 0.0, 0.0, 0.0, 0.0, 0.0, 0.0, 0.0, 0.0, 0.0, 0.0, 0.0, 0.0, 0.0, 0.0, 0.0, 0.0, 0.0, 0.0, 0.0, 0.0, 0.0, 0.0, 0.0, 0.0, 0.0, 0.0, 0.0, 0.0, 0.0, 0.0, 0.0, 0.0, 0.0, 0.0, 0.0, 0.0, 0.0, 0.0, 0.0, 0.0, 0.0], "RateDeath": [0.008589374558076792, 0.008532238316025925, 0.008475482142411199, 0.008419103509029652, 0.008363099904495854, 0.008307468834130024, 0.008252207819846912, 0.008197314400045414, 0.008142786129498912, 0.008088620579246364, 0.00803481533648409, 0.007981368004458304, 0.007928276202358352, 0.007875537565210656, 0.007823149743773362, 0.007771110404431701, 0.007719417229094028, 0.007668067915088574, 0.007617060175060868, 0.007566391736871844, 0.007516060343496636, 0.007466063752924028, 0.007416399738056597, 0.007367066086611496, 0.007318060601021914, 0.007269381098339182, 0.0072210254101355365, 0.007172991382407522, 0.00712527687548005, 0.007077879763911078, 0.007030797936396934, 0.006984029295678273, 0.00693757175844665, 0.00689142325525172, 0.006845581730409055, 0.006800045141908576, 0.006754811461323584, 0.006709878673720413, 0.006665244777568669, 0.006620907784652075, 0.006576865719979901, 0.0065331166216989955, 0.006489658541006389, 0.006446489542062486, 0.006403607701904832, 0.006361011110362463, 0.006318697869970803, 0.006276666095887152, 0.006234913915806724, 0.0061934394698792425, 0.006152240910626095, 0.006111316402858037, 0.006070664123593444, 0.006030282261977109, 0.005990169019199567, 0.005950322608416986, 0.005910741254671555, 0.005871423194812425, 0.005832366677417172, 0.005793569962713777, 0.005755031322503126, 0.0057167490400820324, 0.005678721410166762, 0.005640946738817074, 0.005603423343360763, 0.005566149552318705, 0.005529123705330399, 0.005492344153080012, 0.005455809257222902, 0.005419517390312649, 0.005383466935728548, 0.005347656287603606, 0.005312083850753004, 0.005276748040603042, 0.0052416472831205525, 0.005206780014742784, 0.005172144682307756, 0.005137739742985073, 0.005103563664207194, 0.005069614923601169, 0.0050358920089208226, 0.005002393417979395, 0.004969117658582622, 0.004936063248462268, 0.004903228715210098, 0.004870612596212287, 0.004838213438584273, 0.004806029799106035, 0.004774060244157801, 0.004742303349656196, 0.0047107577009908, 0.004679421892961134, 0.004648294529714069, 0.004617374224681648, 0.004586659600519315, 0.004556149289044567, 0.004525841931176008, 0.0044957361768728065, 0.004465830685074559, 0.004436124123641554, 0.0044066151692954275, 0.0043773025075602235, 0.0043481848327038344, 0.004319260847679842, 0.004290529264069741, 0.00426198880202554, 0.00423363819021276, 0.004205476165753793, 0.004177501474171656, 0.004149712869334104, 0.004122109113398125, 0.004094688976754796, 0.0040674512379745165, 0.004040394683752595, 0.004013518108855201, 0.003986820316065684, 0.003960300116131238, 0.003933956327709929, 0.003907787777318072, 0.0038817932992779567, 0.003855971735665922, 0.0038303219362607792, 0.003804842758492574, 0.0037795330673916906, 0.0037543917355382928, 0.003729417643012106, 0.003704609677342529, 0.003679966733459079, 0.003655487713642166, 0.0036311715274741953, 0.0036070170917909955, 0.003583023330633568, 0.0035591891752001586],