{"Year": [1970.0, 1970.5, 1971.0, 1971.5, 1972.0, 1972.5, 1973.0, 1973.5, 1974.0, 1974.5, 1975.0, 1975.5, 1976.0, 1976.5, 1977.0, 1977.5, 1978.0, 1978.5, 1979.0, 1979.5, 1980.0, 1980.5, 1981.0, 1981.5, 1982.0, 1982.5, 1983.0, 1983.5, 1984.0, 1984.5, 1985.0, 1985.5, 1986.0, 1986.5, 1987.0, 1987.5, 1988.0, 1988.5, 1989.0, 1989.5, 1990.0, 1990.5, 1991.0, 1991.5, 1992.0, 1992.5, 1993.0, 1993.5, 1994.0, 1994.5, 1995.0, 1995.5, 1996.0, 1996.5, 1997.0, 1997.5, 1998.0, 1998.5, 1999.0, 1999.5, 2000.0, 2000.5, 2001.0, 2001.5, 2002.0, 2002.5, 2003.0, 2003.5, 2004.0, 2004.5, 2005.0, 2005.5, 2006.0, 2006.5, 2007.0, 2007.5, 2008.0, 2008.5, 2009.0, 2009.5, 2010.0, 2010.5, 2011.0, 2011.5, 2012.0, 2012.5, 2013.0, 2013.5, 2014.0, 2014.5, 2015.0, 2015.5, 2016.0, 2016.5, 2017.0, 2017.5, 2018.0, 2018.5, 2019.0, 2019.5, 2020.0, 2020.5, 2021.0, 2021.5, 2022.0, 2022.5, 2023.0, 2023.5, 2024.0, 2024.5, 2025.0, 2025.5, 2026.0, 2026.5, 2027.0, 2027.5, 2028.0, 2028.5, 2029.0, 2029.5, 2030.0, 2030.5, 2031.0, 2031.5, 2032.0, 2032.5, 2033.0, 2033.5, 2034.0, 2034.5, 2035.0, 2035.5, 2036.0], "N": [265844.50662573654, 273717.6406976039, 281704.68462909607, 289803.7505025968, 298012.8751709514, 306330.37373934046, 314754.15752950235, 323281.8000524223, 331910.8459868377, 340638.8111792381, 349463.1826438654, 358381.41856271354, 367390.9482855287, 376489.17232980934, 385673.46238080587, 394941.1612915212, 404289.58308271033, 413716.0129428803, 423217.7072282905, 432791.8934629526, 442435.7703386302, 452146.50771483924, 461921.24661884794, 471757.0992456767, 481651.14895809797, 491600.4502866364, 501602.02892956906, 511652.88175292494, 521749.9767904854, 531890.253243784, 542070.6214821063, 552287.9630424903, 562539.1306297261, 572820.9481163563, 583130.2105426746, 593463.6841167283, 603818.1062143162, 614190.1853789891, 624576.6013220506, 634974.0049225559, 645379.7812783836, 655791.9350321749, 666207.3629105027, 676622.9894959948, 687035.7851780746, 697442.7661529615, 707840.9944236708, 718227.5778000134, 728599.669898596, 738954.4701428212, 749289.2237628873, 759601.2217957885, 769887.801085315, 780146.3442820521, 790374.2798433817, 800569.0820334813, 810728.2709233238, 820849.4123906783, 830930.1181201098, 840968.0456029784, 850960.8981374408, 860906.4248284491, 870802.4205877514, 880646.7261338915, 890437.2279922088, 900171.8584948387, 909848.5957807127, 919465.4637955573, 929020.5322918957, 938511.9168290466, 947937.7787731239, 957296.3252970382, 966585.8093804955, 975804.5298099974, 984950.8311788416, 994023.1038871218, 1003019.7841417267, 1011939.3539563415, 1020780.3411514472, 1029541.3193543203, 1038220.9079990331, 1046817.7723264539, 1055330.6233842468, 1063758.2180268718, 1072099.3589155842, 1080352.8945184355, 1088517.7191102728, 1096592.7727727396, 1104577.0413942742, 1112469.5566701116, 1120269.3961022818, 1127975.6829996116, 1135587.5864777227, 1143104.321459033, 1150525.148672756, 1157849.3746549017, 1165076.3163984406, 1172205.328482747, 1179235.916715261, 1186167.618809436, 1193000.0, 1199732.6530429584, 1206365.1982155917, 1212897.2833164572, 1219328.5836653877, 1225658.802103493, 1231887.668993157, 1238014.9422180422, 1244040.407183085, 1249963.8768144993, 1255785.1915597746, 1261504.219387676, 1267120.8557882456, 1272635.0237728006, 1278046.673873935, 1283355.784145518, 1288562.3601626966, 1293666.4350218917, 1298668.0693408016, 1303567.3512584006, 1308364.3964349383, 1313059.3480519417, 1317652.3768122122, 1322143.6809398287, 1326533.486180145, 1330822.0457997923, 1335009.6405866768, 1339096.578849981, 1343083.1964201634, 1346969.8566489592, 1350756.9504093789, 1354444.8960957094, 1358034.1396235134], "RateAgeing": [0.0, 0.0, 0.0, 0.0, 0.0, 0.0, 0.0, 0.0, 0.0, 0.0, 0.0, 0.0, 0.0, 0.0, 0.0, 0.0, 0.0, 0.0, 0.0, 0.0, 0.0, 0.0, 0.0, 0.0, 0.0, 0.0, 0.0, 0.0, 0.0, 0.0, 0.0, 0.0, 0.0, 0.0, 0.0, 0.0, 0.0, 0.0, 0.0, 0.0, 0.0, 0.0, 0.0, 0.0, 0.0, 0.0, 0.0, 0.0, 0.0, 0.0, 0.0, 0.0, 0.0, 0.0, 0.0, 0.0, 0.0, 0.0, 0.0, 0.0, 0.0, 0.0, 0.0, 0.0, 0.0, 0.0, 0.0, 0.0, 0.0, 0.0, 0.0, 0.0, 0.0, 0.0, 0.0, 0.0, 0.0, 0.0, 0.0, 0.0, 0.0, 0.0, 0.0, 0.0, 0.0, 0.0, 0.0, 0.0, 0.0, 0.0, 0.0, 0.0, 0.0, 0.0, 0.0, 0.0, 0.0, 0.0, 0.0, 0.0, 0.0, 0.0, 0.0, 0.0, 0.0, 0.0, 0.0, 0.0, 0.0, 0.0, 0.0, 0.0, 0.0, 0.0, 0.0, 0.0, 0.0, 0.0, 0.0, 0.0, 0.0, 0.0, 0.0, 0.0, 0.0, 0.0, 0.0, 0.0, 0.0, 0.0, 0.0, 0.0, 0.0], "RateMig": [0.0, 0.0, 0.0, 0.0, 0.0, 0.0, 0.0, 0.0, 0.0, 0.0, 0.0, 0.0, 0.0, 0.0, 0.0, 0.0, 0.0, 0.0, 0.0, 0.0, 0.0, 0.0, 0.0, 0.0, 0.0, 0.0, 0.0, 0.0, 0.0, 0.0, 0.0, 0.0, 0.0, 0.0, 0.0, 0.0, 0.0, 0.0, 0.0, 0.0, 0.0, 0.0, 0.0, 0.0, 0.0, 0.0, 0.0, 0.0, 0.0, 0.0, 0.0, 0.0, 0.0, 0.0, 0.0, 0.0, 0.0, 0.0, 0.0, 0.0, 0.0, 0.0, 0.0, 0.0, 0.0, 0.0, 0.0, 0.0, 0.0, 0.0, 0.0, 0.0, 0.0, 0.0, 0.0, 0.0, 0.0, 0.0, 0.0, 0.0, 0.0, 0.0, 0.0, 0.0, 0.0, 0.0, 0.0, 0.0, 0.0, 0.0, 0.0, 0.0, 0.0, 0.0, 0.0, 0.0, 0.0, 0.0, 0.0, 0.0, 0.0, 0.0, 0.0, 0.0, 0.0, 0.0, 0.0, 0.0, 0.0, 0.0, 0.0, 0.0, 0.0, 0.0, 0.0, 0.0, 0.0, 0.0, 0.0, 0.0, 0.0, 0.0, 0.0, 0.0, 0.0, 0.0, 0.0, 0.0, 0.0, 0.0, 0.0, 0.0, 0.0], "RateDeath": [0.002636991390307946, 0.0026488101621977025, 0.002660681904821264, 0.0026726068555889696, 0.0026845852529752104, 0.0026966173365232013, 0.0027087033468497683, 0.002720843525650162, 0.00273303811570289, 0.002745287360874574, 0.0027575915061248246, 0.0027699507975111393, 0.002782365482193826, 0.002794835808440944, 0.002807362025633268, 0.0028199443842692774, 0.002832583135970164, 0.0028452785334848645, 0.002858030830695115, 0.002870840282620527, 0.002883707145423691, 0.002896631676415293, 0.002909614134059266, 0.0029226547779779566, 0.0029357538689573142, 0.0029489116689521123, 0.002962128441091181, 0.0029754044496826722, 0.0029887399602193444, 0.0030021352393838725, 0.00301559055505418, 0.0030291061763087976, 0.0030426823734322414, 0.003056319417920422, 0.0030700175824860698, 0.003083777141064191, 0.0030975983688175464, 0.003111481542142151, 0.0031254269386728054, 0.003139434837288644, 0.0031535055181187155, 0.0031676392625475816, 0.0031818363532209472, 0.00319609707405131, 0.003210421710223641, 0.0032248105482010846, 0.0032392638757306894, 0.003253781981849162, 0.0032683651568886467, 0.0032830136924825314, 0.003297727881571282, 0.003312508018408296, 0.0033273543985657926, 0.003342267318940718, 0.0033572470777606875, 0.0033722939745899454, 0.0033874083103353583, 0.003402590387252433, 0.003417840508951358, 0.0034331589804030786, 0.0034485461079453925, 0.0034640021992890786, 0.003479527563524049, 0.0034951225111255306, 0.0035107873539602743, 0.0035265224052927896, 0.0035423279797916142, 0.0035582043935356005, 0.003574151964020241, 0.003590171010164016, 0.0036062618523147703, 0.003622424812256123, 0.0036386602132138977, 0.003654968379862589, 0.0036713496383318574, 0.003687804316213045, 0.003704332742565735, 0.0037209352479243233, 0.0037376121643046363, 0.0037543638252105663, 0.0037711905656407406, 0.0037880927220952233, 0.003805070632582243, 0.0038221246366249525, 0.003839255075268217, 0.003856462291085439, 0.0038737466281854034, 0.0038911084322191623, 0.003908548050386947, 0.00392606583144511, 0.0039436621257131, 0.00396133728508047, 0.00397909166301391, 0.003996925614564317, 0.004014839496373898, 0.0040328336666833, 0.004050908485338772, 0.004069064313799367, 0.004087301515144165, 0.0041056204540795335, 0.004124021496946426, 0.004142505011727705, 0.004161071368055499, 0.004179720937218598, 0.004198454092169877, 0.0042172712075337505, 0.004236172659613675, 0.004255158826399662, 0.004274230087575842, 0.004293386824528059, 0.004312629420351498, 0.00433195825985834, 0.004351373729585464, 0.004370876217802176, 0.004390466114517967, 0.004410143811490324, 0.004429909702232553, 0.004449764182021654, 0.0044697076479062285, 0.004489740498714412, 0.004509863135061855, 0.004530075959359736, 0.004550379375822802, 0.00457077379047746, 0.004591259611169889, 0.004611837247574205, 0.004632507111200645, 0.004653269615403801, 0.0046741251753908844, 0.0046950742082300335, 0.004716117132858646, 0.0047372543700917626, 0.004758486342630486],